transactionId,userId,cardNumber,amount,location,date,time,cardType,merchant,payment_status,is_fraud
TX7992139,U3441,3253774273145959,195.24,Delhi,2022-04-15,20:40:33,Diners Club,Walmart,Success,no
TX5334737,U5463,5632781294574023,1621.48,Goa,2024-11-25,16:22:19,Diners Club,Shell,Success,yes
TX5718990,U6872,8704379388314391,1275.73,Kochi,2019-05-27,06:22:14,MasterCard,Shell,Success,no
TX9302802,U2451,7137515036717666,1946.33,Mandya,2021-06-24,05:48:05,RuPay,McDonald's,Success,no
TX7959270,U6096,4178063007229355,284.85,Mysore,2021-08-07,21:24:36,Visa,ExxonMobil,Success,no
TX3370100,U9655,0701672079088752,1023.92,Kolkata,2019-12-19,02:54:35,Diners Club,Flipkart,Failed,no
TX5420092,U6031,4757544653823622,638.89,Mysore,2021-10-10,10:48:59,RuPay,Flipkart,Success,no
TX6157428,U418,9915102746098582,1900.65,Leh,2018-12-31,12:53:04,Diners Club,ExxonMobil,Success,no
TX4780313,U5145,8409242534914711,1413.51,Mandya,2022-03-20,16:54:56,Diners Club,Walmart,Success,yes
TX5966280,U8389,5964006201657087,733.82,Delhi,2023-12-06,19:24:50,RuPay,Shell,Success,no
TX6759812,U3634,2934281305699645,509.72,Udaipur,2019-08-07,05:31:49,MasterCard,Amazon,Success,no
TX9161446,U1415,2111688283158363,487.88,Mandya,2021-08-04,01:53:23,Visa,Flipkart,Success,no
TX3919572,U5860,5633687323507032,1560.02,Varanasi,2018-05-25,00:17:31,Visa,Flipkart,Success,no
TX9053925,U1778,9581399271921843,792.39,Delhi,2018-05-25,11:01:12,Visa,Flipkart,Success,no
TX8667971,U9001,4989711432016717,1896.45,Delhi,2021-09-05,20:21:29,Visa,Walmart,Success,no
TX1901875,U925,7423147901390830,1943.96,Kolkata,2021-01-15,20:41:56,Diners Club,ExxonMobil,Success,yes
TX1591337,U7278,1117673777170353,674.89,Leh,2023-02-14,09:45:28,MasterCard,Target,Success,no
TX3694328,U9017,3145446528454704,250.69,Goa,2020-08-22,13:11:19,MasterCard,ExxonMobil,Success,no
TX9340247,U2979,2404235855608766,1739.57,Leh,2021-01-12,07:45:42,American Express,Apple Store,Failed,no
TX6044401,U9698,6895965449220704,1498.59,Delhi,2023-06-29,21:15:10,MasterCard,Apple Store,Success,no
TX9301169,U278,9414514307819468,1779.13,Jaipur,2022-02-10,10:47:19,American Express,Apple Store,Failed,no
TX7597070,U3184,0887546342399197,464.83,Mandya,2020-03-03,14:45:18,RuPay,Walmart,Success,yes
TX2808652,U3078,7812300904818328,1504.98,Kochi,2023-12-08,18:07:04,Diners Club,McDonald's,Success,no
TX2457878,U2039,5331868467317887,777.02,Varanasi,2022-09-20,22:28:49,Diners Club,Best Buy,Success,no
TX1106717,U6428,7262695024156381,349.4,Shillong,2020-04-11,04:38:29,RuPay,Amazon,Success,no
TX9143614,U3247,3091610001001839,1584.31,Kolkata,2023-07-25,14:05:59,Diners Club,McDonald's,Success,no
TX3712952,U8083,5259205140267468,1237.96,Shillong,2018-08-27,06:04:37,Visa,Target,Success,no
TX1597832,U2259,0184593132645823,1867.5,Goa,2024-09-09,11:05:11,American Express,Target,Failed,no
TX6351158,U3276,3441999016575931,822.02,Mandya,2023-06-16,11:37:41,MasterCard,Walmart,Success,no
TX2621842,U9479,3052880694007921,1235.09,Udaipur,2023-01-14,17:20:35,Visa,Starbucks,Success,no
TX5290081,U3565,0472585670038417,782.35,Hyderabad,2019-01-16,18:59:32,American Express,Walmart,Success,no
TX7386996,U9908,4480417386045726,608.82,Jaipur,2020-06-17,20:43:33,Visa,Starbucks,Failed,no
TX6951408,U5677,3468462226508912,1150.2,Kolkata,2020-06-03,00:31:13,MasterCard,Target,Success,no
TX7538166,U5904,4505054662343754,1750.35,Goa,2022-08-21,18:37:44,Visa,Target,Success,yes
TX8142709,U6832,4353332000956261,1165.25,Leh,2019-01-16,18:28:21,Visa,McDonald's,Success,yes
TX4594965,U5409,5134931259501545,422.9,Bangalore,2023-02-19,12:10:40,RuPay,Walmart,Success,no
TX3572654,U5711,9791332835456660,485.75,Delhi,2020-03-24,17:48:49,American Express,Target,Success,yes
TX2745702,U6873,9411422178965598,1587.06,Delhi,2023-06-18,18:36:34,Diners Club,Best Buy,Success,no
TX3589015,U7260,5886629768488670,223.3,Jaipur,2018-12-13,13:37:01,MasterCard,Target,Success,no
TX3237017,U2715,1448326544961855,1360.26,Udaipur,2023-11-22,07:55:55,RuPay,Starbucks,Success,no
TX3294728,U594,6868641382162442,1358.07,Jaipur,2018-06-05,21:44:28,RuPay,Shell,Success,no
TX8576278,U3041,2691087530337379,143.47,Delhi,2021-06-13,13:19:05,Diners Club,Amazon,Success,no
TX3963581,U8570,7796475748471791,1125.45,Jaipur,2019-06-24,21:07:45,RuPay,Amazon,Failed,no
TX3057956,U619,3945983444748988,759.98,Darjeeling,2019-10-02,13:53:12,RuPay,Target,Success,no
TX8238943,U4304,8467957507801335,1675.42,Delhi,2022-11-07,10:44:42,Diners Club,Amazon,Success,no
TX7322400,U2425,5733824653692721,549.6,Chennai,2024-02-13,22:34:59,Visa,Flipkart,Success,yes
TX2549956,U4673,2134088758281518,1382.81,Leh,2020-04-30,12:49:18,Diners Club,Starbucks,Success,no
TX6112566,U6151,5514589087061650,995.1,Jaipur,2020-02-26,05:14:42,MasterCard,Shell,Success,yes
TX8825702,U9870,5494654133646920,603.9,Goa,2022-04-18,19:23:09,American Express,Best Buy,Success,yes
TX2355437,U5503,8682179876456119,1770.51,Kochi,2020-05-26,00:09:13,MasterCard,Best Buy,Success,no
TX6012993,U848,1343662550663224,744.88,Leh,2022-06-04,22:11:39,Diners Club,Best Buy,Success,no
TX6206575,U4633,8463188930664551,1523,Udaipur,2018-11-22,22:54:45,Visa,Target,Success,no
TX6670961,U4528,7617436332031688,456.56,Mandya,2021-04-23,21:12:57,American Express,Starbucks,Success,no
TX3220595,U4111,5457788044726416,21.93,Kochi,2021-01-09,07:14:15,Visa,McDonald's,Success,no
TX9586835,U6074,7742261964245976,1808.92,Jaipur,2024-06-10,23:37:13,Diners Club,Shell,Success,yes
TX6069614,U9494,2891483919719024,229.19,Udaipur,2024-09-25,05:53:44,Visa,Shell,Success,yes
TX2222827,U5376,4394269456667813,33.4,Delhi,2023-09-22,14:08:30,Diners Club,Target,Success,no
TX8500012,U7888,8554275696771865,476.83,Mumbai,2021-11-29,22:36:05,RuPay,Apple Store,Failed,no
TX2585252,U7293,2068427960625913,867.79,Mandya,2022-07-01,06:46:49,MasterCard,ExxonMobil,Success,no
TX4921947,U2012,0209476271810248,1493.45,Darjeeling,2023-02-13,16:46:29,American Express,McDonald's,Success,no
TX8454860,U6680,3903141592717168,1509.64,Udaipur,2022-12-29,08:00:38,American Express,Amazon,Success,no
TX2884765,U7946,0091935862914778,1033.8,Mandya,2019-01-23,03:48:41,Visa,Walmart,Failed,no
TX6554244,U3598,3256927772831592,761.06,Goa,2019-09-02,16:30:05,Visa,Starbucks,Success,no
TX2149326,U1328,9956000645498087,510.39,Kolkata,2022-06-06,12:14:38,Visa,Starbucks,Failed,no
TX7702994,U757,3425173994160239,405.69,Goa,2023-05-15,03:18:22,Diners Club,Shell,Failed,yes
TX8981003,U962,0305798960226603,1458.19,Kolkata,2021-12-13,01:15:24,American Express,Flipkart,Success,no
TX7773971,U4078,3353664941459668,1937.52,Hyderabad,2020-05-10,21:30:32,Visa,Target,Success,no
TX5836933,U3782,7301537106990581,1738.06,Leh,2024-04-21,06:12:59,MasterCard,Target,Success,no
TX7314665,U4997,7175801924267853,494.69,Shillong,2018-01-07,01:47:31,Diners Club,Best Buy,Success,no
TX8986992,U8919,6353082413035177,965.89,Varanasi,2022-02-28,04:35:33,MasterCard,Apple Store,Failed,yes
TX7672564,U6506,9202976586695635,802.8,Mandya,2019-06-07,13:31:41,RuPay,Amazon,Success,no
TX3359005,U7702,9997771630447245,1644.52,Jaipur,2024-10-09,19:15:03,MasterCard,Walmart,Success,no
TX2828493,U3448,3363904711020925,860.38,Mumbai,2019-06-05,21:09:23,Visa,Shell,Success,no
TX4443537,U9595,7824596081425153,1282.4,Goa,2019-09-12,22:21:28,RuPay,Flipkart,Failed,no
TX6054433,U950,1189948814441984,1694.56,Chennai,2020-06-14,00:46:22,Visa,McDonald's,Success,no
TX2887757,U6906,8734676638855027,1811.7,Kolkata,2024-05-14,16:03:34,RuPay,Apple Store,Success,yes
TX6173230,U1333,8892259738458365,1512.31,Hyderabad,2024-03-24,05:31:06,Visa,Flipkart,Failed,yes
TX9931113,U5196,2995186439727397,187.33,Mandya,2020-03-31,20:48:57,MasterCard,Apple Store,Success,no
TX6241774,U6831,2307457015290988,424.39,Mandya,2025-02-11,15:14:58,RuPay,Target,Success,no
TX8901438,U3976,6352337570869081,188.41,Udaipur,2021-12-04,08:23:41,American Express,Target,Failed,yes
TX9073826,U9065,7724869141395065,1450.15,Leh,2019-02-08,11:01:41,MasterCard,ExxonMobil,Success,no
TX2279222,U919,8419023051922475,934.48,Varanasi,2020-08-16,01:33:54,MasterCard,Apple Store,Success,no
TX7606771,U1554,8191574200728906,510.23,Hyderabad,2024-04-14,07:47:11,RuPay,Flipkart,Success,no
TX8731495,U8953,3525835324450445,895.49,Varanasi,2022-10-02,10:36:21,Diners Club,Starbucks,Success,no
TX3585321,U6464,6097372317825500,1971.16,Mysore,2018-05-19,07:51:26,Visa,Apple Store,Success,no
TX1638313,U6191,1148045980769740,767.67,Bangalore,2024-04-23,12:25:13,Diners Club,ExxonMobil,Success,yes
TX2869551,U4415,5828753626941025,1790.17,Darjeeling,2022-10-28,08:34:43,MasterCard,Apple Store,Failed,yes
TX5617600,U2802,1966082841747018,1956.73,Bangalore,2021-10-09,15:56:27,RuPay,Flipkart,Failed,no
TX6979828,U331,0214356746127345,630.37,Chennai,2024-10-25,04:49:25,RuPay,Starbucks,Success,yes
TX1474938,U8931,6222183675338708,881.68,Bangalore,2021-01-24,23:53:20,Diners Club,Shell,Success,no
TX4512145,U6108,9755960575112819,1632.76,Mysore,2018-04-10,23:07:08,Diners Club,Best Buy,Success,no
TX3949433,U3627,6029635612523942,1029.94,Kolkata,2021-10-07,08:19:19,Visa,Starbucks,Success,no
TX5736687,U4069,2139853164412216,1576.7,Mandya,2025-05-02,08:01:13,Visa,McDonald's,Success,no
TX8181701,U9028,1013617279990728,1483.52,Shillong,2022-10-11,12:04:29,MasterCard,Amazon,Success,no
TX6813038,U6546,3555170045294278,1250.6,Mysore,2018-08-19,16:31:19,RuPay,ExxonMobil,Failed,no
TX1092187,U3708,8744775722166906,993.28,Delhi,2019-03-18,18:21:15,MasterCard,Flipkart,Success,no
TX6705460,U9607,7075253640115516,1486.56,Bangalore,2022-01-23,20:09:10,Visa,Amazon,Success,no
TX5013295,U9767,1215124538228567,1756.37,Leh,2019-09-13,11:14:01,American Express,Starbucks,Success,no
TX1843731,U8748,2026681623238356,1013.57,Varanasi,2019-07-11,05:52:22,RuPay,McDonald's,Failed,no
TX7923267,U6960,0036012717925432,1230.46,Udaipur,2022-06-03,16:32:59,Visa,Shell,Success,no
TX9304737,U6762,7188674934058741,413.88,Udaipur,2019-08-24,22:38:29,MasterCard,Flipkart,Success,yes
TX9456493,U6679,5382820184586492,1175.89,Kolkata,2021-06-16,02:16:49,MasterCard,Amazon,Success,no
TX4070343,U9669,4272357551158884,1391.52,Jaipur,2025-05-29,00:42:14,MasterCard,Apple Store,Success,no
TX5799889,U4585,1334596786475741,1046.21,Leh,2020-11-18,15:42:43,MasterCard,McDonald's,Success,no
TX9180304,U8762,4099405989782475,829.43,Bangalore,2021-01-24,21:42:47,Diners Club,Flipkart,Success,no
TX5496794,U7319,2136920020384436,1998.06,Udaipur,2023-10-13,14:17:56,Diners Club,Shell,Failed,no
TX6104773,U8816,8812610920503218,1988.5,Kolkata,2022-01-08,02:49:58,MasterCard,Best Buy,Success,no
TX3832165,U6133,4307326757051479,803.92,Udaipur,2023-08-19,00:10:42,American Express,Best Buy,Success,no
TX5581468,U2127,7212222721794873,1332.63,Kolkata,2022-04-26,12:51:44,MasterCard,Target,Success,no
TX9900644,U5535,8568472845837507,1456.17,Jaipur,2023-08-20,13:53:46,American Express,Apple Store,Failed,no
TX5383753,U3465,3548343385666289,1534.71,Chennai,2020-11-17,04:17:32,Visa,Apple Store,Failed,no
TX2799187,U6363,0788383309043153,1432.5,Chennai,2019-10-11,21:59:02,Diners Club,Starbucks,Success,no
TX4113158,U2316,2299173857361334,1329.29,Chennai,2022-10-25,12:43:30,Visa,Best Buy,Success,no
TX9214549,U4998,5229162927949839,765.44,Mysore,2022-02-28,10:30:06,MasterCard,McDonald's,Success,no
TX8563812,U8504,4917030104860493,1782.63,Kochi,2024-12-03,11:32:14,Diners Club,Shell,Success,yes
TX4447810,U7594,4525154791578031,1268.68,Bangalore,2019-08-08,15:36:17,Visa,Starbucks,Success,no
TX8353385,U8899,8834987142385635,210.29,Goa,2022-07-09,19:25:36,American Express,Shell,Success,yes
TX5738314,U816,9729242012863125,501.78,Mysore,2019-12-07,01:24:44,RuPay,McDonald's,Success,no
TX7425275,U6503,8680955948187495,1798.42,Kochi,2018-05-10,14:10:32,Diners Club,Target,Success,no
TX6731430,U6233,5957275297666983,19.79,Chennai,2023-10-14,09:46:12,Visa,Amazon,Success,no
TX9025398,U551,9209880627347305,1034.68,Jaipur,2020-02-25,20:46:49,Diners Club,Best Buy,Success,no
TX2189062,U2136,6849281161627633,67.27,Varanasi,2022-08-14,11:41:47,RuPay,ExxonMobil,Success,no
TX6807253,U2028,7563096623017543,297.47,Mysore,2025-03-10,07:58:07,American Express,Apple Store,Failed,no
TX1869062,U7133,2635042628163832,1753.23,Darjeeling,2023-09-21,06:34:34,MasterCard,Amazon,Success,yes
TX5870485,U366,4758353338139663,923.78,Mandya,2025-04-05,02:26:29,RuPay,Best Buy,Success,no
TX7732149,U508,2304888897352694,1586.16,Chennai,2022-07-09,04:53:50,RuPay,Amazon,Failed,yes
TX3889710,U3800,6587837249724885,1140.45,Jaipur,2020-02-18,03:59:22,American Express,Best Buy,Success,no
TX2432424,U7154,0381743710718019,1030.71,Mumbai,2023-02-01,12:52:53,RuPay,Walmart,Success,no
TX5995574,U1266,4889719567543450,573.73,Leh,2023-09-18,15:51:06,MasterCard,ExxonMobil,Success,no
TX5806179,U4349,9651948374644189,1535.81,Kochi,2021-12-31,15:04:12,Visa,Flipkart,Success,no
TX1669359,U6455,4600122712573611,471.05,Varanasi,2023-03-29,02:45:57,Diners Club,McDonald's,Success,yes
TX1503260,U3532,9850778539445939,1852.41,Darjeeling,2023-07-29,19:59:53,American Express,Starbucks,Failed,yes
TX6586884,U9150,9415198502844926,1414.26,Mumbai,2024-02-14,00:47:18,RuPay,ExxonMobil,Success,no
TX3498372,U6369,9259348173695294,1677.46,Kochi,2023-01-10,21:58:56,American Express,Apple Store,Success,no
TX4096891,U2506,4328078101598093,389.77,Kochi,2023-10-20,06:42:20,Diners Club,Walmart,Success,no
TX3545474,U6116,2246972498840106,1954.5,Hyderabad,2023-07-08,16:37:11,Visa,Starbucks,Success,no
TX1853574,U8800,3380461962485787,1117.43,Leh,2025-02-24,15:55:50,American Express,Apple Store,Success,no
TX2067541,U2464,0890433015396391,753,Darjeeling,2020-09-22,05:24:07,Diners Club,Target,Success,yes
TX4520945,U1174,8653986893301787,195.37,Bangalore,2019-05-16,02:56:37,MasterCard,ExxonMobil,Success,no
TX5749197,U7149,9673881633702212,639.32,Delhi,2021-10-12,06:18:07,RuPay,Apple Store,Success,no
TX2514657,U9386,7923805781923528,1508.09,Jaipur,2020-03-30,20:19:01,MasterCard,McDonald's,Success,no
TX1505007,U4121,3689734975397492,371.46,Hyderabad,2019-09-02,13:40:49,American Express,McDonald's,Success,no
TX6476381,U221,3001147752068336,1359.94,Mysore,2024-03-06,13:28:47,Diners Club,McDonald's,Failed,no
TX5002873,U5822,6380255863431994,1835.4,Jaipur,2018-07-13,19:31:19,MasterCard,Shell,Success,no
TX7004969,U4987,7791923291660568,1146.47,Goa,2021-11-08,04:40:26,American Express,Best Buy,Success,yes
TX8726171,U2156,0278226829057284,1370.45,Kolkata,2024-03-09,08:00:12,American Express,Walmart,Success,no
TX1867331,U5673,1991351687738518,331.52,Leh,2018-08-20,19:19:55,Diners Club,Flipkart,Success,no
TX9033904,U2908,8893238286296199,491.06,Varanasi,2022-01-12,20:18:45,American Express,Target,Success,yes
TX6745830,U6285,1919584774102158,1086.79,Kolkata,2023-05-07,19:05:01,MasterCard,Apple Store,Success,no
TX3039985,U7712,1986448850978737,1669.78,Leh,2024-09-29,19:46:44,American Express,Shell,Success,no
TX8805833,U8154,1538249084070554,1077.89,Hyderabad,2023-02-22,11:43:28,American Express,McDonald's,Success,no
TX9954205,U2255,0753558958890558,542.41,Mumbai,2022-10-05,04:04:21,Diners Club,McDonald's,Success,no
TX4363597,U7162,4945670585421918,1668.2,Shillong,2022-02-21,17:34:59,RuPay,Best Buy,Success,no
TX6691554,U4430,3503798157027079,1401.63,Kochi,2024-07-15,02:34:23,Visa,Walmart,Success,no
TX2109009,U3301,2680061051640810,1218.59,Kolkata,2020-11-06,21:11:34,RuPay,Amazon,Success,yes
TX8720879,U4861,7033422663814897,494.28,Chennai,2023-08-02,15:19:48,Visa,Best Buy,Success,no
TX3732902,U1445,6236269560277567,121.17,Goa,2023-06-14,03:10:28,American Express,Flipkart,Success,no
TX5464487,U5483,5953486904011880,1349.15,Mysore,2025-01-25,04:13:01,RuPay,Flipkart,Success,no
TX2402516,U8053,7094987267648293,778.15,Shillong,2023-05-09,22:40:23,Diners Club,Apple Store,Success,no
TX2229166,U1981,1796640332748982,1212.36,Kochi,2018-08-10,06:35:53,Diners Club,ExxonMobil,Failed,no
TX6535672,U4278,7286705197673648,332.1,Mumbai,2018-07-02,15:42:35,RuPay,Starbucks,Success,no
TX2040129,U5019,4807026300426251,804.45,Darjeeling,2020-12-31,09:54:35,RuPay,ExxonMobil,Success,no
TX1893905,U9813,5984474471511039,530.82,Mysore,2020-06-19,04:53:27,Visa,Amazon,Success,no
TX1892208,U2510,0521422315056410,559.63,Kochi,2018-01-28,16:17:37,MasterCard,Best Buy,Success,no
TX6292368,U9572,2692893842470837,942.15,Bangalore,2018-09-25,18:36:27,RuPay,Walmart,Success,no
TX9119144,U3807,3119020209662067,485.49,Leh,2023-02-12,01:09:10,Diners Club,Walmart,Success,yes
TX1254699,U8796,0941419637215726,1753.62,Udaipur,2021-05-19,02:31:20,Diners Club,Amazon,Success,no
TX7687275,U223,1212479081960660,1419.25,Mysore,2023-03-02,21:35:47,Diners Club,Starbucks,Success,no
TX9359425,U6299,4861221093382011,540.8,Varanasi,2023-11-19,19:17:20,Diners Club,McDonald's,Failed,yes
TX8656019,U8653,7415656045134600,731.54,Mandya,2018-10-31,15:36:01,RuPay,ExxonMobil,Success,no
TX7967528,U6381,7632360994758050,1064.25,Udaipur,2019-05-22,17:56:39,Diners Club,Flipkart,Success,yes
TX5656476,U1859,1624156190069516,487.21,Mumbai,2020-02-21,06:36:18,Diners Club,Starbucks,Success,no
TX2120026,U6270,9700352686062141,822.58,Shillong,2021-11-26,23:05:38,Diners Club,Starbucks,Failed,no
TX9918822,U6051,7951130288853205,720.31,Jaipur,2023-11-06,06:58:39,MasterCard,ExxonMobil,Success,no
TX7986869,U5342,6403187378181451,34.79,Udaipur,2020-06-22,00:43:29,American Express,Shell,Failed,no
TX7754034,U9611,5406760476720707,1967.88,Varanasi,2020-05-04,04:36:33,American Express,McDonald's,Success,yes
TX2989675,U3827,6097707320071309,597.48,Kochi,2022-07-12,07:17:57,Diners Club,Walmart,Failed,no
TX5884647,U1290,7843174646216326,1496.42,Mysore,2020-01-18,13:11:22,Visa,Best Buy,Success,yes
TX4276610,U9378,7136878236271852,427.02,Darjeeling,2021-02-17,06:58:11,Diners Club,ExxonMobil,Success,no
TX5137428,U9867,4995885401386783,376.26,Shillong,2018-06-15,02:20:10,RuPay,Best Buy,Success,no
TX5242334,U5981,0794571278650800,660.15,Jaipur,2021-09-22,20:11:11,Visa,Starbucks,Success,no
TX6064548,U1997,5071233014800750,1096.09,Goa,2020-01-23,01:16:56,RuPay,Shell,Failed,no
TX8222269,U5966,0492482281649141,760.35,Hyderabad,2022-11-12,01:00:13,RuPay,Flipkart,Success,no
TX8821611,U2749,5704817070585532,134.15,Darjeeling,2018-09-01,21:36:44,Diners Club,Amazon,Success,no
TX9681593,U8152,3852042217451986,1795.23,Bangalore,2024-05-05,13:38:16,RuPay,Target,Success,no
TX6758133,U4575,6397970043187103,500.11,Goa,2023-11-15,22:18:01,American Express,Starbucks,Success,no
TX2537873,U2569,1198243522154515,618.33,Varanasi,2022-12-22,15:23:52,Visa,Best Buy,Failed,no
TX9211784,U4700,2458930950247017,1188.68,Jaipur,2021-12-17,18:23:02,American Express,Flipkart,Success,yes
TX5058987,U9674,1027511101745349,1861.79,Kochi,2022-08-31,17:11:42,Diners Club,Target,Success,no
TX6005002,U3827,3689414350973797,1325.93,Jaipur,2021-04-16,09:40:42,RuPay,McDonald's,Success,no
TX6665316,U3576,1642431600792624,1931.54,Delhi,2020-11-15,01:58:59,American Express,McDonald's,Success,no
TX2683582,U1607,5373088409528004,1958.75,Jaipur,2019-05-12,11:48:21,Diners Club,McDonald's,Success,no
TX3302020,U4144,0700750266393618,946.01,Delhi,2019-09-14,10:09:37,MasterCard,McDonald's,Success,no
TX3104613,U2057,7579937630992331,467.04,Mysore,2024-11-15,04:45:15,RuPay,Flipkart,Success,no
TX7796016,U9105,2298851630614749,825.91,Hyderabad,2021-09-11,08:57:36,American Express,Best Buy,Success,yes
TX5921000,U7020,3985137412597895,1668.48,Darjeeling,2019-04-15,05:36:30,Visa,McDonald's,Success,no
TX8921190,U7220,1806893267739396,1173.28,Bangalore,2021-05-10,13:18:33,MasterCard,Starbucks,Success,no
TX3519342,U7253,3866675753450584,810.51,Mumbai,2023-03-16,01:25:35,RuPay,McDonald's,Success,yes
TX8718908,U9336,7808887532646087,1239.38,Bangalore,2018-03-22,21:20:50,American Express,Starbucks,Success,yes
TX6394805,U7209,4715091668135780,811.26,Kolkata,2023-02-22,13:16:06,Diners Club,Best Buy,Success,yes
TX6106568,U3493,1110994753112293,878.59,Leh,2018-12-09,14:25:03,American Express,Best Buy,Success,no
TX1559027,U2853,5194185529876534,1528.13,Mysore,2018-09-12,18:19:39,RuPay,Apple Store,Failed,no
TX3692061,U9575,6863092266940682,1162.75,Varanasi,2025-02-12,06:32:31,Diners Club,Starbucks,Success,no
TX3192799,U5980,8840979292385692,828.52,Delhi,2022-06-24,05:09:41,Visa,ExxonMobil,Success,no
TX2645285,U1961,2170876970769819,99.33,Udaipur,2022-09-30,11:40:52,Diners Club,Flipkart,Success,no
TX7544202,U8941,8574291873830966,1835.53,Chennai,2018-03-24,21:39:11,MasterCard,Apple Store,Success,yes
TX8267142,U4993,9301991212607059,1677.24,Jaipur,2025-01-13,08:24:05,Visa,Apple Store,Success,no
TX3535877,U1476,4008141924718254,651.62,Kolkata,2021-12-11,06:04:08,MasterCard,ExxonMobil,Success,no
TX6085296,U9238,1275355924136821,499.43,Bangalore,2024-05-22,21:14:23,RuPay,Walmart,Success,no
TX5691055,U1985,7411135979636773,1351.76,Goa,2018-10-05,11:06:30,MasterCard,Best Buy,Success,yes
TX1839326,U945,4965869005305094,17.81,Kolkata,2022-07-13,07:14:59,Visa,Target,Success,no
TX4382587,U3766,9016222415189162,1598.32,Delhi,2021-08-06,15:16:26,American Express,Apple Store,Success,no
TX7996309,U7223,3823708788643178,1469.74,Mysore,2018-03-11,17:35:28,Visa,ExxonMobil,Failed,no
TX4361151,U5772,3671017161862801,530.84,Mumbai,2024-12-30,08:18:00,Visa,Walmart,Success,no
TX2554994,U4422,3951303941240127,702.61,Mandya,2018-12-17,10:40:29,RuPay,Best Buy,Success,no
TX8591880,U7393,6635661080831082,1318.87,Udaipur,2023-06-16,01:14:44,Diners Club,Flipkart,Success,no
TX2760594,U6029,9247398282767958,626.25,Bangalore,2023-11-13,10:58:17,MasterCard,Starbucks,Failed,no
TX5048602,U2927,6353711958375751,1330.25,Jaipur,2024-11-12,11:51:19,American Express,Flipkart,Failed,no
TX6399147,U4586,9871876229586539,1469.92,Hyderabad,2019-12-26,09:33:26,RuPay,Starbucks,Success,no
TX1174493,U1329,1120601233281150,1777.14,Mysore,2024-03-24,23:03:23,Diners Club,Starbucks,Success,no
TX5937941,U2276,2000211790064207,97.32,Chennai,2019-09-06,09:52:30,American Express,ExxonMobil,Success,yes
TX3678915,U5941,2093668316927605,1731.72,Goa,2020-07-16,20:53:00,American Express,Best Buy,Failed,no
TX3168818,U2579,3197811085133892,737.8,Shillong,2024-02-26,12:04:16,Visa,Best Buy,Success,yes
TX6571669,U8076,7876448603236292,1555.61,Jaipur,2022-06-29,11:57:18,American Express,Amazon,Success,no
TX3411947,U7881,8991019886367935,958.52,Shillong,2020-07-10,13:19:15,RuPay,Walmart,Failed,no
TX5475012,U3835,9566961760203695,1055.88,Jaipur,2021-04-05,09:48:06,American Express,McDonald's,Success,no
TX2592863,U8292,8546988190717161,543.4,Darjeeling,2019-11-18,23:00:54,American Express,ExxonMobil,Success,yes
TX8274189,U5933,7980719557241421,1897.17,Leh,2021-07-16,17:56:00,Diners Club,Shell,Success,no
TX4592522,U2288,7616673519248718,1493.79,Chennai,2021-01-14,05:50:24,RuPay,McDonald's,Success,no
TX6219827,U3108,7291728255788961,476.45,Leh,2020-03-08,18:33:32,Diners Club,Apple Store,Success,no
TX3430188,U9785,5876125582008745,1760.06,Mumbai,2024-08-04,03:55:34,American Express,Shell,Success,no
TX5922172,U5581,7489898062110911,199.51,Varanasi,2023-08-21,09:31:31,Diners Club,Best Buy,Success,no
TX9246472,U1102,3055741682872785,992.57,Delhi,2025-04-13,19:30:10,Visa,McDonald's,Success,no
TX9615084,U5152,2414891044210485,743.4,Kolkata,2019-01-24,17:05:46,Visa,Starbucks,Success,no
TX2774547,U6329,3494502982125435,344.34,Kolkata,2020-01-28,20:01:59,Visa,Apple Store,Failed,yes
TX2310875,U3038,9446527820155817,513.03,Darjeeling,2018-11-28,18:28:10,Visa,Walmart,Success,no
TX2003828,U5458,2666213740899681,974.57,Leh,2021-09-19,23:48:38,Visa,Target,Success,yes
TX6869467,U4118,1792299944081408,418.12,Leh,2023-01-08,09:08:26,MasterCard,ExxonMobil,Success,no
TX4610059,U6668,2130753751038812,322.74,Kochi,2018-05-11,12:46:31,Visa,Amazon,Success,no
TX4049436,U2320,9165553472168489,1216.9,Goa,2022-08-20,17:27:44,Diners Club,ExxonMobil,Success,no
TX8901896,U7634,0941563734396082,478.56,Kochi,2019-05-04,18:39:09,American Express,ExxonMobil,Success,no
TX5483136,U5705,9786215349654590,355.35,Kolkata,2025-01-18,04:04:54,RuPay,Best Buy,Success,no
TX3249526,U2756,7410490498038563,1333.79,Jaipur,2019-01-06,01:44:23,RuPay,Starbucks,Failed,no
TX6320068,U2571,0433279800575994,232.19,Udaipur,2020-06-06,07:25:04,Diners Club,Amazon,Success,yes
TX1016664,U4517,6765846356128634,1604.32,Leh,2023-06-05,03:10:43,Visa,Amazon,Success,no
TX4936194,U2415,4726936385725230,261.65,Shillong,2025-01-22,20:42:42,MasterCard,Amazon,Success,no
TX7063981,U7304,7408122110342121,249.74,Mumbai,2020-01-08,14:02:58,MasterCard,McDonald's,Success,no
TX5260691,U2832,5060573466059263,206.57,Kochi,2021-03-28,20:11:12,Diners Club,Shell,Success,no
TX6289380,U8006,3335447499910227,211.58,Varanasi,2018-05-23,02:01:33,Diners Club,Flipkart,Success,no
TX1917031,U9052,0682115669866105,753.68,Mysore,2019-08-14,22:13:57,American Express,Best Buy,Success,yes
TX8873962,U5631,2091479066542614,235.65,Kolkata,2018-11-09,09:47:32,American Express,ExxonMobil,Success,no
TX6090960,U9366,0910867942309121,1109.92,Goa,2021-07-01,17:13:15,Diners Club,Shell,Success,no
TX3684506,U8799,8547257344826968,1382.33,Mandya,2024-08-22,03:54:32,RuPay,Amazon,Success,no
TX7633180,U8526,3228060657495713,1155.26,Kochi,2023-09-09,02:15:26,American Express,Walmart,Success,yes
TX4837111,U7668,2812216533544945,13.94,Mysore,2024-05-22,17:30:32,MasterCard,Best Buy,Success,no
TX7022757,U3121,5504334716191798,1061.68,Chennai,2019-05-24,16:19:03,Visa,Amazon,Success,no
TX4887474,U7449,5323199048060367,353.69,Udaipur,2020-08-08,09:58:31,Diners Club,Apple Store,Success,yes
TX3066406,U1776,5445925169929933,1419.51,Shillong,2018-07-18,12:33:34,Diners Club,Shell,Success,yes
TX1025485,U9136,5915548656243222,1270.16,Delhi,2020-11-18,00:10:31,American Express,Amazon,Success,no
TX2727922,U704,1080875287176788,1986.43,Jaipur,2022-09-20,10:03:04,American Express,Flipkart,Success,no
TX9616633,U5469,7376109965337969,572.66,Mumbai,2022-04-14,09:02:09,Diners Club,Target,Success,no
TX1341099,U5865,3748568132006184,1332.93,Udaipur,2021-10-25,02:11:58,MasterCard,ExxonMobil,Success,no
TX9430451,U6889,7483039046765182,1078.39,Leh,2018-05-14,04:07:57,Visa,Shell,Success,no
TX5933561,U4767,8392215431879719,394.85,Shillong,2021-05-18,15:27:01,American Express,ExxonMobil,Success,no
TX9875149,U7067,8544611357665760,266.64,Kolkata,2019-12-20,16:51:12,Diners Club,ExxonMobil,Success,no
TX3180542,U6085,9064252533898032,1409.09,Udaipur,2024-11-18,22:26:43,RuPay,ExxonMobil,Success,no
TX1893371,U9475,9774177811938656,110.61,Kochi,2021-03-14,16:45:10,Visa,Best Buy,Failed,no
TX9980298,U2653,6956948646809040,313.6,Mandya,2023-03-24,04:07:14,Visa,Amazon,Success,no
TX6552157,U4871,6056434977361492,1142.45,Shillong,2021-08-30,14:53:17,American Express,Best Buy,Success,no
TX4066954,U4173,9303492398718549,1495.15,Hyderabad,2023-05-05,15:28:27,American Express,Walmart,Success,yes
TX4969989,U158,3719997251166493,621.65,Delhi,2023-04-03,13:52:25,RuPay,Target,Failed,no
TX3790084,U3626,9256035642884905,347.47,Leh,2020-10-17,09:33:27,MasterCard,Best Buy,Success,no
TX7332621,U40,7144836909583883,892.1,Chennai,2020-12-02,01:00:26,RuPay,Starbucks,Success,yes
TX1866524,U3520,9447666806292309,70.45,Goa,2019-06-18,14:48:17,American Express,Best Buy,Success,no
TX2241390,U8623,4301202560864790,1723.47,Leh,2020-11-25,01:44:23,Diners Club,Starbucks,Failed,no
TX9636879,U6642,0660977546581824,1813.66,Mandya,2024-05-01,02:07:20,MasterCard,Flipkart,Success,no
TX4783092,U6722,4571723351172617,147.46,Kolkata,2021-05-09,23:06:52,American Express,Target,Success,no
TX3062102,U2318,6519171003669760,538.34,Darjeeling,2020-09-22,04:14:03,Visa,Starbucks,Success,no
TX4569461,U8474,0611098342558007,696.61,Kolkata,2024-12-12,19:12:59,Visa,Target,Success,no
TX1760784,U4330,7474046768102765,1063.21,Jaipur,2022-05-24,09:22:07,American Express,McDonald's,Success,yes
TX6533587,U1435,0728177211801148,945.96,Kolkata,2023-05-22,14:31:56,Diners Club,Amazon,Success,yes
TX2251750,U1157,6438702682726182,156.42,Leh,2024-10-23,08:13:33,Diners Club,Flipkart,Success,no
TX2501748,U8138,8056339628401732,323.8,Goa,2020-04-08,06:16:50,Diners Club,Target,Failed,yes
TX3666150,U7672,4623236989531001,1610.39,Mysore,2019-03-10,12:34:56,Diners Club,Flipkart,Success,yes
TX6510976,U9583,6168318241347285,667.78,Chennai,2020-06-04,19:37:20,American Express,Walmart,Success,no
TX5908345,U6978,9263427619355735,1408.19,Leh,2019-12-13,18:10:51,RuPay,Walmart,Failed,no
TX8231893,U4886,1262338599053628,1382.83,Bangalore,2021-12-06,10:00:08,American Express,Starbucks,Failed,no
TX2282020,U6253,4858808890493430,926.89,Mandya,2018-03-13,10:38:57,American Express,Apple Store,Success,no
TX7794529,U3044,3024360039278898,748.4,Hyderabad,2020-03-30,20:53:12,MasterCard,Flipkart,Failed,no
TX7793499,U628,1493986724237273,1844.45,Delhi,2024-12-19,04:15:15,RuPay,ExxonMobil,Success,no
TX4346475,U2557,6682234869004759,1500.15,Udaipur,2018-05-04,23:56:49,American Express,ExxonMobil,Success,yes
TX2397607,U8683,6517363183528626,282.24,Udaipur,2023-09-17,21:32:11,Visa,Apple Store,Failed,no
TX5447650,U721,4704027025013598,1753.48,Hyderabad,2025-06-19,19:35:44,Diners Club,Flipkart,Failed,no
TX6870772,U5805,4853827757154450,409.02,Mysore,2023-05-18,23:09:03,RuPay,Shell,Success,no
TX1452109,U1825,4848083573296422,1898.21,Kolkata,2021-01-01,18:27:45,MasterCard,Apple Store,Success,no
TX4423732,U772,7884690760299316,1142.31,Kolkata,2019-09-28,06:35:59,American Express,Walmart,Success,no
TX7610205,U313,5679819083434869,1710.66,Leh,2018-10-22,11:32:59,Visa,Flipkart,Failed,no
TX2306458,U589,8298532923637005,893.2,Darjeeling,2021-03-23,02:19:52,American Express,ExxonMobil,Failed,no
TX1338108,U5173,6331717040186655,1944.28,Chennai,2023-03-27,18:42:05,Visa,Shell,Failed,yes
TX6612871,U7091,3036957152781849,974.4,Hyderabad,2019-10-06,05:32:57,Visa,Apple Store,Success,no
TX3851692,U4774,9354810762035129,1596.96,Delhi,2023-05-27,16:19:47,Diners Club,Shell,Success,no
TX8098661,U1051,9423357612447439,1498.44,Darjeeling,2018-08-14,07:03:21,MasterCard,Apple Store,Success,no
TX5163441,U7751,2550086105444793,1126.82,Chennai,2020-12-02,23:28:47,Diners Club,McDonald's,Success,yes
TX2783976,U5552,8595114415470519,1701.77,Mandya,2025-03-01,23:30:02,Diners Club,Shell,Success,yes
TX3833990,U9790,4510038936961780,648.44,Kolkata,2024-03-27,03:05:53,American Express,Walmart,Success,no
TX4982783,U6986,2585456856253060,879.65,Hyderabad,2019-12-06,09:04:05,American Express,Walmart,Success,no
TX8336969,U4967,2614458567387475,1838.18,Hyderabad,2019-06-28,13:24:28,Diners Club,ExxonMobil,Success,yes
TX4316405,U5573,0556573153032166,120.81,Bangalore,2024-07-28,17:29:34,RuPay,Best Buy,Success,no
TX1318348,U3605,3829064816781108,1815.91,Kolkata,2021-06-06,07:34:02,Visa,Apple Store,Failed,no
TX7283337,U9502,1067776482216753,1814.52,Varanasi,2024-04-16,11:22:56,MasterCard,Starbucks,Success,no
TX6434672,U7724,7192643913949916,1911.87,Chennai,2022-07-19,17:19:04,RuPay,Starbucks,Failed,no
TX8123371,U6610,5872724186209648,1455.17,Chennai,2022-01-01,02:13:07,Diners Club,Amazon,Success,no
TX5551801,U7573,2719662754276049,774.43,Goa,2018-12-11,10:17:45,RuPay,Shell,Success,no
TX7895718,U4118,1189102831883269,495.67,Goa,2018-12-28,16:58:40,MasterCard,Shell,Success,no
TX8958561,U6069,3972205986629061,715.5,Jaipur,2018-04-07,05:20:25,RuPay,Shell,Success,yes
TX8241244,U6357,2360242799440753,1619.08,Mumbai,2020-04-22,10:13:23,American Express,Flipkart,Success,no
TX1866884,U1141,0375905196060232,1197.53,Leh,2024-12-10,14:00:06,Visa,Amazon,Success,no
TX1381862,U6693,0257109256642721,1881.7,Leh,2021-05-09,20:44:46,Visa,ExxonMobil,Success,no
TX9885409,U7224,7622576040559963,510.6,Jaipur,2023-02-16,02:09:34,MasterCard,Starbucks,Success,no
TX4891313,U6948,5823313737294100,52.91,Varanasi,2024-04-26,21:36:37,Diners Club,ExxonMobil,Success,no
TX6299540,U5865,4981186762364012,29.69,Jaipur,2025-06-17,04:27:02,MasterCard,McDonald's,Success,no
TX3929526,U7457,2979423265072588,1927.25,Goa,2018-02-10,09:59:25,Diners Club,Apple Store,Success,yes
TX7329821,U5763,7518390571978316,1162.8,Varanasi,2021-05-11,11:56:05,Visa,ExxonMobil,Failed,no
TX3906754,U5655,8705419100628231,421.43,Goa,2019-03-18,13:36:36,RuPay,Shell,Success,yes
TX7759887,U1440,1079140702398755,1416.91,Bangalore,2018-09-17,20:36:31,RuPay,McDonald's,Success,no
TX6022335,U3151,9958168007105519,1528.46,Varanasi,2022-02-06,16:09:46,RuPay,Walmart,Success,no
TX1970991,U4686,6821607820862708,1892.4,Kolkata,2019-07-15,01:13:21,Diners Club,Flipkart,Success,no
TX1177028,U1636,6237509450620428,816.89,Bangalore,2019-06-27,04:40:47,MasterCard,Starbucks,Success,no
TX8883508,U8487,8529062123434480,373.81,Bangalore,2021-03-12,17:53:42,American Express,Starbucks,Success,no
TX9303534,U5137,8156968300801960,1878.35,Kolkata,2018-11-06,22:57:42,Diners Club,Best Buy,Success,no
TX7164296,U24,7820535478892147,838.24,Goa,2018-02-03,09:11:32,American Express,Shell,Success,yes
TX8566231,U7991,7321583764592165,197.67,Goa,2019-03-11,23:06:04,MasterCard,Best Buy,Success,yes
TX6353846,U4078,9122575050457222,1631.09,Bangalore,2025-03-18,01:34:33,MasterCard,Amazon,Success,no
TX5217407,U5233,9569687344237294,1847.15,Mandya,2019-05-20,07:39:12,RuPay,McDonald's,Success,no
TX3942558,U2651,3711997017644315,1564.93,Udaipur,2020-12-24,16:12:18,Diners Club,ExxonMobil,Failed,yes
TX4342933,U7381,6510883102499204,1752.38,Leh,2024-09-13,11:57:10,MasterCard,Apple Store,Success,no
TX4378186,U6814,3049643001193264,545,Mumbai,2021-03-25,19:36:49,Visa,Apple Store,Success,no
TX6995422,U5209,7436100129777277,1135,Bangalore,2023-02-19,21:56:56,RuPay,ExxonMobil,Failed,yes
TX6143545,U8969,9695726484824865,544.68,Bangalore,2022-07-04,02:53:47,Visa,Shell,Failed,no
TX7719186,U4838,0366291539980825,1522.74,Goa,2018-10-16,13:53:17,American Express,Shell,Success,no
TX5717268,U728,8206434969052629,158.99,Mandya,2018-06-16,08:36:32,Visa,McDonald's,Failed,no
TX7188805,U1216,0148017472909537,1142.13,Kochi,2021-07-18,14:51:55,Visa,Amazon,Success,no
TX6495647,U2850,9521887954774499,903.16,Kolkata,2021-01-22,15:16:34,RuPay,ExxonMobil,Success,no
TX5361934,U1991,4521077862661269,1126.41,Chennai,2023-05-15,14:37:56,Visa,Walmart,Success,yes
TX1748596,U6755,0767791159713681,1363.33,Jaipur,2021-09-12,06:59:29,American Express,Shell,Success,no
TX6926833,U6644,0679035667485412,1919.53,Shillong,2022-02-07,13:53:22,MasterCard,Starbucks,Success,no
TX5239537,U2763,5548793826592872,1989.12,Shillong,2024-09-03,16:51:10,RuPay,Target,Success,no
TX2259773,U9899,3502895270058855,1632.55,Goa,2021-04-23,12:59:24,American Express,Shell,Success,no
TX7795125,U8799,3189363108359250,666.26,Udaipur,2019-09-11,06:16:45,Visa,ExxonMobil,Failed,yes
TX5769925,U8864,1974207076287066,265.04,Leh,2021-12-15,06:45:25,Visa,Walmart,Failed,no
TX1083865,U1311,6492871012556230,1483.35,Hyderabad,2019-03-21,10:02:46,Visa,Best Buy,Failed,no
TX1716521,U227,3182970242853282,821.23,Delhi,2021-09-14,01:25:10,American Express,ExxonMobil,Success,yes
TX6427953,U1809,7977770196482783,549.94,Leh,2018-01-08,15:15:37,Diners Club,Apple Store,Failed,no
TX3147007,U1744,5471665496368338,1685.74,Jaipur,2021-11-13,15:37:39,American Express,Apple Store,Success,no
TX9641311,U6752,7446593655717392,187.96,Mysore,2020-07-24,23:34:05,Visa,Target,Success,no
TX8465745,U8791,3288870215851996,214.17,Hyderabad,2020-07-25,07:36:28,RuPay,Shell,Success,no
TX8563581,U2540,8583831825053049,1867.13,Darjeeling,2022-07-08,01:09:06,American Express,Starbucks,Success,no
TX9097368,U9281,0053914654553456,1638.71,Mumbai,2023-01-08,11:23:06,MasterCard,McDonald's,Success,no
TX2452932,U8721,7425603116887577,965.1,Leh,2021-08-28,18:50:36,American Express,Target,Success,no
TX1928820,U8346,1351917123833343,1091.1,Goa,2021-05-20,09:13:27,MasterCard,Walmart,Success,no
TX5594366,U1831,4183328481024360,679.85,Mandya,2022-10-14,06:33:18,American Express,Best Buy,Success,yes
TX7681730,U4344,9781017026901465,1145.63,Kochi,2022-09-08,21:43:25,Diners Club,McDonald's,Success,yes
TX8595558,U8069,1448204713841313,1832.52,Shillong,2022-06-08,18:46:42,Diners Club,Starbucks,Success,no
TX9943793,U5473,3359018738499185,597.54,Kochi,2022-07-02,23:11:49,Visa,Starbucks,Success,no
TX3637488,U3749,8349425292485822,1286.91,Darjeeling,2019-11-05,17:25:35,Diners Club,Apple Store,Failed,no
TX3565558,U4176,8136740047542592,220.46,Delhi,2021-11-29,09:18:35,MasterCard,Shell,Success,no
TX3252262,U7536,4628634727515992,1716.02,Bangalore,2019-10-04,21:36:56,RuPay,Flipkart,Failed,no
TX7298645,U6943,4498252891868982,1623.47,Mandya,2024-02-06,18:29:53,MasterCard,McDonald's,Success,yes
TX9255273,U4731,0564031569824224,848.05,Shillong,2019-06-15,23:35:16,RuPay,ExxonMobil,Failed,no
TX3009717,U2507,6993683822420203,645.72,Mandya,2021-06-15,14:10:15,Diners Club,Amazon,Failed,no
TX4760150,U5875,7722152948418683,1768.7,Delhi,2021-01-03,20:49:32,Visa,Apple Store,Failed,no
TX4689420,U4380,6885872547432435,1439.5,Udaipur,2020-04-16,01:01:43,Diners Club,Best Buy,Success,no
TX2188223,U9323,5278457607583626,264.07,Jaipur,2018-11-02,00:53:16,American Express,Target,Success,yes
TX5317677,U9725,2208979376318296,1614.07,Hyderabad,2019-02-23,20:19:35,MasterCard,McDonald's,Success,no
TX4290672,U9884,4232471771926261,1314.91,Mumbai,2022-04-08,06:58:44,Diners Club,Target,Success,no
TX4934696,U5223,6024156965438056,1524.82,Kolkata,2020-07-23,07:42:01,Diners Club,Best Buy,Success,no
TX7236564,U146,1752055260067754,1290.82,Delhi,2024-09-06,15:19:17,RuPay,Apple Store,Success,yes
TX2094387,U7375,5319807653748275,634.79,Chennai,2023-02-09,21:44:59,Diners Club,Flipkart,Success,no
TX2532958,U8505,7577131011259041,1098.24,Bangalore,2024-01-03,10:21:48,American Express,Apple Store,Success,no
TX7270343,U5886,7777306881602861,1894.66,Jaipur,2020-10-07,17:28:00,Diners Club,ExxonMobil,Failed,no
TX1020159,U1838,1022530106642013,1738.89,Udaipur,2019-04-16,10:44:52,American Express,McDonald's,Success,no
TX7045057,U8011,6775470467568060,232.73,Jaipur,2024-06-27,12:52:07,Visa,Starbucks,Success,no
TX7862434,U8247,7244913011575838,223.54,Shillong,2019-03-22,09:42:03,Visa,Walmart,Success,no
TX6028442,U9689,9701396083756427,176.46,Varanasi,2021-02-19,02:23:30,Visa,Best Buy,Success,yes
TX6693493,U7708,5237882321391684,587.84,Goa,2020-04-11,02:21:59,RuPay,Walmart,Success,yes
TX4768304,U3356,6516982821695228,1955.29,Udaipur,2018-11-11,11:21:25,Diners Club,McDonald's,Success,yes
TX7859215,U3212,2298041944559191,391.68,Leh,2023-10-27,08:40:23,Visa,Target,Success,no
TX8750673,U1426,3773748026963143,1142.45,Delhi,2023-05-30,14:56:45,MasterCard,Starbucks,Failed,no
TX1228122,U3070,9851281137092514,1247.38,Shillong,2022-04-29,06:33:51,Diners Club,Shell,Success,no
TX2987918,U6652,9612435382342234,1294.2,Leh,2019-06-11,14:54:43,Visa,Amazon,Failed,no
TX8839691,U8811,2508891406682398,557.11,Kolkata,2019-12-12,06:27:27,Visa,Best Buy,Success,no
TX8345648,U2655,7432891431063654,381.02,Mysore,2019-10-17,08:53:23,American Express,ExxonMobil,Success,no
TX3515768,U7672,1180874372914163,1016.09,Goa,2021-03-20,04:32:21,Visa,Flipkart,Success,no
TX5146979,U629,5635784783072439,1313.57,Delhi,2024-09-17,11:22:32,American Express,Walmart,Failed,no
TX3173880,U9254,3707961556381886,473.72,Darjeeling,2019-06-02,18:00:51,RuPay,Target,Success,no
TX2466449,U3658,7798371508276292,737.97,Mandya,2022-11-13,00:06:40,American Express,ExxonMobil,Success,no
TX7913383,U9548,4341193607813419,919.28,Goa,2025-02-06,21:00:22,American Express,Starbucks,Success,no
TX2068347,U9005,3199953945420724,515,Shillong,2023-09-21,02:06:51,Visa,Shell,Success,no
TX5925439,U2398,4519103542347449,936.2,Bangalore,2022-07-16,18:58:55,American Express,Best Buy,Success,yes
TX1711218,U8011,9175666291277314,394.18,Jaipur,2019-01-30,10:28:23,American Express,Shell,Success,no
TX1625482,U3593,3903846881794925,229.11,Hyderabad,2019-02-27,10:21:53,American Express,McDonald's,Success,no
TX7150347,U5766,2733495638362693,1176.35,Mandya,2020-04-11,14:42:46,Visa,Flipkart,Success,no
TX1975962,U9950,6977386892693961,1922.24,Mandya,2018-09-02,12:49:57,RuPay,Target,Success,no
TX7620763,U5400,3132501597825445,1541.26,Jaipur,2021-10-01,04:46:03,Diners Club,Walmart,Success,no
TX8801158,U9277,3663975074071511,1709.3,Kochi,2021-08-16,08:41:57,RuPay,Flipkart,Success,yes
TX8546990,U8567,1388802964100502,198.49,Mysore,2018-04-06,17:24:56,Visa,Flipkart,Success,no
TX4609177,U6847,3679350889838196,1157.49,Mandya,2025-04-24,10:54:11,MasterCard,Starbucks,Failed,yes
TX8833694,U4140,4331477367381284,1033.89,Varanasi,2025-03-19,07:05:06,RuPay,Apple Store,Success,no
TX9497839,U2617,0747286207391286,762,Mumbai,2021-02-28,21:18:35,Diners Club,Shell,Success,no
TX6142983,U9201,3376784545004352,1637.33,Leh,2020-01-06,12:06:20,American Express,Walmart,Success,yes
TX8905601,U1282,4508920071217818,312.43,Delhi,2018-02-02,01:24:56,RuPay,Starbucks,Success,yes
TX6586968,U3175,7545205505447605,619.88,Darjeeling,2021-10-02,00:07:11,American Express,Walmart,Failed,no
TX5998582,U9552,5210362640511649,1346.09,Kolkata,2022-01-25,16:32:27,RuPay,Best Buy,Failed,yes
TX4441158,U4885,4149964928839963,232.95,Mandya,2022-03-20,18:02:02,Visa,Apple Store,Success,no
TX4305962,U2460,8370309638604089,285.18,Chennai,2024-10-04,19:18:28,American Express,Starbucks,Success,no
TX7436118,U9683,8601965367667627,111.73,Bangalore,2023-05-23,22:49:49,Visa,Target,Success,no
TX7293977,U9782,3578737280317251,565.16,Delhi,2022-11-21,02:12:48,Visa,ExxonMobil,Success,yes
TX1251632,U8317,2739066833108892,18.8,Leh,2018-06-03,03:33:57,American Express,Flipkart,Failed,no
TX7478249,U6110,0101505935188051,960,Udaipur,2022-01-06,13:23:27,Visa,Amazon,Success,no
TX6672869,U9097,9409333006571103,1469.07,Kochi,2018-05-24,04:39:18,Diners Club,McDonald's,Success,no
TX2104700,U3009,7918447102059007,731.38,Kolkata,2018-11-22,05:38:02,Diners Club,Flipkart,Failed,no
TX2353252,U8320,3394219518454606,535.17,Mysore,2023-10-08,20:14:50,Visa,Flipkart,Success,no
TX4373511,U3709,0422360559949608,357.98,Kochi,2019-07-13,17:05:48,MasterCard,Flipkart,Failed,no
TX2537389,U3669,1184087636648906,1969.07,Mysore,2021-11-08,14:29:45,Visa,Target,Success,no
TX8897262,U5730,2848400038583534,1237.44,Bangalore,2024-07-04,14:30:33,RuPay,Target,Success,yes
TX4791302,U1660,5991499622480026,279.26,Jaipur,2022-10-01,11:19:59,RuPay,Apple Store,Success,no
TX5982968,U4460,3431348386063025,1897.93,Varanasi,2021-09-16,10:23:13,Diners Club,McDonald's,Success,no
TX3786987,U2054,3969021715867047,258.11,Chennai,2024-08-22,18:01:31,American Express,Walmart,Success,no
TX9944019,U1121,0668673675962353,1536.65,Kolkata,2019-01-05,10:28:43,American Express,ExxonMobil,Success,no
TX4614923,U8573,9593463905711634,658.45,Kolkata,2021-03-24,12:31:49,Diners Club,ExxonMobil,Success,no
TX1766070,U1636,1840817910304446,524.48,Hyderabad,2021-09-23,21:19:19,Visa,Walmart,Success,no
TX9027063,U7009,1688487973066670,204.75,Bangalore,2024-12-16,00:13:27,MasterCard,McDonald's,Failed,no
TX9640911,U8448,2582796191802509,1860.45,Varanasi,2023-06-18,21:43:49,RuPay,ExxonMobil,Success,no
TX7683782,U9203,7502627622115188,1377.09,Delhi,2019-06-07,00:17:40,Visa,Walmart,Failed,no
TX8703596,U5134,6100887786402269,451.33,Hyderabad,2024-10-09,20:44:06,Visa,Apple Store,Success,no
TX2709262,U7368,8037601540880554,1266.15,Udaipur,2018-08-17,18:58:05,Diners Club,Apple Store,Success,no
TX4276521,U8514,2756446537456392,164.18,Varanasi,2018-10-26,08:16:30,Visa,Apple Store,Success,yes
TX6371492,U2792,8983717367412829,1282.9,Shillong,2022-04-04,06:28:09,MasterCard,Starbucks,Success,no
TX6448730,U8512,4405077973521354,1252.62,Darjeeling,2018-03-21,04:17:39,MasterCard,Best Buy,Success,no
TX5685412,U5013,0651120155722752,920.22,Chennai,2022-12-25,20:22:33,American Express,Apple Store,Success,no
TX2514209,U7169,3158072277959964,1843.7,Mysore,2021-05-10,05:41:22,American Express,Amazon,Failed,no
TX3960482,U1659,1860477528108221,1065.85,Goa,2020-08-07,03:32:41,RuPay,McDonald's,Failed,yes
TX6560127,U3667,5352344323527987,275.96,Jaipur,2019-10-11,18:24:45,Diners Club,Shell,Success,no
TX5319717,U9194,2495297355754561,745.44,Kochi,2024-04-23,08:47:26,Visa,Shell,Success,no
TX1770195,U1465,6224873197339958,1110.62,Mysore,2020-06-23,18:44:36,RuPay,Amazon,Success,no
TX1830702,U6458,7590475993180785,1763.87,Delhi,2018-10-07,11:04:52,American Express,Amazon,Failed,no
TX1531894,U3644,3120610550458245,633.44,Shillong,2023-11-25,12:48:58,Visa,Starbucks,Success,no
TX5948028,U9325,4150857111294635,752.53,Mysore,2020-10-19,18:09:25,MasterCard,Starbucks,Success,no
TX2361906,U3054,8260887719771961,803.87,Darjeeling,2025-02-13,04:50:49,RuPay,Best Buy,Success,no
TX8145729,U4970,8277534173274404,1058.35,Varanasi,2022-05-23,23:16:43,American Express,Walmart,Success,no
TX4011214,U3413,1023674676926215,1279.78,Leh,2023-09-29,06:36:48,MasterCard,Starbucks,Failed,no
TX6110817,U2869,5756234165235287,1317.44,Bangalore,2023-01-29,05:09:33,American Express,Target,Success,no
TX1144414,U1597,1548835056928887,419.93,Mumbai,2020-04-28,15:54:02,American Express,Walmart,Success,no
TX4691530,U9545,9725025522481008,286.95,Darjeeling,2024-11-01,06:04:31,MasterCard,Shell,Success,no
TX3596042,U207,0739185077787416,1761.45,Goa,2025-05-06,02:24:43,Visa,Amazon,Success,no
TX8935577,U4072,0202223266343151,563.09,Delhi,2022-04-13,08:08:33,MasterCard,Walmart,Success,no
TX5535788,U1327,1226515762098733,1365.45,Varanasi,2019-12-09,18:49:24,MasterCard,Walmart,Failed,no
TX7859621,U4771,7622103613133778,1186.46,Darjeeling,2024-11-04,02:50:27,Diners Club,Shell,Success,no
TX6249857,U457,9530247517301099,615.51,Hyderabad,2024-08-24,16:01:39,American Express,Flipkart,Success,no
TX5341891,U1873,5725844329929300,765.47,Bangalore,2019-11-10,02:49:44,Diners Club,Target,Success,no
TX4778137,U4378,5815297613476875,1898.3,Varanasi,2023-03-31,02:00:26,Visa,ExxonMobil,Success,no
TX6231687,U9315,1572218280113094,1254.59,Hyderabad,2020-11-02,04:19:34,MasterCard,Best Buy,Success,no
TX8524274,U4970,2474516012277664,114.28,Kochi,2021-05-07,23:21:13,American Express,Target,Failed,no
TX5399155,U3040,3429926132182186,1715.18,Mysore,2023-04-04,10:07:18,RuPay,Best Buy,Success,no
TX8139645,U8892,9087592114758367,504.48,Goa,2021-10-12,14:32:47,MasterCard,Apple Store,Success,no
TX9687640,U4725,5122088733708358,555.13,Jaipur,2020-10-24,21:34:11,RuPay,ExxonMobil,Failed,no
TX8163648,U4556,7772039488074663,221.54,Varanasi,2021-07-18,02:54:23,MasterCard,Best Buy,Success,yes
TX5924723,U1304,0266590723998235,1997.53,Kolkata,2023-04-20,13:41:06,Diners Club,Starbucks,Failed,yes
TX3900281,U1941,9694851151273816,1829.84,Kochi,2018-02-28,00:32:07,Diners Club,Apple Store,Success,no
TX1840978,U839,0948490797330947,669.03,Udaipur,2021-06-10,03:35:48,MasterCard,McDonald's,Success,yes
TX5552197,U309,0745134798413705,39.29,Udaipur,2020-05-22,10:34:05,RuPay,ExxonMobil,Success,no
TX3168839,U6720,1545668559369144,1325,Mysore,2019-07-30,05:29:20,American Express,Best Buy,Success,yes
TX7694405,U1930,7168933498757245,1711.59,Jaipur,2021-01-26,20:11:04,American Express,Walmart,Success,no
TX2907117,U9374,7304347272412842,1119.25,Chennai,2019-04-15,18:31:10,MasterCard,Flipkart,Success,yes
TX2725548,U4179,5842110987624906,1060.4,Kochi,2022-11-20,11:01:18,American Express,Walmart,Success,yes
TX4489167,U3894,5016334921209693,1827.17,Bangalore,2023-11-30,09:10:12,MasterCard,Walmart,Success,no
TX2344531,U7184,7323741054271820,598.54,Jaipur,2018-12-12,14:04:28,Diners Club,ExxonMobil,Failed,no
TX9243107,U1952,3846614619255520,487.65,Shillong,2019-11-28,00:50:37,American Express,Best Buy,Success,no
TX4342379,U7336,3214399396238649,857.03,Mysore,2025-03-21,17:53:18,Diners Club,Starbucks,Success,no
TX7716690,U4437,3412289290974521,978.54,Bangalore,2022-06-21,13:52:36,Diners Club,Shell,Success,no
TX5392402,U7042,4889966963577384,1169.17,Varanasi,2021-04-17,04:24:52,Visa,Flipkart,Success,no
TX7157381,U133,4572264259172499,1301.96,Mysore,2021-07-02,02:59:21,Diners Club,Shell,Success,no
TX2808605,U1726,1578978137005815,598.82,Kochi,2024-04-20,15:30:07,RuPay,Best Buy,Failed,no
TX4949162,U8431,3732510781642596,607.24,Mysore,2021-03-18,05:49:56,MasterCard,Shell,Success,no
TX8213845,U7233,2203370708470694,999.65,Bangalore,2020-05-31,11:51:45,MasterCard,Flipkart,Success,no
TX3043285,U989,1194830824572423,349.49,Chennai,2025-01-03,04:11:41,MasterCard,Shell,Success,no
TX7262534,U5992,9528131225947278,1885.64,Jaipur,2019-08-02,11:50:03,American Express,ExxonMobil,Failed,no
TX9020338,U1692,1118650013213994,1939.1,Mysore,2022-04-20,15:02:37,RuPay,Shell,Success,no
TX7806932,U5245,7266500065992808,1673.79,Chennai,2024-10-24,06:54:26,Visa,Flipkart,Success,no
TX6240165,U3233,3752657738629206,1907.4,Chennai,2024-02-19,02:48:34,MasterCard,Target,Success,yes
TX2076767,U8328,6281010404639701,841.89,Chennai,2022-01-24,21:44:08,MasterCard,Flipkart,Success,no
TX2406234,U78,5574567195268272,1980.59,Chennai,2021-08-25,08:33:18,Diners Club,McDonald's,Success,no
TX4796147,U6293,8477628398815698,1296.42,Mandya,2018-05-27,16:48:19,Visa,Starbucks,Success,no
TX7983642,U4472,3966584542849565,1689.81,Goa,2020-06-07,06:00:50,MasterCard,Target,Failed,no
TX8411794,U7039,9427771721712437,204.44,Delhi,2020-04-17,16:55:40,MasterCard,Shell,Success,no
TX1871430,U228,1699833091018923,1989.69,Chennai,2021-04-23,17:18:36,Visa,Shell,Failed,yes
TX8824446,U8698,3108096388228604,874.51,Hyderabad,2018-09-21,07:30:18,Diners Club,ExxonMobil,Success,no
TX1765866,U1738,7089513014420104,389.98,Jaipur,2019-09-09,05:08:16,Diners Club,Flipkart,Success,no
TX9045687,U3043,0248402625269109,1305.48,Kochi,2019-01-04,01:58:24,MasterCard,Target,Success,no
TX5310910,U6932,4551273012111481,1222.24,Jaipur,2024-05-18,17:12:13,RuPay,Walmart,Success,no
TX3724083,U1868,3036868413745866,602.32,Kochi,2023-10-30,20:26:07,Visa,McDonald's,Failed,no
TX4957470,U2575,0191067165735299,1610.47,Darjeeling,2022-07-06,23:40:19,American Express,Apple Store,Success,no
TX8731854,U8268,8003305554718111,779.21,Mumbai,2022-05-01,23:25:46,RuPay,Starbucks,Failed,no
TX3942203,U6225,4883528860706823,1040.69,Udaipur,2018-10-27,05:51:45,Diners Club,Amazon,Success,no
TX7920209,U2215,6354630578666007,1261.9,Jaipur,2018-12-22,06:38:17,MasterCard,McDonald's,Success,no
TX9455703,U6336,1916017240723151,261.27,Udaipur,2018-09-21,23:13:13,Visa,Shell,Success,no
TX6233755,U2668,6057531168226567,1080.31,Bangalore,2021-11-07,07:38:50,Visa,Starbucks,Success,yes
TX6720862,U6971,1080615973144529,1407.36,Hyderabad,2020-09-20,15:56:23,Visa,Amazon,Success,no
TX8847061,U1930,1209001132559964,1408.29,Hyderabad,2024-03-17,22:38:47,MasterCard,Shell,Failed,no
TX4077704,U7080,9298078913824833,1429.47,Udaipur,2024-12-31,01:56:47,MasterCard,Apple Store,Success,no
TX6916654,U4502,4036993921521449,1900.1,Delhi,2023-03-22,18:25:52,MasterCard,ExxonMobil,Success,no
TX5833160,U9970,5841008212368216,201.46,Udaipur,2025-02-02,10:41:37,MasterCard,Apple Store,Success,no
TX7096075,U4803,4309429068564728,1832.58,Mysore,2022-01-14,10:40:51,Visa,Amazon,Success,no
TX3180764,U7662,5720597894568225,1184.42,Varanasi,2022-12-30,23:42:30,MasterCard,Apple Store,Failed,no
TX2806648,U8492,8611739959569229,1066.72,Mandya,2021-04-11,23:43:27,RuPay,Amazon,Success,no
TX7679379,U5323,8492237402138385,1420.66,Chennai,2022-07-08,17:45:37,American Express,Shell,Success,yes
TX5902917,U4176,6624703951083566,556.58,Mysore,2023-12-20,07:34:53,American Express,Target,Success,no
TX3695566,U6959,1546565034485363,254.8,Mysore,2018-04-22,15:58:21,RuPay,Apple Store,Success,no
TX7562797,U3863,4421423290539376,1528.88,Kochi,2019-12-14,21:23:57,RuPay,Target,Success,no
TX1678531,U9026,0136371651426016,278.69,Hyderabad,2021-02-28,23:00:59,Visa,Flipkart,Success,no
TX8791615,U3346,8947617460924499,824.72,Chennai,2018-02-09,06:53:17,MasterCard,Walmart,Success,no
TX3243156,U4451,1462921107122828,1402.03,Mysore,2020-11-19,19:48:19,RuPay,ExxonMobil,Success,no
TX6813078,U6243,3177567832936653,290.7,Bangalore,2024-11-15,11:25:37,Visa,Flipkart,Success,no
TX1248352,U261,0393045273779447,1596.4,Goa,2020-09-18,01:37:18,Visa,Flipkart,Success,no
TX8687568,U6219,1430715467402808,960.5,Kochi,2019-04-13,20:17:18,Visa,Amazon,Failed,no
TX5079588,U2020,0118625836871294,1684.34,Leh,2025-01-23,09:52:46,MasterCard,Best Buy,Success,no
TX7859008,U6979,6062249032373978,953.52,Udaipur,2023-07-24,21:49:10,American Express,Shell,Success,no
TX8706089,U8904,3577824561812880,1136.91,Chennai,2023-08-02,14:50:58,Visa,McDonald's,Success,no
TX9963247,U9012,6539144983876858,14.57,Mandya,2021-09-12,23:20:46,Visa,Amazon,Success,no
TX3908442,U5437,1985572947175810,1668.02,Chennai,2021-05-17,08:36:20,American Express,Starbucks,Success,no
TX7178190,U9696,0186702158230482,1058.62,Kolkata,2020-11-14,00:38:50,MasterCard,ExxonMobil,Failed,no
TX3945122,U7991,8723760521838883,1168.14,Mandya,2021-09-25,03:00:45,Visa,Walmart,Success,no
TX5903879,U1619,3893735377378763,1657.07,Kolkata,2022-03-21,17:48:15,Visa,Starbucks,Failed,no
TX5780715,U7586,5904957953451596,1728.17,Darjeeling,2020-02-24,00:59:23,Diners Club,ExxonMobil,Success,yes
TX7722711,U3897,4638727659934551,40.84,Mysore,2018-07-29,09:09:48,Visa,ExxonMobil,Success,no
TX7652489,U5475,9903980581492715,818.07,Jaipur,2022-10-05,18:08:10,American Express,Apple Store,Success,yes
TX8117842,U5214,7747072896992391,1842.28,Goa,2020-09-06,18:14:46,American Express,Best Buy,Success,no
TX4957275,U6551,8826099300961993,1639.8,Bangalore,2019-06-29,14:09:11,Diners Club,Target,Success,no
TX4463333,U7465,8943668482276279,1007.62,Delhi,2024-04-04,08:38:38,Diners Club,Amazon,Success,no
TX7100998,U1824,6539030782327422,17.64,Bangalore,2018-10-31,11:03:38,Visa,Apple Store,Failed,no
TX9275133,U7413,4668842507201871,1209.47,Chennai,2022-10-21,08:02:17,Visa,Amazon,Success,no
TX2147552,U605,8039853525266205,1410.01,Mumbai,2023-11-13,10:45:23,RuPay,Flipkart,Failed,no
TX9972610,U2418,5423744280716793,1218.58,Varanasi,2025-04-24,15:28:41,Diners Club,Amazon,Success,no
TX9199695,U420,0299078294666312,1660.38,Goa,2021-08-19,15:01:10,RuPay,Starbucks,Success,no
TX9406774,U6897,1624250853200847,1931.39,Kochi,2020-03-21,06:07:37,MasterCard,Best Buy,Success,no
TX3228227,U5834,7323037557299499,252.88,Shillong,2024-09-02,14:26:09,Visa,Starbucks,Success,no
TX7301124,U2956,6315693626498213,910.5,Delhi,2025-02-12,22:28:55,Visa,ExxonMobil,Success,no
TX7656333,U2930,3634511118373950,1527.3,Hyderabad,2023-07-05,19:15:24,MasterCard,Walmart,Success,no
TX8496581,U7009,6912218954905745,748.87,Bangalore,2023-05-11,11:49:42,Visa,Walmart,Success,no
TX2115684,U5353,9688971065918276,1469.97,Jaipur,2024-08-17,23:34:25,Visa,Flipkart,Success,no
TX2478633,U2636,8985950648345170,1615.01,Kolkata,2025-06-21,07:09:58,RuPay,McDonald's,Success,no
TX7870729,U7388,8395383566967506,637.03,Chennai,2022-11-19,08:27:46,Visa,Starbucks,Success,no
TX3413352,U4351,4641003615025902,1452.78,Mysore,2023-03-13,15:28:44,MasterCard,Shell,Success,no
TX1403726,U4579,5599927210455689,885.93,Kochi,2024-03-18,11:06:51,RuPay,Walmart,Failed,no
TX1806809,U8295,0302530163831395,667.97,Chennai,2019-08-15,00:49:36,Diners Club,Shell,Success,no
TX9623109,U1486,6993497781463942,1298.5,Varanasi,2020-04-14,17:58:21,Visa,Apple Store,Success,no
TX2610801,U696,7136873003007524,1738.99,Jaipur,2020-08-02,17:19:59,RuPay,Target,Success,yes
TX8354432,U1087,7027130326512877,482.09,Shillong,2019-08-18,15:06:55,RuPay,Best Buy,Success,yes
TX4989567,U7005,0313771106930729,679.02,Mysore,2022-01-31,17:08:07,American Express,Target,Success,no
TX2665050,U9236,5997482036444116,1526.31,Chennai,2024-08-22,02:25:29,RuPay,McDonald's,Success,no
TX4567160,U9070,1083016149221891,417.34,Bangalore,2022-11-04,18:20:58,Visa,Amazon,Success,no
TX2131235,U4475,6840404883548039,441.9,Shillong,2023-01-16,19:45:07,RuPay,Target,Failed,no
TX4745835,U493,4135974016798982,813.43,Varanasi,2018-12-22,18:05:15,Diners Club,Apple Store,Success,no
TX9710946,U2254,2542881474527606,606,Leh,2024-10-10,14:43:10,Visa,Flipkart,Failed,no
TX8721039,U8218,1042480477346397,356.4,Mumbai,2025-05-25,11:59:00,American Express,Target,Success,no
TX1131969,U4613,7674302735253538,1278.71,Darjeeling,2024-01-13,09:45:04,MasterCard,Target,Success,no
TX8492820,U4385,3474899328205062,1293.36,Goa,2021-01-24,01:28:14,Diners Club,Flipkart,Success,no
TX8004713,U7758,4943433840298922,706.58,Goa,2018-03-05,04:24:14,Visa,Walmart,Success,no
TX2075049,U9174,8643304659672719,1503.86,Mandya,2023-06-30,09:07:07,Diners Club,Walmart,Success,yes
TX1091188,U1568,8532052033571889,1266.62,Varanasi,2023-12-24,03:51:16,American Express,Amazon,Success,no
TX6914101,U2237,2092879479005094,1147.97,Kolkata,2024-02-01,01:41:16,American Express,Best Buy,Success,no
TX3518081,U1238,4759945029683623,1472.92,Chennai,2023-02-17,23:12:49,American Express,Target,Success,yes
TX2378609,U7862,5090781746757457,619.43,Shillong,2019-04-09,04:21:44,Diners Club,McDonald's,Success,yes
TX3281401,U821,7664730341717551,1892.23,Hyderabad,2019-12-15,15:26:02,American Express,Flipkart,Success,no
TX4530295,U4381,7072357604960423,756.49,Udaipur,2019-07-02,04:09:13,Diners Club,McDonald's,Success,no
TX9440752,U7584,0592161634248250,935.15,Kolkata,2019-07-25,01:01:49,Visa,Apple Store,Success,no
TX7277298,U8884,6500668954947096,1509.41,Darjeeling,2020-04-05,16:01:22,Diners Club,Flipkart,Success,no
TX7012074,U5057,7450083076998995,79.72,Jaipur,2020-11-08,03:03:01,American Express,Amazon,Success,no
TX3718525,U6909,1538595563414138,578.12,Delhi,2022-02-01,18:30:03,MasterCard,Walmart,Failed,no
TX8081896,U4900,8355060206608853,1012.09,Varanasi,2021-05-13,15:13:11,American Express,Starbucks,Success,no
TX2585290,U7173,0048444544488897,1009.49,Mandya,2025-01-15,12:15:05,RuPay,Amazon,Success,no
TX2853526,U432,7105454511265930,1046.4,Kolkata,2021-04-21,18:44:58,RuPay,Shell,Success,no
TX4300838,U6131,8674031175506517,670.13,Chennai,2021-04-11,10:57:41,Diners Club,Starbucks,Success,no
TX7887517,U2391,8889633018247697,1801.84,Jaipur,2020-06-28,14:53:27,Visa,Shell,Success,no
TX8828392,U1809,8917494672402769,482.09,Leh,2024-03-31,06:37:59,RuPay,Flipkart,Failed,no
TX4558088,U8860,1871487720487572,45.19,Chennai,2023-08-07,11:51:31,American Express,ExxonMobil,Failed,yes
TX6555813,U4582,2341498339022054,213.76,Shillong,2019-12-15,08:41:28,Diners Club,Walmart,Success,no
TX2095969,U2986,3101209717229950,1737.72,Varanasi,2020-08-15,05:43:14,Visa,Shell,Success,yes
TX7648075,U114,4410626393936710,1285.27,Varanasi,2023-12-26,01:50:03,RuPay,ExxonMobil,Success,no
TX5787261,U8403,3854711792418607,1991.54,Darjeeling,2020-11-07,03:34:26,American Express,Starbucks,Success,no
TX6741920,U5658,7167088740726049,592.89,Kochi,2024-02-08,21:14:31,Visa,Flipkart,Success,no
TX5483319,U8367,5722013081682994,1031.16,Kolkata,2021-11-07,16:05:02,MasterCard,Shell,Success,no
TX9449422,U7618,9942053241413263,1828.34,Leh,2024-06-10,13:27:04,Diners Club,Shell,Success,no
TX6915628,U4010,9101131264758090,893.9,Varanasi,2021-03-04,08:06:03,Diners Club,Target,Success,no
TX6646074,U4869,4121903322999452,931.59,Kolkata,2023-03-21,17:17:05,MasterCard,ExxonMobil,Success,no
TX2988452,U8907,8482785514589163,1642.81,Mumbai,2021-09-28,08:36:10,RuPay,Shell,Success,yes
TX2170038,U6037,8044307077982641,1994.37,Chennai,2018-10-17,12:43:36,MasterCard,Walmart,Success,no
TX1029259,U4048,0155880801463954,372.43,Leh,2019-04-21,17:52:20,Visa,ExxonMobil,Success,yes
TX9034575,U4716,0525162365408287,1952.75,Darjeeling,2022-05-27,08:11:54,Visa,Walmart,Success,no
TX2355618,U8002,3718593614756458,822.04,Bangalore,2025-04-07,00:11:00,Diners Club,Flipkart,Success,no
TX7201131,U758,7103038896104204,1394.53,Kolkata,2019-04-10,20:59:53,Visa,Shell,Success,no
TX9724130,U8947,2730189538628366,611.25,Udaipur,2018-04-22,14:32:22,Visa,Target,Success,no
TX9022361,U5223,0508337621526843,621.06,Kochi,2025-01-03,08:36:28,RuPay,Best Buy,Success,no
TX7348327,U2414,7494732628473892,535.07,Leh,2023-10-05,17:52:45,Diners Club,Target,Failed,no
TX6908410,U8534,4306000873332699,1709.92,Mysore,2020-05-29,03:21:02,MasterCard,McDonald's,Success,no
TX9607071,U8920,4580681456589286,904.81,Leh,2023-01-05,17:03:04,Visa,Shell,Success,no
TX4735448,U3787,7819879321641502,1290.37,Chennai,2021-07-27,03:10:01,Visa,Flipkart,Success,no
TX9624516,U3605,2557355883229886,1953.85,Mandya,2023-03-06,16:49:30,RuPay,Best Buy,Failed,yes
TX2757817,U8787,6052492636162459,1849.92,Bangalore,2018-03-07,12:54:48,Diners Club,Starbucks,Failed,no
TX3922669,U3996,8800073858153017,1805.07,Hyderabad,2022-03-01,21:30:29,MasterCard,Amazon,Success,no
TX1183848,U6729,9223136818443056,833.07,Mandya,2023-09-22,23:44:21,RuPay,Apple Store,Success,no
TX7729858,U2420,7191879762361663,1852.54,Leh,2022-01-15,21:52:02,RuPay,Target,Success,no
TX6282093,U6567,4721366456612915,508.84,Delhi,2023-07-13,22:19:26,RuPay,ExxonMobil,Success,no
TX5878379,U4791,4184732789220548,1705.13,Bangalore,2019-08-01,22:55:14,American Express,Best Buy,Success,no
TX5431078,U4773,1247682971454150,362.72,Hyderabad,2023-12-18,06:06:37,MasterCard,Apple Store,Success,no
TX5170336,U1349,7897577790143452,1013.38,Mumbai,2020-05-13,18:55:45,American Express,Amazon,Success,no
TX4567077,U8972,5191823534081001,1212.21,Delhi,2018-10-01,02:46:48,American Express,Flipkart,Success,no
TX6880975,U2734,5078547904382053,983.21,Delhi,2018-03-18,04:37:38,RuPay,Amazon,Failed,no
TX8755773,U8960,9097658868406559,115.11,Leh,2023-04-11,21:43:37,Diners Club,Best Buy,Failed,no
TX9714090,U3698,5021956312803332,1059.82,Mandya,2018-03-28,17:17:36,RuPay,ExxonMobil,Success,no
TX6492692,U8841,1035487329983121,733.1,Mumbai,2024-10-01,19:30:55,Diners Club,Flipkart,Success,yes
TX3994828,U9721,5077057904421155,198.3,Mysore,2022-05-10,07:19:57,RuPay,Flipkart,Failed,no
TX5486710,U6456,5955320199955885,839.33,Mandya,2023-02-13,06:31:19,MasterCard,McDonald's,Success,no
TX3968072,U2685,0048726739698991,1038.66,Chennai,2020-04-06,10:24:31,RuPay,Apple Store,Failed,no
TX8421674,U7986,2384195697908504,1943.4,Bangalore,2024-12-31,09:16:01,Diners Club,Flipkart,Success,no
TX9432547,U735,5416606822986805,187.75,Mandya,2018-01-23,23:28:30,RuPay,Walmart,Success,no
TX8833249,U5019,2619809243599419,1307.01,Mysore,2018-09-09,06:02:55,Visa,Flipkart,Success,no
TX6947164,U1059,7331598125604036,348.61,Shillong,2023-05-09,12:55:48,MasterCard,Shell,Success,no
TX6070031,U5569,9870767795560760,806.58,Leh,2020-08-05,17:53:13,American Express,McDonald's,Success,no
TX4538677,U811,0114451243430132,1159.77,Jaipur,2024-03-06,17:46:32,RuPay,Best Buy,Success,no
TX7851365,U1243,6354612811931944,1869.12,Mysore,2021-12-06,13:34:58,Diners Club,Best Buy,Success,yes
TX7422926,U6591,6423678099738672,908.91,Shillong,2018-01-31,18:29:52,Diners Club,Amazon,Success,yes
TX1665403,U2373,6705780181065159,607.16,Kochi,2023-02-18,21:20:21,American Express,Walmart,Failed,no
TX3743398,U2647,0603818888899042,69.51,Chennai,2019-05-29,16:06:44,Diners Club,Target,Success,no
TX5894679,U8305,3771550411620562,987.19,Jaipur,2024-12-01,11:44:46,Visa,ExxonMobil,Success,no
TX6693703,U7777,7147493627502823,1192.59,Jaipur,2018-12-10,00:15:34,American Express,Target,Success,no
TX4332545,U1274,1126348630100778,197.82,Kochi,2020-02-04,04:32:11,MasterCard,Flipkart,Success,no
TX9875231,U1837,2843804098524070,1541,Chennai,2024-12-09,16:17:28,American Express,Apple Store,Success,yes
TX6936556,U4734,1896859618915606,554.71,Leh,2019-12-09,08:58:52,American Express,Flipkart,Success,no
TX9398946,U8417,7666246976896136,577.22,Jaipur,2020-09-08,22:00:37,RuPay,ExxonMobil,Success,no
TX1547164,U356,1924402526808194,1017.32,Delhi,2020-01-25,23:08:49,Diners Club,Starbucks,Success,no
TX9266676,U4338,0060299279539441,946.24,Varanasi,2020-04-11,14:52:11,RuPay,Amazon,Success,no
TX8085835,U9488,9060565250344006,794.58,Delhi,2018-07-12,08:11:58,Diners Club,Walmart,Success,no
TX5733928,U240,0775795452400329,317.01,Jaipur,2018-07-08,22:06:07,American Express,Flipkart,Success,no
TX3018055,U911,6555361321063299,112.96,Jaipur,2019-03-15,09:31:29,MasterCard,Best Buy,Success,no
TX8392853,U2640,1026239048257546,1948.2,Kolkata,2019-02-03,06:29:53,RuPay,Amazon,Success,yes
TX3585534,U3330,0652271646359985,119.26,Shillong,2018-08-10,10:59:03,MasterCard,Starbucks,Success,no
TX2791151,U475,0197884326373581,1707.3,Leh,2019-07-08,19:51:35,RuPay,Walmart,Success,no
TX9415298,U486,1335317107352122,1853.14,Jaipur,2020-09-15,11:05:26,RuPay,Starbucks,Success,yes
TX7688740,U8536,9202889570794636,1596.24,Delhi,2023-08-12,04:11:03,RuPay,Walmart,Success,no
TX5617212,U3631,1410425094318770,1237.36,Hyderabad,2022-05-30,16:58:48,Diners Club,Best Buy,Failed,no
TX7337800,U6121,6881774601966004,694.58,Delhi,2022-01-05,17:02:41,RuPay,Target,Success,no
TX8652674,U5734,8994454087275147,420.77,Bangalore,2018-10-17,12:09:02,Visa,Apple Store,Success,no
TX3948795,U1188,9224764302064930,1464.86,Chennai,2023-03-13,12:21:35,MasterCard,Starbucks,Success,no
TX1735631,U8714,9715523611413862,998.73,Mumbai,2019-06-14,00:12:43,Visa,Apple Store,Success,no
TX5590293,U4639,0918304896268862,874.33,Hyderabad,2022-03-29,13:23:21,American Express,Apple Store,Success,no
TX7509607,U6776,0005300976942776,448.47,Jaipur,2021-01-19,06:41:39,American Express,Amazon,Success,yes
TX4174295,U6076,2971925454756088,519.75,Leh,2024-09-20,00:21:34,RuPay,Flipkart,Success,no
TX4024270,U4082,2412977497077556,1500.04,Udaipur,2021-02-08,02:44:22,American Express,Starbucks,Success,no
TX6200943,U105,6367847467874421,1819.08,Darjeeling,2021-03-06,09:24:04,Visa,ExxonMobil,Failed,no
TX5341138,U3641,4474761474411396,808.03,Shillong,2020-03-03,00:24:35,MasterCard,ExxonMobil,Success,yes
TX8290345,U7954,6084298384897067,235.56,Darjeeling,2022-01-16,19:51:38,American Express,Best Buy,Success,no
TX8050026,U9628,3110679163630525,538.38,Mandya,2023-06-22,20:33:04,MasterCard,Amazon,Failed,no
TX7964832,U952,8618888580525873,811.9,Delhi,2023-03-27,02:17:20,Visa,Walmart,Success,yes
TX6303077,U8674,0143406228707998,1927.18,Chennai,2021-05-03,21:52:14,RuPay,Starbucks,Success,yes
TX3964102,U7975,5438801164768595,1044.46,Darjeeling,2019-07-02,06:36:37,RuPay,Best Buy,Success,yes
TX5707923,U8143,7800351034946162,1666.7,Varanasi,2018-08-19,12:22:48,MasterCard,Shell,Success,no
TX2142649,U6664,8629652362801223,969.11,Kolkata,2018-12-02,23:40:44,Diners Club,Best Buy,Failed,no
TX8095274,U2811,1919982046641750,1752.37,Delhi,2020-05-26,11:24:53,American Express,ExxonMobil,Success,no
TX9157769,U2346,4615568742145900,1032.05,Jaipur,2022-01-21,05:01:08,MasterCard,ExxonMobil,Success,yes
TX4162620,U8525,0840364242854579,1511.1,Varanasi,2024-03-28,13:25:48,RuPay,Shell,Success,no
TX2467068,U5549,9359763145666175,1029.65,Udaipur,2021-01-13,01:33:26,MasterCard,Amazon,Success,no
TX2068542,U9112,9536245985781243,1592.36,Goa,2021-12-01,14:00:14,American Express,Best Buy,Success,no
TX2562939,U2273,9843131074772607,484.69,Goa,2019-12-01,01:48:05,Diners Club,ExxonMobil,Success,yes
TX6232741,U8043,2144732684761712,1536.01,Jaipur,2025-04-02,13:05:56,American Express,McDonald's,Failed,no
TX5169858,U2090,6359400759691653,58.76,Hyderabad,2021-12-15,21:54:46,Visa,Apple Store,Success,no
TX5505139,U4267,6773201940959748,1312.36,Delhi,2024-03-30,08:04:29,Visa,Flipkart,Success,yes
TX1848136,U7228,5842973974076453,1181.1,Bangalore,2025-06-24,07:27:02,Visa,ExxonMobil,Success,yes
TX4979055,U1993,3335307513798828,521.4,Mandya,2021-04-01,05:48:30,Visa,Amazon,Success,no
TX5077724,U5126,2625042617375678,1349.07,Mandya,2024-01-14,09:22:08,Diners Club,ExxonMobil,Success,no
TX8141668,U1672,4684298583195739,1172.53,Mandya,2021-11-30,04:52:55,Diners Club,ExxonMobil,Success,no
TX2294238,U8565,2390490783682240,175.09,Mumbai,2023-06-11,06:57:36,Visa,Flipkart,Success,no
TX7244215,U8714,4900099339208794,1753.14,Darjeeling,2019-02-03,10:55:52,RuPay,ExxonMobil,Success,no
TX3493592,U5201,6633780114779645,154.71,Udaipur,2025-03-20,13:59:24,MasterCard,ExxonMobil,Success,yes
TX3240601,U2685,0854385197001656,1985.19,Leh,2018-04-05,08:25:32,American Express,Target,Success,no
TX2495725,U13,9334728806979614,1982.23,Shillong,2020-06-10,03:00:48,MasterCard,Walmart,Success,yes
TX6697895,U7839,2693398229141185,1336.32,Darjeeling,2020-10-12,00:28:42,Visa,McDonald's,Success,no
TX6915526,U5328,6725002147224236,347.26,Kolkata,2021-04-12,03:18:44,Visa,McDonald's,Success,yes
TX1245427,U1310,8929141109116035,807.73,Delhi,2018-04-18,03:31:24,American Express,Starbucks,Failed,no
TX5975253,U9833,2006366072242408,275.58,Jaipur,2024-02-05,05:42:28,Diners Club,Target,Failed,no
TX7127783,U9141,8922665477202012,1516.74,Goa,2024-04-11,18:25:12,RuPay,Target,Success,yes
TX5433693,U5542,7633473160385908,278.02,Udaipur,2018-10-25,02:54:38,MasterCard,Apple Store,Success,yes
TX8129421,U9061,6670593927278516,1288.13,Goa,2024-08-31,06:10:51,RuPay,ExxonMobil,Success,no
TX8399884,U8106,6972842050576483,1729.29,Shillong,2021-09-04,08:32:48,RuPay,Best Buy,Success,no
TX7200914,U1224,9009043258832509,893.4,Mandya,2023-02-12,22:43:32,MasterCard,Amazon,Success,no
TX3321263,U2336,1560325648970514,41.29,Udaipur,2020-06-04,22:36:29,American Express,Walmart,Success,no
TX7584020,U9539,0457525052444170,618.17,Varanasi,2023-03-24,01:03:04,RuPay,Shell,Success,no
TX3410191,U7837,7043765324860936,1067.75,Goa,2018-01-22,11:53:58,American Express,Target,Success,no
TX8985296,U4525,1120849461794506,260.97,Mandya,2018-12-04,09:27:41,RuPay,Walmart,Success,no
TX6675860,U2143,7704104633274685,1661.26,Darjeeling,2024-09-10,05:34:57,MasterCard,Best Buy,Failed,yes
TX4581012,U2048,8297518425219711,309.44,Darjeeling,2023-09-09,01:35:14,Diners Club,Amazon,Success,no
TX3061111,U593,7370081327259086,783.41,Goa,2023-07-29,14:30:10,RuPay,ExxonMobil,Success,no
TX5927267,U5925,5039999020017245,1728.97,Leh,2018-04-07,12:11:57,MasterCard,Best Buy,Success,no
TX3857451,U5276,3478473165868358,1299.68,Delhi,2020-04-19,12:18:20,RuPay,Best Buy,Success,no
TX6486740,U6248,7841802051184166,1217.72,Shillong,2018-12-18,11:00:38,RuPay,Apple Store,Success,yes
TX2362473,U4130,3215417459882014,1757.49,Udaipur,2021-10-08,04:57:42,American Express,Best Buy,Success,no
TX6887686,U1939,7801608712880177,1618.61,Hyderabad,2022-08-30,09:35:42,American Express,McDonald's,Success,yes
TX7745503,U2754,5028927153299477,1113.02,Hyderabad,2019-12-01,09:09:25,MasterCard,Amazon,Success,no
TX9132819,U7372,3096132965198512,1538.81,Bangalore,2023-08-29,00:04:38,Visa,Starbucks,Success,no
TX1883446,U2468,2012190250489649,1798.63,Shillong,2023-08-26,21:42:42,American Express,Flipkart,Success,no
TX3813847,U4927,0851902962824758,369.24,Kochi,2019-10-01,19:49:43,Diners Club,Apple Store,Success,no
TX3749163,U780,9834809406042261,573.2,Mysore,2025-02-06,20:32:37,RuPay,Amazon,Success,no
TX5298609,U7974,7573042888734510,10.76,Kolkata,2020-05-16,14:26:09,Visa,Best Buy,Success,yes
TX9676787,U2642,4025738662211943,1709.85,Bangalore,2024-04-16,07:52:04,Visa,McDonald's,Success,no
TX2423541,U5012,8433879833647066,1791.9,Shillong,2018-09-27,04:22:06,MasterCard,Starbucks,Success,no
TX2034123,U3030,1148213404263553,194.79,Shillong,2023-10-26,09:09:45,American Express,ExxonMobil,Success,no
TX4904240,U9352,6233559437625230,1464.23,Chennai,2018-11-09,04:07:36,RuPay,Target,Success,no
TX8864456,U838,9323088208951995,1679.37,Goa,2020-10-30,04:01:20,MasterCard,Flipkart,Success,yes
TX1576975,U5077,6439373449876088,543.36,Leh,2019-12-20,20:00:38,MasterCard,Amazon,Success,no
TX6197822,U6964,5554550547733969,1046.02,Hyderabad,2021-12-01,04:28:06,RuPay,Walmart,Success,no
TX7295637,U820,6106313926440201,434.34,Udaipur,2024-09-06,03:04:21,RuPay,Amazon,Failed,no
TX7974713,U8710,0107434356729385,496.32,Kolkata,2021-07-08,01:42:39,Visa,Best Buy,Success,yes
TX2150385,U3731,0979414182340280,1558.36,Shillong,2019-02-08,13:46:04,American Express,Shell,Failed,no
TX7037492,U8393,0110083559132426,1200,Jaipur,2023-05-22,00:57:15,MasterCard,Flipkart,Success,yes
TX9159741,U2282,0936831685644579,1220.53,Chennai,2023-08-14,02:54:26,Visa,Best Buy,Success,no
TX9680743,U1552,8889100388902530,154.4,Goa,2018-12-24,07:08:18,MasterCard,Target,Success,yes
TX1800486,U1598,5617120740962832,524.79,Udaipur,2023-03-22,16:21:57,Visa,McDonald's,Success,no
TX7193357,U1165,6089876446245046,907.18,Mysore,2023-08-06,23:13:43,RuPay,ExxonMobil,Success,no
TX7078091,U6069,7472538227712688,1633.45,Leh,2018-12-23,04:55:07,RuPay,Apple Store,Success,no
TX9584408,U1672,9176237277034598,1436.64,Hyderabad,2020-07-22,07:08:38,RuPay,Apple Store,Success,no
TX3112371,U5703,9640260084634735,1846.54,Darjeeling,2022-08-26,13:39:41,Visa,Apple Store,Success,yes
TX5344243,U5459,1168314588279343,733.66,Kochi,2024-01-25,07:13:26,RuPay,McDonald's,Success,yes
TX7441144,U3301,9651521621878516,940.41,Kochi,2025-04-06,12:56:27,Visa,Best Buy,Success,yes
TX3374219,U4825,3137445906169710,1984.58,Mumbai,2020-08-16,13:57:46,American Express,Starbucks,Success,no
TX6183662,U5036,0761897576571431,488.14,Jaipur,2025-03-07,03:28:09,MasterCard,ExxonMobil,Success,no
TX4237625,U751,8376776487691825,535.84,Darjeeling,2018-09-14,18:38:16,Visa,ExxonMobil,Success,yes
TX3003901,U4527,4803898552044207,545.5,Mysore,2024-04-21,15:27:47,Visa,Apple Store,Success,no
TX4551001,U1380,7446997359045180,1286.92,Goa,2019-03-07,11:06:41,RuPay,ExxonMobil,Success,no
TX5370135,U2555,1091099733961352,1920.04,Goa,2020-08-24,21:20:40,Diners Club,Amazon,Success,yes
TX2366502,U4219,7165892658319871,1706.23,Hyderabad,2025-01-22,03:11:11,RuPay,McDonald's,Success,no
TX1309758,U8104,8656436871458958,293.23,Kolkata,2023-03-27,10:05:56,RuPay,Starbucks,Success,no
TX2279230,U9932,7419408487629902,1345.55,Delhi,2023-09-28,21:46:47,Diners Club,Walmart,Success,no
TX9701961,U3512,3723952967043357,1750.81,Shillong,2022-10-20,23:41:10,American Express,ExxonMobil,Success,no
TX6716348,U509,2798266230865709,1588.25,Bangalore,2019-03-02,22:44:17,MasterCard,Amazon,Success,no
TX9517758,U1037,1856816739753338,1690.37,Udaipur,2021-08-01,12:03:20,MasterCard,Flipkart,Success,no
TX1732563,U7864,4314252541957470,1127.12,Kochi,2023-11-06,21:45:04,Diners Club,Best Buy,Success,no
TX8192792,U4538,5245216548080616,1256.82,Goa,2024-10-25,02:05:47,MasterCard,Shell,Success,no
TX8534514,U1466,8693692300377721,1660.67,Bangalore,2020-02-25,08:19:57,Visa,Amazon,Failed,no
TX5339425,U3823,8218568323735567,729.8,Mysore,2025-01-15,14:12:19,MasterCard,Flipkart,Success,yes
TX8394718,U4903,6059905461375573,12.47,Mysore,2024-08-01,18:58:20,American Express,ExxonMobil,Success,no
TX4479435,U6594,9340900842270114,1331.65,Darjeeling,2020-07-07,10:52:08,American Express,ExxonMobil,Success,no
TX6036636,U3018,0277248767605291,401.2,Delhi,2025-02-14,11:02:21,Visa,Best Buy,Success,no
TX1552834,U6230,7815797030723362,1184.65,Chennai,2023-12-18,00:29:45,American Express,Starbucks,Success,no
TX9307923,U9130,5085769582504679,587.24,Darjeeling,2020-09-21,23:10:04,MasterCard,Walmart,Failed,no
TX4100641,U6046,6838661575906112,1146.31,Shillong,2022-07-26,16:21:04,MasterCard,ExxonMobil,Success,no
TX1672345,U8389,9563524799885484,1798.65,Varanasi,2024-11-17,20:26:42,Visa,Apple Store,Success,no
TX1511204,U7345,1780100105269416,1564.38,Mandya,2021-11-12,15:04:07,MasterCard,McDonald's,Success,yes
TX7418674,U4651,9927540795162950,1009.21,Kochi,2019-04-17,06:24:08,Diners Club,McDonald's,Failed,yes
TX3415910,U3145,6316627325323861,150.15,Mumbai,2020-04-11,02:08:56,American Express,Flipkart,Failed,no
TX7579334,U2703,2374894299700449,571.07,Hyderabad,2024-02-17,22:14:26,MasterCard,Walmart,Success,no
TX4111783,U3585,3823230650428091,1258.49,Leh,2022-01-29,13:04:17,RuPay,Starbucks,Failed,no
TX3304361,U5851,7775873123893671,202.85,Jaipur,2018-11-30,16:00:24,RuPay,ExxonMobil,Success,no
TX9509007,U3586,9332145930099304,10.58,Hyderabad,2024-02-14,15:06:49,RuPay,Walmart,Success,no
TX6400743,U6660,9024874604468796,1908.49,Mysore,2018-06-21,11:53:26,MasterCard,Starbucks,Success,no
TX2243182,U2696,8189372792790242,1275.79,Jaipur,2020-09-16,00:35:04,MasterCard,Amazon,Success,no
TX9165264,U1755,6970427110361124,1099.68,Mumbai,2025-02-25,07:00:24,American Express,McDonald's,Success,no
TX9502037,U2947,0107476988170470,47.93,Bangalore,2021-08-14,09:25:03,Visa,Starbucks,Success,no
TX9119112,U749,0825203583185591,1961.91,Darjeeling,2022-03-23,06:51:38,RuPay,Target,Success,no
TX5216161,U8170,6661049012083949,786.53,Leh,2023-08-04,02:58:35,MasterCard,Flipkart,Success,no
TX5986220,U4184,8432711250919394,1700.97,Kolkata,2024-01-28,23:58:47,MasterCard,ExxonMobil,Success,no
TX8523037,U7861,2025231081840961,765.44,Delhi,2022-03-27,14:24:43,RuPay,Flipkart,Success,yes
TX3000228,U2812,3151381197042276,1582.25,Mumbai,2021-03-10,22:20:20,RuPay,Amazon,Success,no
TX7683983,U8009,5952083717205516,440.3,Mandya,2018-10-01,18:17:50,RuPay,Starbucks,Success,no
TX7636705,U2577,8607849614197991,570.73,Mysore,2021-08-06,10:12:08,American Express,Shell,Success,yes
TX8651673,U5019,8150969520953063,1247.21,Shillong,2023-03-09,17:37:57,American Express,Amazon,Success,yes
TX5620798,U4458,4640431894165932,1761.56,Kolkata,2018-11-19,18:38:06,Visa,Walmart,Success,no
TX3215751,U146,1069604445065969,69.96,Kochi,2024-02-18,04:06:52,Visa,Apple Store,Success,no
TX1471302,U4513,5170129549629943,1076.97,Varanasi,2023-03-13,20:51:30,Diners Club,Starbucks,Success,no
TX5040652,U7498,9668897253956478,1387.94,Leh,2024-06-26,22:05:52,MasterCard,McDonald's,Success,yes
TX2618847,U1860,4725186766176137,1098.53,Chennai,2020-09-18,04:07:00,Diners Club,Shell,Success,no
TX7576186,U8284,0290132747148696,548.79,Jaipur,2021-10-29,14:17:46,American Express,Walmart,Success,no
TX7051949,U2505,9329306418220571,1450.89,Bangalore,2018-05-19,20:12:20,Diners Club,Walmart,Failed,no
TX8074897,U2964,3460462734488611,1321.43,Shillong,2025-01-07,23:19:23,RuPay,Apple Store,Success,no
TX8975498,U8088,3995684279053710,1961.13,Varanasi,2023-04-13,18:04:41,MasterCard,Amazon,Success,no
TX7779915,U3706,7776338548727767,331.35,Udaipur,2019-05-21,05:37:09,American Express,Starbucks,Success,no
TX4253721,U5392,6229283399150645,1598.24,Udaipur,2018-06-26,19:12:39,American Express,Walmart,Success,yes
TX7977966,U5184,5944506299247040,1088.67,Jaipur,2022-03-23,07:39:39,Diners Club,Starbucks,Success,no
TX3983798,U4947,5575827704881702,1704.3,Chennai,2019-06-25,15:05:41,American Express,McDonald's,Success,no
TX2541740,U7010,6042405986754354,656.47,Mysore,2019-01-27,03:19:37,American Express,Starbucks,Success,no
TX1771456,U6502,9442220225340748,84.59,Delhi,2024-08-22,19:50:22,Visa,Amazon,Success,no
TX6365277,U4980,2007525941235130,972.23,Mandya,2021-05-16,09:25:28,RuPay,Apple Store,Success,no
TX7486969,U7028,9850083234605730,1349.08,Mandya,2020-02-14,03:51:55,MasterCard,Target,Failed,yes
TX7054927,U4793,3704175931175936,882.09,Mumbai,2023-01-21,15:10:13,MasterCard,Flipkart,Failed,no
TX5363630,U4671,1224354434773641,1003.71,Mysore,2020-05-03,01:43:31,Visa,Walmart,Success,no
TX8012793,U8044,0865329618319986,275.95,Jaipur,2024-04-01,11:22:31,Diners Club,Flipkart,Success,no
TX5221809,U7021,8427390393651926,1428.7,Jaipur,2022-05-07,15:54:47,MasterCard,Amazon,Success,yes
TX5816414,U2130,1607731916565783,467.93,Varanasi,2019-09-03,17:28:46,Visa,Target,Success,no
TX8332901,U2250,2949594999603922,1301.02,Shillong,2018-11-03,05:57:26,American Express,Best Buy,Success,no
TX1379502,U9034,1263836420219211,1220.86,Chennai,2022-11-20,07:37:13,American Express,Starbucks,Success,no
TX2322733,U2426,1807454741622312,1045.97,Bangalore,2024-12-25,14:23:29,MasterCard,Shell,Success,no
TX8943850,U2136,2548545114104221,781.8,Bangalore,2021-01-30,17:08:00,RuPay,Flipkart,Success,no
TX1821574,U1847,7638738897025304,1535.04,Chennai,2022-07-17,02:30:41,RuPay,Amazon,Success,yes
TX1035097,U1360,4718312335684577,671.02,Delhi,2022-01-20,01:58:19,American Express,Starbucks,Success,yes
TX7669063,U3554,7704867923589394,205.26,Bangalore,2020-01-03,21:47:48,MasterCard,Shell,Success,yes
TX9328055,U941,6198727231821642,1078.63,Udaipur,2022-08-14,14:07:23,MasterCard,Flipkart,Success,yes
TX8800448,U1931,3035495755941846,848.89,Leh,2020-07-01,03:29:33,RuPay,Amazon,Success,yes
TX9173919,U858,2879949087779457,987.98,Leh,2020-07-12,15:54:45,Visa,Starbucks,Success,yes
TX7169421,U8636,3388294891844131,1148.72,Hyderabad,2023-12-16,16:26:57,Visa,McDonald's,Success,no
TX9724518,U7213,3627539280567251,716.63,Mysore,2020-07-25,04:10:38,Diners Club,Walmart,Success,yes
TX3086373,U8900,6586389723669076,915.92,Kochi,2021-05-29,16:55:28,Visa,Target,Success,no
TX4185037,U1900,1689484037935630,740.96,Bangalore,2023-03-18,18:41:25,MasterCard,Flipkart,Success,no
TX7841119,U287,6808924417141700,1655.9,Bangalore,2018-09-12,02:22:38,Diners Club,Shell,Success,no
TX7182156,U4282,0931580324795731,144.95,Hyderabad,2023-11-08,11:02:56,Diners Club,Target,Success,no
TX7782142,U7944,2030479152528795,1702.27,Jaipur,2020-09-10,16:16:23,MasterCard,Flipkart,Success,no
TX8843074,U5076,8673462991693756,46.68,Udaipur,2021-11-22,05:21:20,RuPay,Shell,Failed,no
TX5424704,U4448,9165421965747587,152.35,Delhi,2024-05-05,09:21:19,Visa,ExxonMobil,Success,no
TX2781017,U3643,7747746484570506,692.4,Varanasi,2022-02-09,14:03:25,MasterCard,Apple Store,Success,no
TX3368519,U8432,4553184888673271,1724.11,Mysore,2023-03-03,19:57:55,Diners Club,Starbucks,Success,no
TX2265639,U133,5115160941325951,228.64,Shillong,2020-05-29,23:12:57,Diners Club,Best Buy,Success,no
TX7919037,U5417,9583971809284326,1091.51,Mandya,2022-05-12,22:40:35,American Express,Amazon,Success,no
TX2205925,U9963,8865763198630813,1811.86,Shillong,2025-01-14,10:51:39,Diners Club,Apple Store,Success,yes
TX9654939,U8175,1039039635300858,492.17,Shillong,2021-02-06,23:41:49,RuPay,Best Buy,Success,no
TX6570352,U5388,6611598134778470,1314.37,Udaipur,2022-04-17,03:39:57,Visa,McDonald's,Success,no
TX7297763,U665,6868037451145390,910.48,Udaipur,2020-06-02,10:30:48,MasterCard,Amazon,Success,no
TX2446292,U1968,1512466659229956,204.07,Hyderabad,2021-06-12,08:29:03,MasterCard,McDonald's,Failed,no
TX6919342,U9154,4030635517386246,563.76,Hyderabad,2023-05-18,14:32:48,MasterCard,Starbucks,Success,no
TX3038563,U7801,3770505596772172,892.01,Mysore,2020-05-08,22:34:13,MasterCard,Starbucks,Success,no
TX4065880,U5978,9524844752154959,1064.58,Shillong,2018-05-15,09:40:24,Visa,Target,Success,no
TX5370476,U2579,2895454445920418,1805.2,Bangalore,2018-01-24,04:11:20,RuPay,Walmart,Success,no
TX1201286,U8365,6525051242872306,408.7,Chennai,2020-12-21,09:03:51,RuPay,Shell,Success,no
TX4011275,U4937,3790496737060910,1737.84,Kolkata,2022-04-11,10:32:23,Diners Club,Amazon,Success,no
TX3356421,U688,9317544641064235,1960.71,Leh,2024-07-21,19:06:58,American Express,Flipkart,Success,yes
TX3870194,U8224,7046899600328800,1366.65,Darjeeling,2020-08-12,13:08:31,RuPay,ExxonMobil,Success,no
TX1516351,U9303,0979176518024634,696.24,Udaipur,2024-02-18,04:27:56,American Express,Target,Success,no
TX9540110,U2536,9981915449408288,1202.54,Shillong,2018-05-25,19:53:51,American Express,Flipkart,Success,yes
TX9871567,U8022,2676737136449467,1953.67,Shillong,2018-12-26,20:37:36,American Express,Best Buy,Success,no
TX3953434,U789,6282592556430631,578.18,Mysore,2024-08-11,04:58:39,American Express,Shell,Success,no
TX1877600,U7273,3918668132391413,698.36,Goa,2021-04-03,06:11:13,Diners Club,Flipkart,Success,no
TX7534383,U4716,6492112873103523,223.01,Hyderabad,2018-08-14,07:51:31,American Express,Target,Success,yes
TX7064836,U9462,9574611606582167,1857.82,Jaipur,2020-02-08,08:48:01,Diners Club,Amazon,Failed,no
TX6409902,U4836,8926532921508333,701.06,Shillong,2018-07-04,02:49:12,Visa,ExxonMobil,Success,no
TX6905889,U6348,1942762209019068,518.26,Shillong,2023-02-23,03:45:28,American Express,Flipkart,Failed,no
TX2637200,U7870,8533736764183893,985.91,Varanasi,2020-05-27,03:58:32,MasterCard,Best Buy,Success,no
TX6483620,U5315,9429169993385019,810.94,Goa,2018-11-28,13:02:47,American Express,ExxonMobil,Success,no
TX2886050,U869,0409528309978638,896.08,Delhi,2023-07-08,02:41:10,MasterCard,Apple Store,Success,no
TX4131999,U9900,7297682942538989,304.84,Jaipur,2022-02-10,00:48:44,Visa,McDonald's,Success,no
TX4421065,U8710,6212068701453516,300.23,Jaipur,2019-09-30,14:45:04,American Express,Shell,Success,no
TX9183954,U1326,7671542981072694,1556.11,Darjeeling,2022-11-12,07:21:14,MasterCard,Target,Success,no
TX3195096,U5628,7660303230061114,1434.08,Kochi,2018-11-14,14:02:46,MasterCard,Flipkart,Success,no
TX4240202,U853,3394432471789392,583.92,Hyderabad,2023-02-22,21:38:55,Diners Club,Apple Store,Failed,no
TX3815685,U3615,8539079422525056,788.12,Kochi,2024-12-25,19:57:03,American Express,Amazon,Success,no
TX3133636,U2692,2790427797327251,1807.7,Leh,2019-06-05,10:03:28,Visa,Amazon,Success,no
TX1273991,U6938,6273637535426777,348.57,Darjeeling,2021-10-18,00:24:13,RuPay,Best Buy,Success,no
TX6865939,U9637,9066109812980102,253.25,Jaipur,2020-07-04,09:42:43,RuPay,Amazon,Success,no
TX6551740,U5125,5749716479287694,1570.23,Varanasi,2020-04-11,14:46:49,Diners Club,Shell,Failed,no
TX7808248,U8843,2710845907159489,1697,Darjeeling,2019-05-01,19:42:43,Visa,ExxonMobil,Success,no
TX8195368,U3588,3357236319520218,686.12,Leh,2019-12-17,02:57:51,Visa,Walmart,Success,no
TX3804783,U4642,1320469071878473,1807.53,Hyderabad,2018-03-31,06:05:01,Diners Club,Best Buy,Success,no
TX6658251,U7639,8169562335507379,1761.6,Shillong,2023-09-04,07:28:22,Visa,Flipkart,Success,no
TX2801885,U7153,8191534779612176,343.82,Jaipur,2021-05-26,22:48:47,American Express,Starbucks,Success,no
TX5444308,U6734,1235694108828585,289.82,Chennai,2018-08-10,06:17:56,American Express,Shell,Success,no
TX9223739,U9777,4240422737769545,525.05,Mandya,2025-06-28,09:27:38,MasterCard,Amazon,Success,no
TX2636703,U2716,4177559718138819,125.92,Delhi,2022-12-14,05:07:26,Visa,Flipkart,Success,no
TX9777977,U9671,0557507359919048,565.88,Kolkata,2025-04-18,14:16:27,RuPay,ExxonMobil,Success,no
TX6113171,U198,2055034548534652,144.86,Kochi,2020-12-31,13:04:41,Visa,Target,Failed,no
TX8627074,U574,3075890811368324,890.64,Mandya,2022-08-09,12:53:01,Diners Club,Apple Store,Success,no
TX3922700,U8321,2119000753786981,512.71,Shillong,2023-04-15,09:55:16,RuPay,ExxonMobil,Success,no
TX7476802,U3668,6831145215006383,1176.66,Shillong,2024-06-06,07:20:22,Diners Club,Amazon,Success,no
TX8021249,U27,1216622583155344,439.2,Chennai,2021-09-03,02:29:50,Diners Club,Amazon,Success,yes
TX2652791,U4310,4090222909953438,1173.15,Mandya,2022-11-15,18:11:58,MasterCard,Walmart,Success,no
TX2816375,U2348,1306189198861923,426.91,Chennai,2021-11-19,05:25:22,RuPay,Best Buy,Success,no
TX5558923,U2416,4039060397847121,684.08,Jaipur,2022-06-04,06:25:39,American Express,Best Buy,Success,no
TX5615670,U1657,7450352876684508,1677.75,Mandya,2023-07-29,06:11:17,American Express,Apple Store,Success,no
TX8946507,U149,8430675930404690,335.14,Varanasi,2022-04-02,22:18:11,Visa,Amazon,Success,no
TX2557909,U5348,1321886894648706,1193.1,Jaipur,2021-04-18,06:36:03,American Express,Shell,Success,no
TX9472799,U4405,5025870981131280,307.58,Delhi,2021-04-06,01:47:11,Diners Club,Walmart,Failed,no
TX5978457,U5663,5472650488588952,1351.98,Mumbai,2019-04-20,01:02:08,MasterCard,Flipkart,Success,no
TX9858763,U6759,4965935828559796,691.12,Kochi,2020-12-30,00:52:55,MasterCard,ExxonMobil,Success,no
TX9974070,U2925,4308986526325091,1252.71,Mumbai,2019-01-23,00:49:59,Diners Club,Starbucks,Success,no
TX9724330,U2041,9154762793034202,1400.77,Hyderabad,2019-09-19,21:17:16,Visa,Shell,Success,no
TX2545513,U6075,8917580837055439,1734.15,Kochi,2025-04-22,17:45:05,MasterCard,ExxonMobil,Success,no
TX9196773,U423,5098010356149525,781.82,Leh,2021-03-25,18:52:33,American Express,Apple Store,Success,no
TX6454977,U814,9501198889635792,1714.45,Udaipur,2021-07-06,01:04:24,American Express,Walmart,Success,yes
TX8001783,U6040,3467352396813460,1302.28,Kochi,2021-06-10,07:02:00,Visa,Best Buy,Success,no
TX5156841,U8171,6385193225281760,719.3,Kochi,2019-07-28,07:38:49,Visa,Apple Store,Success,no
TX6747081,U8385,8331839621788590,1632.01,Leh,2021-03-20,17:24:00,RuPay,Best Buy,Failed,no
TX7824519,U7085,6991706259344541,1477.03,Goa,2021-11-27,23:31:12,RuPay,ExxonMobil,Success,no
TX2843021,U2320,6736652955503600,1846.79,Shillong,2021-12-21,20:19:16,RuPay,ExxonMobil,Failed,yes
TX6962991,U3623,1628674292085589,213.22,Leh,2019-04-16,17:22:30,Visa,Amazon,Success,no
TX6544405,U720,2452415158597990,79.14,Udaipur,2019-02-03,06:20:52,Diners Club,Amazon,Success,no
TX2791678,U5553,8224966386725318,648.22,Mandya,2021-06-28,06:32:11,Visa,Walmart,Failed,no
TX6592075,U1481,4178286302453388,1647.51,Mumbai,2023-03-09,20:17:46,Diners Club,Shell,Success,no
TX7813795,U7687,8439181281117013,720.51,Delhi,2023-10-21,04:28:19,MasterCard,McDonald's,Success,no
TX1251563,U1161,7178188844565608,1206.88,Leh,2024-01-09,11:01:23,RuPay,Apple Store,Failed,no
TX3620904,U5966,5844160731774104,796.1,Mandya,2020-05-12,03:59:58,Visa,Flipkart,Success,no
TX8294485,U5507,9785637059401467,1842.56,Leh,2025-05-16,03:04:21,American Express,McDonald's,Success,no
TX1102162,U8195,6112623327512452,196.14,Varanasi,2020-10-03,03:12:36,Visa,McDonald's,Success,no
TX6429583,U7331,1379247696991783,1211.19,Mysore,2024-09-22,19:12:29,American Express,Walmart,Success,no
TX6834540,U2727,7518307450497189,111.86,Kolkata,2021-02-18,15:24:17,Diners Club,Flipkart,Success,no
TX8405349,U6727,7187017769601618,689.23,Kolkata,2022-12-23,11:32:45,American Express,Starbucks,Success,no
TX9615605,U7760,0350269132186630,1175.4,Mandya,2020-06-11,23:46:44,Diners Club,ExxonMobil,Success,yes
TX8047865,U9498,3502689544355812,267.84,Goa,2021-08-12,02:16:25,American Express,Apple Store,Success,yes
TX6835035,U1964,4518585200898803,1111.34,Darjeeling,2024-08-06,19:23:31,Visa,Best Buy,Success,no
TX8879244,U8168,2789072090399745,1470.81,Darjeeling,2024-07-06,20:56:32,MasterCard,Apple Store,Success,no
TX9797648,U3854,4549680256616179,1621.21,Goa,2019-04-09,02:17:50,RuPay,Shell,Success,no
TX3769465,U6389,0934360985984441,1301.56,Hyderabad,2019-12-19,18:03:40,Visa,Best Buy,Failed,no
TX1379870,U4654,4344243398532260,1916.37,Mandya,2021-01-12,10:28:34,American Express,Walmart,Success,yes
TX5724473,U211,9096830984634814,1050.81,Mumbai,2025-04-02,14:09:30,RuPay,Walmart,Success,no
TX2330273,U5057,1379366620082610,659.53,Leh,2024-11-14,15:51:39,Diners Club,Apple Store,Failed,yes
TX7434688,U3604,4081609108827921,1097.46,Mysore,2020-04-01,10:16:39,Visa,Starbucks,Success,no
TX1952413,U5395,0082526126080422,1476.63,Leh,2021-01-06,22:58:03,Diners Club,Flipkart,Success,no
TX9545134,U1104,2433928183110349,876.09,Udaipur,2022-03-24,11:35:05,American Express,McDonald's,Success,no
TX7067105,U8867,8654440060669714,1615.14,Hyderabad,2019-07-04,03:25:26,American Express,Walmart,Failed,no
TX6172394,U7344,2822862352071651,1743.82,Chennai,2018-08-16,02:09:47,Visa,ExxonMobil,Success,no
TX7702800,U8439,8903492203540042,1294.96,Bangalore,2023-05-27,19:02:12,Visa,Target,Success,no
TX2774428,U9565,8838696764458812,695.43,Leh,2019-01-31,05:01:41,MasterCard,Flipkart,Success,no
TX5229753,U3780,8680630655595576,707.29,Shillong,2019-01-01,16:38:48,Visa,Shell,Success,no
TX3663875,U3832,1821766389137968,453.74,Chennai,2020-12-29,22:06:49,Diners Club,ExxonMobil,Success,no
TX2692942,U5501,0878041397216595,101.64,Varanasi,2022-09-11,16:05:07,MasterCard,McDonald's,Success,no
TX1620815,U8637,2613526076490371,1538.12,Shillong,2023-03-29,03:39:53,RuPay,Apple Store,Success,no
TX7127539,U9933,1964744967328570,1337.14,Chennai,2018-06-05,12:10:15,Diners Club,Apple Store,Success,no
TX8902034,U6663,8180968991194359,280.52,Udaipur,2019-06-14,20:12:44,American Express,Starbucks,Success,no
TX3663375,U1893,4139268636565256,953.43,Goa,2023-11-11,20:55:57,MasterCard,Amazon,Success,no
TX4597191,U9653,3965646654300402,824.57,Varanasi,2019-05-06,22:55:51,Visa,Best Buy,Success,no
TX2720565,U6354,6619159857876317,1021.32,Darjeeling,2019-10-17,04:55:26,MasterCard,Walmart,Success,no
TX4424068,U7681,7216010581954572,1385,Mysore,2022-12-13,15:56:25,MasterCard,Best Buy,Success,no
TX1915230,U7925,1786363117868357,1327.16,Mumbai,2024-01-24,05:23:40,Visa,ExxonMobil,Failed,no
TX2319029,U8197,1761837204636401,1311.87,Hyderabad,2021-10-18,18:17:35,Visa,Apple Store,Success,no
TX6873760,U2921,2811414779432178,1222.82,Mandya,2021-05-19,13:25:21,RuPay,Target,Success,no
TX4711954,U5050,8899793028792265,1753.08,Jaipur,2023-01-17,05:17:45,Diners Club,Walmart,Success,no
TX5667541,U2510,8436198577684917,889.3,Goa,2022-02-12,11:42:19,RuPay,Best Buy,Success,no
TX3571731,U6061,9061783923366476,48.54,Goa,2020-09-13,23:05:48,RuPay,ExxonMobil,Success,yes
TX8300191,U8089,6904411653670777,1436.24,Mumbai,2023-11-30,06:59:26,MasterCard,Apple Store,Success,yes
TX6076860,U4722,4060551354402711,1821.3,Kochi,2025-02-24,17:50:07,RuPay,Apple Store,Success,no
TX9220450,U1720,2788562429058160,397.73,Udaipur,2018-04-02,12:14:30,MasterCard,McDonald's,Success,no
TX4037049,U4796,0506228621938720,1184.72,Hyderabad,2025-02-28,18:56:17,Visa,Best Buy,Success,no
TX2462376,U3554,3191057491576953,1181.58,Delhi,2019-06-26,03:32:51,RuPay,Apple Store,Success,yes
TX6929010,U7300,5739847763983694,1001.32,Mysore,2020-03-27,13:43:16,Visa,McDonald's,Success,no
TX3413988,U5567,5366218292601336,1540.14,Mandya,2019-02-27,23:54:10,Diners Club,ExxonMobil,Success,no
TX9777098,U4270,6647393712671438,502.46,Mumbai,2022-05-01,02:05:10,Visa,Target,Failed,yes
TX5036271,U3673,7618812577982837,1831.97,Hyderabad,2020-06-22,19:51:37,MasterCard,Best Buy,Success,no
TX5369021,U7649,5757671214869403,328.19,Bangalore,2021-10-10,06:19:43,Visa,Starbucks,Success,no
TX4248661,U4384,9064283947969307,351.27,Kolkata,2019-10-30,07:26:09,MasterCard,Best Buy,Success,no
TX2207077,U4337,2602068374834694,852.24,Bangalore,2025-03-02,07:58:16,Diners Club,Amazon,Success,no
TX9221987,U2602,5536285605810765,1959.46,Varanasi,2020-06-20,10:13:55,MasterCard,Walmart,Success,yes
TX4248315,U4887,6463242547019192,1736.18,Shillong,2021-02-25,01:20:49,MasterCard,Best Buy,Failed,no
TX1880096,U6711,7252822158614724,704.11,Jaipur,2019-10-02,11:42:51,Visa,Target,Success,no
TX4220079,U4292,8640196896071654,1916,Hyderabad,2023-09-28,05:31:07,Diners Club,Amazon,Failed,no
TX8412884,U3591,7879894199074961,868.54,Kolkata,2022-01-12,18:09:20,Visa,Best Buy,Success,no
TX3824090,U652,4362433247330657,1428.49,Shillong,2022-10-10,13:43:26,Diners Club,Starbucks,Success,no
TX9486114,U263,7903785179413086,74.03,Hyderabad,2018-06-01,02:30:10,Visa,Flipkart,Success,yes
TX9234641,U1710,1164285128968034,1361.96,Mysore,2022-11-30,00:16:31,Diners Club,Flipkart,Success,no
TX1576116,U1201,7818479948772606,591.08,Kolkata,2021-06-10,23:40:37,Visa,Target,Success,no
TX4517292,U3109,2729512352153635,795.24,Shillong,2025-01-26,21:25:35,Visa,Target,Success,yes
TX2414121,U9815,6171642553962015,675.84,Delhi,2023-11-25,13:49:51,Visa,Best Buy,Success,yes
TX1779857,U41,6742893877416128,1256.26,Jaipur,2018-12-04,07:49:39,RuPay,Starbucks,Failed,no
TX2326177,U8202,0587659614179558,1652.93,Delhi,2024-07-07,10:23:40,MasterCard,Target,Success,no
TX7279685,U7258,8676958812771704,487.17,Delhi,2020-10-04,11:05:39,RuPay,Flipkart,Success,no
TX4526397,U9683,8009487761808188,500.44,Chennai,2018-01-16,12:28:04,RuPay,McDonald's,Success,no
TX4758159,U2646,8918746086340973,279.74,Bangalore,2019-12-05,04:52:08,Visa,Walmart,Success,no
TX5449431,U3255,5731670042936727,419.33,Goa,2024-09-09,12:14:28,MasterCard,McDonald's,Failed,no
TX6768718,U5853,9340896190811553,1689.02,Chennai,2020-12-01,20:20:14,MasterCard,McDonald's,Success,yes
TX4692140,U7710,8411619088427667,1299.87,Udaipur,2023-03-17,03:34:14,RuPay,Starbucks,Success,no
TX2649021,U6789,1486219675641859,1359.86,Delhi,2023-05-26,04:15:47,MasterCard,Target,Success,yes
TX4128216,U2024,0638998834588947,834.4,Varanasi,2020-09-12,10:14:53,RuPay,Walmart,Success,no
TX1297473,U2752,3721343209998488,607.92,Kochi,2022-03-14,03:38:58,American Express,Walmart,Success,no
TX5460461,U4864,9419339949515767,243.1,Leh,2018-03-05,12:20:24,MasterCard,McDonald's,Success,no
TX8092651,U5643,4927713872603928,1136.14,Leh,2019-08-10,09:56:32,Diners Club,Walmart,Success,no
TX5331560,U9207,5330090015181696,865.46,Mumbai,2021-05-11,22:03:58,Visa,Shell,Success,no
TX6771871,U2604,8828262142332453,787.91,Mumbai,2023-03-26,00:40:36,Visa,Walmart,Success,no
TX6365482,U3642,2339317071965197,895.77,Delhi,2018-12-30,10:52:58,MasterCard,Starbucks,Success,no
TX5694847,U5244,1021229236012749,1303,Mandya,2023-11-05,21:04:08,American Express,Apple Store,Failed,no
TX4344349,U7932,9410161204174935,1474.16,Delhi,2019-12-27,23:33:55,American Express,Target,Failed,yes
TX9338686,U3699,7792800278279668,456.14,Goa,2019-12-04,08:52:08,Diners Club,McDonald's,Success,yes
TX1064762,U7632,6663481203277051,1271.56,Jaipur,2024-08-09,08:46:23,Visa,ExxonMobil,Success,yes
TX6196367,U3585,2884099704604902,218.77,Chennai,2025-01-25,07:37:57,Visa,McDonald's,Success,no
TX7245642,U5053,1914710009079207,1784.71,Mumbai,2022-07-01,07:22:35,Visa,Walmart,Success,no
TX1498786,U8610,1787151177530480,959.19,Jaipur,2025-06-26,10:17:19,MasterCard,ExxonMobil,Success,no
TX1437211,U5809,9330826285735516,1148.19,Varanasi,2018-05-15,10:19:39,Diners Club,Starbucks,Success,no
TX1899833,U7040,6875927447842636,1530.45,Mumbai,2020-03-06,04:54:32,RuPay,McDonald's,Success,no
TX4138931,U1278,2685205712118691,924.67,Jaipur,2024-12-20,02:58:46,Diners Club,Flipkart,Success,yes
TX2155976,U8879,9855294669639985,103.63,Jaipur,2025-05-22,07:02:10,RuPay,Target,Success,no
TX3416133,U4257,7861035630665076,98.83,Bangalore,2019-02-07,03:14:25,MasterCard,Apple Store,Success,yes
TX8325778,U8607,1003128040105464,1071.99,Delhi,2019-10-11,03:40:09,MasterCard,Best Buy,Success,yes
TX7835114,U5936,4653393343963875,58.67,Mysore,2018-12-04,15:19:59,MasterCard,Apple Store,Success,no
TX1818334,U4384,3585542342628838,1632.5,Delhi,2025-02-16,19:51:45,MasterCard,Target,Success,no
TX5845219,U775,8690157617817717,431.71,Leh,2024-06-11,23:16:21,Visa,Flipkart,Success,yes
TX3020686,U468,8984328599203606,1700.78,Bangalore,2024-01-29,23:55:47,MasterCard,Flipkart,Failed,yes
TX7532882,U5984,7604642347124395,1780.48,Mandya,2022-04-25,18:27:10,RuPay,Walmart,Success,yes
TX5485804,U8175,0849425105195208,257.5,Hyderabad,2020-07-01,08:26:19,MasterCard,Amazon,Success,yes
TX9497610,U7224,8538842869170618,1352.3,Udaipur,2021-12-05,06:35:04,RuPay,ExxonMobil,Success,no
TX8465736,U6458,6883179880314025,1936.82,Jaipur,2022-03-06,18:29:14,American Express,Walmart,Failed,no
TX3007397,U6149,2402768800505786,455.43,Shillong,2022-04-05,10:04:55,Diners Club,Target,Success,yes
TX5788005,U8968,2003597216065063,1365.28,Leh,2025-01-31,05:18:25,American Express,Amazon,Failed,no
TX8995725,U7459,2851810218339649,942.49,Kolkata,2019-10-17,11:35:31,American Express,Shell,Failed,yes
TX3714632,U6223,8112115621381634,1839.25,Delhi,2025-03-11,04:59:14,American Express,ExxonMobil,Success,no
TX9201574,U1821,7342504484438406,49.56,Shillong,2020-08-17,01:17:08,RuPay,Shell,Success,no
TX2270526,U6264,8428041470107425,965.32,Udaipur,2023-11-19,03:52:21,American Express,Target,Success,no
TX5023973,U4309,7608904996442455,471.04,Bangalore,2024-09-19,11:22:51,American Express,Shell,Success,no
TX3675450,U7993,3088932764842899,1306.31,Chennai,2019-11-03,00:48:32,Visa,McDonald's,Success,no
TX9690450,U47,7551468734748073,946.75,Goa,2019-07-13,09:19:53,Diners Club,ExxonMobil,Success,no
TX7091760,U9129,9275516918884174,66.03,Delhi,2024-05-18,12:45:35,Diners Club,Walmart,Success,no
TX9912217,U7790,6769244785310883,1346.85,Shillong,2023-08-23,17:46:21,American Express,Walmart,Success,no
TX5884989,U9324,3647865995168611,80.15,Kolkata,2020-03-27,23:42:15,American Express,ExxonMobil,Success,no
TX1129873,U1659,7212924233060048,1463.63,Bangalore,2021-02-06,23:43:12,MasterCard,Target,Success,no
TX7493336,U4189,9744888893007108,1005.89,Kochi,2023-08-10,17:19:39,RuPay,Apple Store,Success,no
TX4085926,U3207,4324174882189527,371.38,Hyderabad,2025-03-12,05:57:31,Diners Club,Starbucks,Success,no
TX7784154,U7982,7817898202948150,1802.69,Leh,2018-12-03,14:20:55,RuPay,Apple Store,Success,no
TX7713297,U6727,4641981134001027,753.91,Jaipur,2023-01-07,08:10:11,Diners Club,Best Buy,Success,no
TX6474078,U5436,4060155890291090,307.58,Jaipur,2024-07-17,15:37:52,Visa,Flipkart,Failed,no
TX2665691,U5373,8243850597016080,1704.76,Varanasi,2021-01-29,09:44:07,American Express,Amazon,Success,no
TX6878710,U1989,4386672607423798,1347.22,Udaipur,2022-07-25,07:43:40,RuPay,Target,Success,yes
TX4406290,U9729,0776658212794615,1313.27,Kolkata,2024-09-12,01:35:46,MasterCard,Best Buy,Success,no
TX6522041,U5384,9661776832883191,188.1,Kolkata,2025-03-11,14:10:03,American Express,Apple Store,Success,yes
TX6725062,U3135,3880847122553528,1050.35,Udaipur,2020-02-07,01:06:10,Diners Club,Amazon,Success,yes
TX5633256,U8825,7402710225429789,1278.97,Mysore,2018-07-28,13:40:50,MasterCard,Shell,Success,no
TX9831241,U3306,8460142774271646,585.06,Udaipur,2022-01-14,10:53:53,Visa,Starbucks,Success,yes
TX2284255,U6869,5907161154757341,1440.72,Udaipur,2020-08-05,13:45:04,MasterCard,Starbucks,Success,no
TX3655817,U4118,9321687891408768,933.12,Delhi,2024-07-01,08:46:23,RuPay,Target,Success,yes
TX3832955,U6438,8975670578945084,116.28,Darjeeling,2020-11-05,17:19:37,RuPay,Walmart,Success,yes
TX9497831,U7268,1098578091795182,555.82,Bangalore,2020-02-22,01:27:04,American Express,ExxonMobil,Failed,no
TX4290290,U1325,0979610726646258,1488.4,Jaipur,2024-07-27,16:40:12,American Express,ExxonMobil,Success,no
TX9101935,U8914,3292032084465928,1359.15,Varanasi,2022-01-20,02:59:25,RuPay,Shell,Success,no
TX8439807,U5959,6586006625817039,1396.17,Mandya,2023-03-11,21:38:14,RuPay,Amazon,Success,no
TX1244729,U2818,1082462995808676,827.83,Mumbai,2022-04-26,19:40:35,American Express,Best Buy,Success,no
TX2297888,U3287,2966558357052527,1078.16,Chennai,2018-06-26,21:45:31,MasterCard,Amazon,Success,no
TX5069306,U4457,4952576272003722,568.29,Mumbai,2019-08-16,02:16:23,Visa,Amazon,Success,no
TX9553038,U7838,2194101677648659,619.25,Goa,2024-07-10,15:54:25,Diners Club,Target,Failed,no
TX1610316,U7611,7860522299404150,1441.81,Kochi,2022-05-12,19:24:21,Visa,McDonald's,Success,no
TX3369787,U7062,3348890053137198,76.65,Mumbai,2020-07-10,17:48:33,American Express,McDonald's,Success,no
TX5506284,U430,9393688335160394,742.3,Hyderabad,2025-03-01,21:25:06,RuPay,Best Buy,Success,no
TX4105059,U9008,6570093702087889,459.14,Leh,2024-01-01,23:02:04,MasterCard,Amazon,Success,no
TX5510983,U945,7422546209426205,1184.21,Kochi,2020-12-04,05:12:37,RuPay,ExxonMobil,Success,yes
TX2168631,U672,8018511251430963,1344.74,Shillong,2019-02-28,02:12:35,Visa,Flipkart,Success,no
TX4793829,U9069,3731101273634824,1238.99,Darjeeling,2020-08-15,07:37:11,RuPay,McDonald's,Success,no
TX9420367,U3123,6677371482539462,919.22,Jaipur,2022-01-19,04:00:13,RuPay,ExxonMobil,Failed,yes
TX6138917,U6493,1233785290652114,170.49,Jaipur,2018-02-07,05:16:25,Visa,Apple Store,Success,no
TX5893823,U4263,3541094233929615,1668.49,Udaipur,2019-05-12,01:25:39,RuPay,Target,Success,no
TX5507612,U2404,7443713113159504,1054.99,Hyderabad,2019-10-01,06:53:39,MasterCard,McDonald's,Success,no
TX5236903,U5105,1453511601933416,1621.99,Delhi,2018-12-13,02:58:29,Diners Club,Starbucks,Success,no
TX8460652,U2228,6353936019442829,880.03,Mandya,2021-06-29,19:25:15,MasterCard,McDonald's,Success,no
TX4477775,U6253,1703510615979652,412.69,Hyderabad,2022-04-30,11:12:38,American Express,Apple Store,Failed,no
TX3359057,U3144,0967028479462307,905.07,Varanasi,2020-08-05,08:42:53,Diners Club,ExxonMobil,Success,no
TX7663721,U445,9646953613293999,544.45,Varanasi,2020-10-08,10:57:47,Diners Club,Starbucks,Success,no
TX4054314,U7879,5633458981973870,1047.67,Shillong,2025-06-16,08:12:36,Diners Club,Amazon,Success,no
TX7027558,U9737,8559265682308524,1479.81,Kolkata,2019-11-23,08:01:27,MasterCard,Starbucks,Success,no
TX6855319,U6139,7623007155375323,816.21,Kolkata,2023-03-18,17:41:03,MasterCard,Shell,Success,no
TX3893955,U360,3667511707348243,365.27,Udaipur,2022-11-16,00:01:42,Diners Club,McDonald's,Failed,yes
TX4107448,U8610,3613782230467458,1539.24,Darjeeling,2023-06-17,00:50:00,RuPay,Best Buy,Success,no
TX7148246,U6843,0571077697663215,738.28,Delhi,2023-04-13,16:50:10,RuPay,ExxonMobil,Failed,no
TX8368143,U6000,7260508895612097,1899.53,Darjeeling,2023-05-30,03:26:20,MasterCard,Shell,Success,no
TX7497993,U4931,9507135107751515,46.67,Mysore,2020-06-29,20:11:51,MasterCard,Apple Store,Success,no
TX6454906,U9361,2334157357689532,197.31,Kolkata,2020-03-21,14:47:36,RuPay,Walmart,Success,no
TX7456153,U8611,9683560148178638,324.78,Bangalore,2023-03-04,02:04:28,RuPay,Shell,Success,no
TX3543144,U4778,9065481300965385,799.55,Chennai,2018-05-06,03:46:57,MasterCard,Best Buy,Success,no
TX5043235,U5894,3942441539508844,899.05,Hyderabad,2019-11-06,02:43:17,American Express,Apple Store,Success,no
TX4377418,U6920,9657807953369035,1454.17,Shillong,2018-06-01,07:02:53,American Express,ExxonMobil,Failed,no
TX6725661,U9240,2456334342554956,1025.88,Mumbai,2022-02-03,23:32:57,American Express,Shell,Success,yes
TX3401398,U8409,2158410913713673,1633.59,Udaipur,2025-06-30,00:33:55,RuPay,Target,Success,no
TX7739632,U8454,7323622483062970,556.26,Hyderabad,2018-08-19,01:22:14,RuPay,Best Buy,Success,no
TX3315093,U4884,9930914289591183,1669.95,Shillong,2025-03-09,16:36:26,MasterCard,ExxonMobil,Success,yes
TX5651458,U5319,6571351547599570,1911.89,Goa,2019-09-06,04:53:19,American Express,Best Buy,Success,no
TX4683571,U6806,2513417574261045,783.15,Udaipur,2019-12-13,13:34:06,American Express,Starbucks,Failed,yes
TX5362850,U1204,9913342512657615,1203.97,Shillong,2019-03-17,06:31:18,MasterCard,ExxonMobil,Success,no
TX8943472,U7814,5590564979435855,520.48,Darjeeling,2022-05-17,00:16:54,Diners Club,Best Buy,Failed,yes
TX4113249,U650,0608939788724660,988.88,Delhi,2023-09-08,17:01:35,MasterCard,Flipkart,Success,no
TX6832114,U6001,7005615604862625,472.51,Goa,2022-02-13,06:07:40,RuPay,ExxonMobil,Success,yes
TX1834512,U7016,4562401279159021,886.28,Chennai,2023-11-16,05:36:36,MasterCard,Walmart,Success,no
TX5729551,U490,3232592533190507,210.02,Jaipur,2021-01-02,05:46:34,MasterCard,Amazon,Success,yes
TX8763573,U4005,5574143815021376,694.74,Udaipur,2024-06-09,16:29:40,American Express,Target,Success,yes
TX8121952,U8408,6231691445011491,1213.57,Leh,2021-11-06,03:40:24,Visa,Starbucks,Success,yes
TX4670615,U8961,8726212956764086,243.27,Udaipur,2023-08-19,22:01:40,RuPay,Apple Store,Success,yes
TX1184497,U6870,4915111672997907,1214.54,Leh,2019-03-21,19:11:34,MasterCard,ExxonMobil,Success,yes
TX3730427,U6996,6368550463757909,1920.11,Leh,2024-09-20,23:30:12,Diners Club,McDonald's,Success,no
TX5499597,U1666,9719086252776483,331.61,Varanasi,2023-12-25,18:05:09,American Express,Apple Store,Success,no
TX7565483,U9640,6776716076439291,1936.54,Mandya,2024-03-10,03:52:23,RuPay,McDonald's,Success,no
TX2184365,U7652,1775570244182208,201.32,Mandya,2024-06-05,08:19:17,RuPay,Best Buy,Success,no
TX3010012,U7714,5843576949744889,1416.31,Goa,2024-04-03,10:05:57,RuPay,ExxonMobil,Success,no
TX9735391,U3694,0370399068167638,1581.82,Kolkata,2022-12-16,23:08:01,Diners Club,Starbucks,Success,no
TX4565615,U2408,3739007060737013,31.08,Goa,2020-11-26,13:55:18,American Express,Starbucks,Success,yes
TX7098082,U4203,8829293487739388,1645.63,Mumbai,2024-11-12,17:52:45,RuPay,Walmart,Success,no
TX3055566,U3978,1623875982902121,1252.76,Kochi,2018-08-24,02:37:30,MasterCard,Apple Store,Success,no
TX9762477,U5594,9349704035815309,660.57,Goa,2020-01-24,10:15:05,Visa,Shell,Success,yes
TX1260262,U3404,5632630075738302,73.98,Udaipur,2018-10-03,00:54:01,Diners Club,Target,Success,no
TX3046697,U363,5970182108785228,154.65,Varanasi,2022-05-22,20:13:09,RuPay,Starbucks,Success,no
TX2148467,U9468,3624643355671911,598.08,Chennai,2020-08-18,00:11:04,Visa,Shell,Success,no
TX8241433,U1108,8365928045877484,1072.7,Kochi,2021-01-08,13:48:29,Visa,Shell,Success,no
TX2551312,U8985,1043774598375714,1000.89,Udaipur,2024-12-04,07:34:43,MasterCard,ExxonMobil,Success,no
TX8130146,U819,5026990197621688,1166.37,Bangalore,2019-08-17,17:27:45,Visa,Amazon,Success,no
TX7661243,U3144,5368399530373305,1026.94,Leh,2025-02-06,21:55:19,RuPay,Starbucks,Success,no
TX6773452,U335,3049676192925237,75.06,Shillong,2018-04-08,15:59:57,American Express,Amazon,Success,no
TX8335020,U5136,1515616219950876,1034.6,Darjeeling,2019-12-06,18:17:15,American Express,Shell,Success,no
TX6944816,U3933,1617575741078421,247.45,Mandya,2019-12-01,06:01:09,Diners Club,Starbucks,Success,no
TX7175902,U6150,4521001628072808,349.95,Kolkata,2024-07-15,20:34:18,MasterCard,Shell,Success,no
TX6537456,U146,3617734921235116,801.28,Kochi,2020-11-09,15:17:45,Diners Club,Flipkart,Success,no
TX2418769,U4345,0288629940215806,1307.63,Darjeeling,2024-06-03,07:51:26,Diners Club,Amazon,Failed,yes
TX8064567,U8950,0890896110009135,1018.35,Kochi,2022-07-14,23:38:13,RuPay,ExxonMobil,Success,no
TX8233249,U5473,1232221519129123,334.2,Hyderabad,2020-12-21,04:21:11,Visa,ExxonMobil,Success,no
TX4323791,U2763,2761963318597766,483.19,Delhi,2020-11-27,11:33:52,MasterCard,Best Buy,Success,no
TX8728168,U2060,9210708626065838,141.95,Mandya,2024-09-17,23:19:48,Visa,Starbucks,Success,yes
TX2836793,U9749,1254884933650519,81.79,Bangalore,2023-12-29,13:11:15,MasterCard,Walmart,Success,no
TX4424735,U150,5851197358584031,1788.06,Kolkata,2024-10-30,21:02:19,Diners Club,Walmart,Success,no
TX2348100,U7388,3431544373810287,895.84,Shillong,2020-01-08,08:34:54,MasterCard,McDonald's,Success,no
TX5356856,U1451,7833926088510422,1788.61,Goa,2022-01-17,04:24:33,RuPay,Shell,Success,no
TX4773223,U8445,1237868964839206,1813.4,Chennai,2021-04-24,06:15:46,American Express,Best Buy,Success,no
TX5339630,U7652,8443819661740481,495.75,Mandya,2025-06-06,04:48:41,Visa,McDonald's,Failed,no
TX2627127,U5842,8053549807521215,784.29,Kochi,2024-10-16,05:08:53,RuPay,Best Buy,Success,no
TX2781842,U9533,1680649298824982,1935.1,Udaipur,2024-01-19,17:33:15,RuPay,Flipkart,Success,no
TX2284810,U815,4062548723455171,742.73,Mysore,2021-07-01,00:27:27,MasterCard,McDonald's,Success,no
TX7259788,U7418,8562480507214979,878.08,Jaipur,2023-07-08,08:31:59,Visa,Flipkart,Success,yes
TX5573640,U469,1957419197926668,1771.22,Mandya,2018-12-17,16:58:26,Visa,Flipkart,Success,no
TX8416619,U8317,6102602264956522,1646.63,Mumbai,2018-07-16,10:02:36,RuPay,Apple Store,Failed,no
TX4654512,U8541,4651632737174271,1466.23,Delhi,2020-01-27,10:28:51,Visa,McDonald's,Success,no
TX6439960,U7054,3588147946945601,1834.31,Chennai,2020-04-07,03:04:10,Visa,Flipkart,Success,no
TX8927742,U8355,2020423220691384,1439.99,Kolkata,2023-03-02,02:48:17,American Express,Walmart,Success,no
TX6399940,U4016,3595951983196892,1473.84,Bangalore,2025-04-06,17:27:27,RuPay,Walmart,Success,no
TX9436243,U5489,7235395145834388,1967.58,Hyderabad,2021-04-30,05:33:43,Visa,Apple Store,Success,yes
TX6360065,U3700,0894232782703977,1114.9,Varanasi,2020-04-23,04:16:12,RuPay,ExxonMobil,Success,no
TX2365069,U8314,3227007576210506,1382.61,Chennai,2024-06-13,04:28:11,American Express,Best Buy,Failed,no
TX8920893,U1137,5114286612771121,308.05,Hyderabad,2021-01-11,22:35:47,Visa,McDonald's,Success,yes
TX3884977,U2733,8891864389792600,1519.52,Kolkata,2023-11-06,15:13:43,RuPay,Apple Store,Success,yes
TX6879519,U7663,1878915031503535,1263.11,Udaipur,2024-07-22,08:46:11,American Express,Starbucks,Success,yes
TX1634198,U4888,8361510069120322,1089.26,Darjeeling,2022-02-16,11:55:25,American Express,Flipkart,Success,no
TX3174613,U8287,7345670961265095,1945.16,Darjeeling,2020-09-19,10:00:47,RuPay,McDonald's,Failed,yes
TX3023447,U353,2877009707244699,1719.57,Kochi,2018-10-02,13:56:09,Visa,Walmart,Success,no
TX1606800,U5922,8680290896317006,931.74,Chennai,2020-10-12,07:55:59,Diners Club,Target,Success,no
TX3385038,U3336,5942790750280822,1450.68,Goa,2023-04-13,07:34:33,Diners Club,ExxonMobil,Success,no
TX6422454,U7661,0929543276350685,225.87,Shillong,2022-12-18,21:31:45,RuPay,Apple Store,Failed,no
TX7438727,U7062,5481647885784492,1875.92,Bangalore,2024-07-09,22:46:10,RuPay,Apple Store,Success,no
TX9180833,U1967,5383407707785330,137.25,Udaipur,2021-09-13,23:27:10,RuPay,McDonald's,Success,no
TX9738992,U4121,3852065843221244,1700.37,Delhi,2022-12-21,11:22:41,Diners Club,Apple Store,Success,no
TX8686387,U6387,1270348100318038,1632.66,Shillong,2021-02-21,00:28:27,RuPay,Walmart,Success,no
TX6849978,U978,9119399952836625,1048.37,Udaipur,2018-04-28,20:26:57,American Express,ExxonMobil,Success,no
TX2064909,U4385,6557536584859008,265.33,Mumbai,2020-08-04,22:54:13,Diners Club,Amazon,Success,no
TX9708338,U1877,4937557581398312,1598.5,Hyderabad,2018-06-20,16:31:50,American Express,Amazon,Success,no
TX3235694,U3444,2972635615921794,1443.59,Jaipur,2018-07-14,03:28:42,Visa,ExxonMobil,Failed,no
TX3236647,U3855,9983053396007614,931.69,Hyderabad,2018-12-08,03:01:34,Visa,ExxonMobil,Success,yes
TX9816209,U564,7165108022803447,937.31,Varanasi,2023-11-15,21:21:15,American Express,Walmart,Success,no
TX6178962,U4246,7537726810029221,541.74,Leh,2023-03-11,19:38:29,Visa,Shell,Failed,no
TX4892006,U2163,7311285145354288,1290.61,Delhi,2020-05-26,09:50:25,Visa,Walmart,Success,no
TX3211566,U4016,9741401561327217,801.21,Jaipur,2023-08-08,04:21:51,MasterCard,ExxonMobil,Success,no
TX1612575,U9771,1760249080516382,1307.59,Leh,2023-08-12,10:29:35,MasterCard,Starbucks,Success,no
TX8719649,U1304,5626948937190646,1865.39,Delhi,2019-06-19,05:54:40,RuPay,Flipkart,Success,no
TX7807474,U2917,5110452813416553,1218.52,Mumbai,2020-10-07,04:48:17,Visa,Amazon,Failed,no
TX3873283,U7964,4255711632104297,1041.57,Bangalore,2019-02-25,13:25:59,Visa,Best Buy,Success,no
TX6077409,U8903,5698468373280339,46,Udaipur,2018-06-24,15:39:51,American Express,Shell,Success,no
TX3030656,U4029,8190698890303613,111.43,Udaipur,2024-09-27,00:13:26,American Express,Best Buy,Success,no
TX3101384,U7309,6160663733784501,453.2,Bangalore,2025-05-06,19:38:40,Diners Club,Walmart,Success,yes
TX1215837,U8664,2960566390142105,1599.7,Udaipur,2022-06-12,12:50:04,MasterCard,ExxonMobil,Success,no
TX4169493,U3680,1986797005964107,1261.55,Mumbai,2021-01-15,00:31:52,MasterCard,Walmart,Success,yes
TX1685850,U7558,2445286131409165,1350.93,Kolkata,2023-01-30,06:32:15,MasterCard,Best Buy,Success,yes
TX9881918,U8654,5640357111128285,1710.44,Kochi,2021-01-31,16:27:31,Visa,Shell,Success,yes
TX9387814,U4086,7108387232078057,487.27,Darjeeling,2020-11-07,00:22:32,Diners Club,Best Buy,Failed,no
TX2578105,U4747,2458708904889687,1916.36,Mumbai,2020-01-29,16:53:24,Diners Club,McDonald's,Success,no
TX1249798,U5560,0169056935089647,573.23,Jaipur,2023-10-15,18:28:02,RuPay,Flipkart,Success,no
TX3997776,U9538,7070200790323365,50.06,Mysore,2018-07-23,05:46:03,American Express,McDonald's,Success,no
TX5679764,U3834,5829529265492086,301.51,Mandya,2019-11-09,05:37:27,Diners Club,McDonald's,Success,no
TX2172963,U7776,0842562458393383,426.21,Chennai,2025-03-01,20:16:55,RuPay,Target,Success,no
TX7190132,U6318,6111840521315303,694.52,Hyderabad,2020-10-05,03:25:03,RuPay,Shell,Success,no
TX9815188,U1201,5895342093823903,1912.35,Mumbai,2019-08-21,04:48:26,Diners Club,Shell,Success,no
TX3390079,U6548,1189474484258687,685.95,Mumbai,2022-01-09,16:18:49,MasterCard,Best Buy,Success,no
TX4312341,U2709,2886026464222267,1293.08,Goa,2018-07-14,02:38:18,Diners Club,Apple Store,Success,no
TX5006290,U5626,4017784964324889,1740.51,Delhi,2021-09-15,21:25:02,RuPay,Starbucks,Success,no
TX2952818,U7300,5034823059508686,1275.14,Shillong,2024-10-11,07:16:31,MasterCard,Shell,Success,yes
TX9362389,U9291,3187161663021701,198.65,Shillong,2019-10-24,14:28:30,American Express,Amazon,Success,no
TX2300909,U3034,3467535246274544,944.83,Mysore,2023-05-18,07:39:56,American Express,Best Buy,Success,yes
TX6936608,U1862,4289365557868398,1701.3,Kolkata,2020-04-03,15:28:03,MasterCard,Target,Success,no
TX2367454,U2684,1882943150940857,1828.75,Mandya,2021-09-03,09:04:14,RuPay,ExxonMobil,Success,no
TX2536488,U9257,4244110233972341,422.47,Delhi,2021-05-31,10:32:29,MasterCard,Starbucks,Success,no
TX9749890,U467,3121269666072345,1546.53,Darjeeling,2020-02-03,19:04:36,Visa,McDonald's,Success,no
TX6799638,U4303,8424455821053072,258.77,Bangalore,2023-07-24,16:50:44,RuPay,Target,Failed,no
TX9342215,U8061,8279427584644403,661.53,Mandya,2025-01-20,14:09:01,MasterCard,Amazon,Success,yes
TX7089130,U9368,5394390733743706,1151.22,Udaipur,2021-01-06,19:58:48,RuPay,Amazon,Failed,no
TX8160507,U9155,6256648153437840,1560.88,Udaipur,2022-01-22,11:54:38,RuPay,Best Buy,Success,no
TX2055528,U7312,4409650404757417,955.6,Udaipur,2022-04-14,11:17:53,Visa,Target,Success,no
TX4063750,U935,4546314391701968,712.69,Chennai,2022-10-13,03:06:32,Visa,Amazon,Success,yes
TX9951709,U8436,3540641522457169,1522.03,Darjeeling,2019-05-10,04:28:48,Diners Club,Apple Store,Success,yes
TX7933089,U1010,3137396719835890,1954.66,Darjeeling,2020-09-15,10:23:57,MasterCard,Target,Success,no
TX4279016,U4193,0167806888782225,621.32,Delhi,2025-02-26,04:41:07,Visa,Target,Success,no
TX5962872,U3041,0259659682788159,688.91,Kochi,2024-03-24,09:56:19,American Express,Flipkart,Success,no
TX6696590,U1890,4712391597862359,799.85,Goa,2019-05-02,14:21:26,MasterCard,Flipkart,Success,no
TX9444477,U3659,1092013130213111,1120.76,Mumbai,2018-01-07,05:42:35,Diners Club,Apple Store,Success,no
TX3834040,U1749,1513472139486629,789.81,Mumbai,2023-01-10,01:11:05,American Express,Apple Store,Success,no
TX3489535,U9882,2744079734832687,997.32,Mumbai,2025-06-23,20:47:12,MasterCard,Shell,Success,no
TX4572071,U8465,4971910842465677,76.58,Delhi,2020-11-04,05:54:31,Diners Club,McDonald's,Success,no
TX5333794,U423,7837125539184523,444.1,Udaipur,2018-02-03,20:59:45,RuPay,ExxonMobil,Failed,no
TX4172995,U8065,6721119730150133,1911.53,Varanasi,2018-03-26,15:33:10,MasterCard,Flipkart,Success,no
TX2689958,U3147,2644915409863989,1837.52,Chennai,2018-02-01,01:35:46,Visa,McDonald's,Failed,no
TX7562579,U348,3869439309608445,1843.5,Bangalore,2019-06-27,03:03:32,RuPay,ExxonMobil,Failed,no
TX7537822,U9531,0981364341275267,303.48,Chennai,2018-08-24,22:03:15,Diners Club,Starbucks,Success,no
TX1063508,U5935,7130160570461366,649.96,Udaipur,2023-01-28,07:57:59,Visa,ExxonMobil,Success,no
TX1275222,U4265,4096123083313945,554.38,Goa,2020-11-05,06:17:27,MasterCard,Amazon,Success,no
TX3310355,U732,0588016544862125,628.52,Kochi,2021-09-09,02:38:05,RuPay,Flipkart,Success,no
TX4801702,U1496,6501499847514716,54.91,Mandya,2024-06-01,12:20:01,RuPay,Flipkart,Success,no
TX6451793,U9083,7579746422954848,1303.77,Mumbai,2020-10-23,10:08:49,MasterCard,Flipkart,Success,no
TX5896141,U6135,6301180988317139,1098.06,Kolkata,2022-03-17,09:44:20,RuPay,Shell,Success,no
TX7445437,U3249,8475389977211444,446.81,Shillong,2024-12-11,01:11:22,American Express,Apple Store,Success,no
TX8114697,U7969,1977450470295216,13.82,Mysore,2021-12-06,09:45:23,MasterCard,Starbucks,Success,no
TX1610493,U9955,8181215521558571,176.56,Varanasi,2018-04-19,22:26:31,Visa,Walmart,Failed,no
TX2688341,U8188,3924878547775972,1637.69,Goa,2019-02-24,05:02:21,Visa,Best Buy,Failed,no
TX7551042,U5861,1723418276807123,119.96,Kolkata,2020-03-16,01:41:06,Visa,ExxonMobil,Success,yes
TX3078768,U4440,1408865135504634,1503.67,Varanasi,2024-06-25,05:41:16,American Express,Shell,Failed,no
TX4815963,U7154,8125032289503269,965.87,Varanasi,2022-06-19,22:46:38,American Express,Walmart,Failed,no
TX6582585,U8652,3244240054688699,567.14,Delhi,2023-11-29,13:19:48,Diners Club,Walmart,Success,yes
TX6422140,U7166,8388448166156639,1809.16,Leh,2018-11-08,17:53:35,MasterCard,ExxonMobil,Success,no
TX8087111,U5636,4299342383263455,956.62,Hyderabad,2018-03-14,06:05:42,MasterCard,Apple Store,Success,no
TX4518058,U1162,3777693303737155,1733.78,Goa,2022-06-19,04:13:10,RuPay,Starbucks,Success,no
TX6174627,U9672,5898898623031844,1097.54,Kochi,2019-07-05,23:23:25,American Express,Target,Failed,yes
TX9134889,U6152,9830144346633311,1873.48,Hyderabad,2020-12-27,02:46:33,American Express,Shell,Success,no
TX4299037,U5180,2358917042845682,853.11,Kolkata,2021-11-02,13:21:06,American Express,Flipkart,Failed,no
TX4526131,U1720,9845398779778783,593.02,Chennai,2023-04-28,22:48:37,Visa,ExxonMobil,Success,no
TX6300034,U6784,2811575575919608,941.98,Delhi,2018-10-22,13:42:34,Visa,Shell,Success,no
TX6839096,U5339,1173951375623044,626.07,Goa,2023-07-16,00:22:53,MasterCard,Walmart,Success,no
TX3071983,U5124,4547733328559908,264.61,Leh,2022-01-15,01:36:59,MasterCard,ExxonMobil,Success,no
TX8986969,U1726,2085650133543635,508.07,Kochi,2021-08-05,03:21:59,Diners Club,Amazon,Failed,no
TX1756789,U4005,6091740192444498,377.73,Shillong,2018-05-12,07:48:12,RuPay,Apple Store,Success,no
TX7300747,U9750,0731277634296899,1019.22,Delhi,2021-07-03,19:44:27,RuPay,Shell,Failed,no
TX3288940,U2453,4303333044516534,1844.28,Darjeeling,2018-06-10,12:45:06,Diners Club,McDonald's,Success,no
TX1404093,U9215,5702404296587506,1786.98,Varanasi,2022-02-25,06:50:39,Visa,Walmart,Success,no
TX4458682,U4999,9495444388407976,857.88,Hyderabad,2022-02-18,19:26:28,MasterCard,Best Buy,Success,no
TX1725329,U1407,0177658090447906,246.96,Varanasi,2018-01-04,09:53:35,American Express,McDonald's,Success,no
TX6991511,U9392,0998675092244995,1335.53,Delhi,2018-04-12,17:12:31,Visa,Apple Store,Success,no
TX3780598,U6714,7958616966515401,1706.36,Kochi,2023-02-12,12:14:00,Diners Club,Flipkart,Success,no
TX3093814,U7946,0888586752633631,1984.28,Shillong,2020-09-20,06:44:58,MasterCard,Amazon,Success,yes
TX6521753,U9134,7045125361079690,873.05,Hyderabad,2023-01-28,19:08:10,Diners Club,McDonald's,Failed,no
TX2479406,U8843,1586357435613722,1280.79,Delhi,2025-04-16,18:32:02,Visa,Best Buy,Success,no
TX3893334,U7412,7797219252984151,1200.4,Varanasi,2021-07-30,21:01:41,MasterCard,Target,Success,no
TX6348125,U3846,5524741695841942,300.5,Bangalore,2021-11-02,18:50:44,Visa,Flipkart,Success,yes
TX5777811,U7996,3542594570967942,1900.67,Bangalore,2021-11-27,20:07:02,Diners Club,Flipkart,Success,no
TX2676653,U7625,0352122402234309,430.9,Jaipur,2022-05-14,20:45:23,Diners Club,Shell,Success,no
TX5546866,U8132,4693932656260386,1160.13,Chennai,2018-08-28,09:36:10,Visa,Amazon,Success,no
TX4201514,U3905,9407107603780445,696.07,Kolkata,2024-08-16,10:39:52,MasterCard,Shell,Success,no
TX4203128,U4022,5270107945180161,1102.67,Varanasi,2019-12-18,01:13:52,MasterCard,Target,Success,no
TX5368588,U2628,6200640556502191,1590.63,Darjeeling,2021-05-29,05:08:02,Visa,Starbucks,Success,yes
TX6982063,U3361,7618857468301090,568.86,Kochi,2023-01-28,16:23:46,American Express,ExxonMobil,Success,yes
TX8880045,U146,4075405672462349,1946.42,Leh,2024-09-24,17:49:56,Visa,Amazon,Success,no
TX1992917,U2724,8050883302343271,1068.48,Bangalore,2025-03-09,20:13:01,Visa,Best Buy,Success,yes
TX9953463,U2795,3300107703224807,813.42,Kolkata,2020-06-15,20:40:28,Diners Club,ExxonMobil,Success,no
TX1808262,U9119,6129474646921565,1701.72,Hyderabad,2024-01-07,05:44:03,Visa,Apple Store,Success,no
TX7565126,U4716,7614973896244031,1205.73,Kochi,2019-10-24,00:05:57,Diners Club,Walmart,Success,no
TX7374854,U6413,3044730324581185,1022.68,Bangalore,2021-08-19,06:18:01,RuPay,Amazon,Success,no
TX8503997,U8413,8794148499045118,1278.46,Varanasi,2021-12-06,09:39:21,Diners Club,ExxonMobil,Success,no
TX9574595,U1986,8204882538601509,1919.55,Hyderabad,2021-06-08,17:13:04,RuPay,Walmart,Success,no
TX5330786,U3671,2207929912877699,919.66,Darjeeling,2018-05-06,18:25:06,Visa,Best Buy,Failed,no
TX6796665,U8524,3592296180164479,744.65,Goa,2022-11-09,16:20:17,Diners Club,Amazon,Success,no
TX6294310,U2365,8650680440308935,1354.28,Chennai,2022-04-24,18:34:23,Diners Club,ExxonMobil,Success,no
TX8678321,U5547,8421857412149149,1103.21,Kochi,2020-07-28,05:31:59,Visa,Target,Success,yes
TX1055960,U5758,7808227866621299,967.88,Varanasi,2020-03-21,13:40:08,Diners Club,Shell,Success,no
TX6884198,U7472,9183616411003256,182.99,Bangalore,2024-07-04,12:05:47,Diners Club,Walmart,Success,no
TX6417473,U4303,0290324709286214,1128.11,Darjeeling,2025-04-20,19:46:11,American Express,Flipkart,Success,no
TX7099050,U3843,0607688569227866,1573.21,Varanasi,2025-03-10,06:40:23,American Express,Walmart,Success,no
TX7712148,U2449,7010128868114691,253.59,Goa,2019-06-28,15:08:04,MasterCard,Amazon,Success,no
TX3020473,U9796,8793386908389144,1647.52,Goa,2023-03-10,22:13:04,RuPay,Walmart,Success,no
TX1900066,U4514,4627170926328072,683.37,Leh,2023-10-19,13:22:51,Visa,ExxonMobil,Success,no
TX5130213,U8763,1858886602499780,599.11,Kolkata,2018-03-05,03:15:43,Visa,Amazon,Success,no
TX2511017,U5914,1285684459412021,454.51,Mumbai,2022-04-04,05:04:15,Diners Club,Shell,Success,no
TX5440687,U3215,6309460368874553,1782.77,Mysore,2021-11-15,09:30:48,Diners Club,Amazon,Success,no
TX4818633,U5224,4152283897770870,1698.75,Kolkata,2021-01-06,21:16:16,RuPay,Starbucks,Success,no
TX8579475,U2248,9830774506822369,1320.93,Goa,2018-07-31,22:32:29,Visa,Best Buy,Success,no
TX9106605,U6462,9148622847752433,1446.07,Mandya,2019-10-24,12:06:13,Visa,Walmart,Success,no
TX8099017,U7336,0991070932083121,244.65,Kochi,2020-06-30,19:56:02,American Express,Starbucks,Success,no
TX5177278,U9065,6453763084921512,64.33,Kochi,2022-12-29,03:31:26,Visa,Flipkart,Success,yes
TX3634053,U256,0394470311069194,122.72,Mandya,2022-04-01,10:05:13,American Express,Walmart,Success,no
TX5529629,U8899,9625961808196413,1322,Kochi,2019-03-11,22:08:18,RuPay,Walmart,Failed,yes
TX9819197,U7576,4062294732123206,1534.61,Bangalore,2021-11-14,18:03:55,Diners Club,Best Buy,Success,no
TX4251010,U1397,8776610011941233,891.12,Kolkata,2019-10-07,13:58:11,Diners Club,Apple Store,Failed,yes
TX4251165,U703,7046506323795365,840.62,Hyderabad,2024-12-02,12:30:04,Diners Club,Apple Store,Success,no
TX2258291,U310,6009781779956514,790.18,Bangalore,2022-11-03,06:18:48,American Express,Flipkart,Failed,yes
TX4620533,U7003,9452214864050740,653.9,Varanasi,2020-01-22,21:12:06,American Express,Walmart,Success,no
TX3626766,U2392,2756128250538110,1662.22,Kolkata,2022-04-11,00:36:38,MasterCard,Starbucks,Success,no
TX6399678,U3949,9350634062438945,1291.57,Goa,2022-10-17,15:13:33,MasterCard,Walmart,Success,no
TX4946198,U9787,7960656328736111,887.87,Shillong,2018-10-08,10:39:09,MasterCard,Shell,Success,yes
TX9635187,U4937,5941559502439320,90.43,Delhi,2019-03-13,21:52:45,Diners Club,Shell,Success,no
TX1871781,U5788,6499741252710340,1735.6,Chennai,2021-04-29,08:57:55,MasterCard,Shell,Success,no
TX6127705,U6444,3807178813129721,302.79,Hyderabad,2024-08-02,13:10:19,MasterCard,McDonald's,Success,yes
TX6101335,U713,1667658505284968,1327.57,Goa,2021-05-13,15:47:27,Visa,ExxonMobil,Failed,no
TX3831009,U8445,4647857742390811,498.39,Jaipur,2019-02-10,12:53:43,Visa,McDonald's,Failed,no
TX7394042,U206,1191192926778995,1279.55,Mumbai,2022-12-13,05:08:56,Diners Club,Shell,Success,yes
TX6958634,U8996,8237581992409373,639.25,Darjeeling,2020-06-11,05:58:59,MasterCard,Apple Store,Success,no
TX7908859,U2559,4755088021527691,1973.38,Hyderabad,2019-07-03,22:04:08,Visa,Target,Success,no
TX2962871,U5433,9576227157372471,581.08,Leh,2018-07-08,18:48:14,American Express,Starbucks,Success,no
TX2200242,U9855,6725683564101750,1326.7,Varanasi,2022-03-26,10:48:11,RuPay,Starbucks,Success,no
TX6908123,U791,1511380026252359,989.58,Leh,2022-11-29,19:07:42,American Express,Flipkart,Failed,no
TX1663959,U3611,7977916791261275,1011.46,Udaipur,2021-10-19,06:50:56,MasterCard,Amazon,Success,yes
TX8693249,U193,5656074769256051,1398.49,Kochi,2020-01-25,01:44:39,American Express,Apple Store,Failed,no
TX1519767,U8146,6583754120821642,348.28,Delhi,2023-05-12,07:09:56,Diners Club,Flipkart,Success,yes
TX1439138,U9752,2366020861993854,920.74,Hyderabad,2018-12-17,16:34:25,Visa,McDonald's,Success,yes
TX8238728,U9912,5421765477290323,770.85,Shillong,2022-09-16,03:55:37,RuPay,Target,Success,no
TX8799354,U5041,7970683207720517,25.18,Goa,2018-11-03,11:31:55,Visa,ExxonMobil,Success,no
TX1115338,U344,2110724116128305,1974.26,Mysore,2024-11-29,19:02:44,MasterCard,Best Buy,Failed,no
TX3661672,U7570,5139373807197809,506.77,Darjeeling,2020-02-04,10:42:34,Diners Club,ExxonMobil,Success,no
TX9694064,U3846,8678506033179885,56.08,Kolkata,2018-10-22,05:45:33,MasterCard,Shell,Failed,no
TX7604067,U5050,3547490142594867,1007.19,Mandya,2018-10-17,17:04:51,Diners Club,Amazon,Success,no
TX5442465,U8962,9300756576754195,450.79,Kolkata,2022-10-29,14:28:24,Visa,McDonald's,Success,no
TX4522712,U5741,0902750926074900,1994.4,Bangalore,2018-07-04,06:28:44,RuPay,Walmart,Success,no
TX9066398,U4121,6332901393926811,1156.41,Bangalore,2021-01-26,18:13:05,Diners Club,Apple Store,Failed,no
TX3818907,U5410,2089023894126594,1485.33,Bangalore,2022-01-26,15:54:31,Visa,Apple Store,Success,yes
TX9014481,U6792,5419007410443644,1606.71,Mysore,2019-12-03,00:16:26,American Express,McDonald's,Success,no
TX5015410,U4090,8631092410009270,1179.05,Bangalore,2024-01-26,17:21:15,American Express,Target,Success,no
TX7441882,U1199,5284881137703740,1944.3,Leh,2022-11-17,06:55:11,Diners Club,Amazon,Success,no
TX3143931,U1536,1726574854471233,1962.47,Varanasi,2020-12-24,15:06:21,Visa,Target,Success,no
TX9392846,U9308,6405068407290640,1419.81,Mumbai,2022-01-01,06:15:24,Diners Club,Apple Store,Failed,no
TX4707126,U3912,4876497243534700,665.24,Darjeeling,2020-12-20,04:56:09,American Express,Starbucks,Failed,no
TX9217455,U1910,1348513203824082,1719.45,Bangalore,2022-11-30,15:38:17,MasterCard,ExxonMobil,Success,no
TX6213084,U7975,3402522163434413,1885.24,Mumbai,2024-12-11,23:18:00,Diners Club,Starbucks,Success,yes
TX3946421,U5734,3488203393083217,1269.43,Udaipur,2019-01-19,17:38:50,MasterCard,Starbucks,Success,no
TX2259359,U1965,1905646828972854,1861.64,Jaipur,2021-06-10,17:57:09,Visa,Target,Success,no
TX8138302,U1759,7852385802689350,1615.05,Mysore,2023-02-18,19:04:29,American Express,Shell,Success,no
TX4015746,U9620,8133946858510134,845.82,Goa,2025-04-24,23:06:57,MasterCard,McDonald's,Failed,yes
TX2992685,U1515,8478978125509712,77.34,Hyderabad,2023-04-20,17:18:57,RuPay,McDonald's,Success,yes
TX9310543,U3001,4976427714993983,323.96,Goa,2022-09-08,12:03:41,MasterCard,Flipkart,Success,no
TX3224133,U803,1483905918287496,100.75,Chennai,2018-03-12,08:42:24,Diners Club,ExxonMobil,Failed,yes
TX3902157,U5182,3680898072256123,1715.79,Mumbai,2018-04-08,21:13:12,Diners Club,McDonald's,Success,no
TX5357410,U4292,0486819170566211,1938.51,Varanasi,2023-09-01,06:03:31,Visa,Shell,Success,no
TX7104393,U6027,9562968768483758,583,Udaipur,2020-05-08,18:40:02,RuPay,Apple Store,Success,yes
TX1112667,U8427,5966158610860366,793.71,Leh,2022-11-16,23:44:05,Diners Club,Walmart,Success,no
TX9564611,U2102,9891862699565394,1141.45,Darjeeling,2024-06-19,15:16:42,Visa,Starbucks,Success,no
TX2627177,U9387,1129064152343879,1461.74,Shillong,2018-08-18,05:26:02,RuPay,Target,Success,no
TX8522889,U655,5087727132297605,894.72,Udaipur,2024-02-02,08:19:12,MasterCard,ExxonMobil,Failed,yes
TX1002805,U795,0359371130889209,776.99,Kolkata,2021-05-06,13:34:04,MasterCard,Walmart,Success,yes
TX9828739,U32,8049270734125129,549.61,Kolkata,2024-11-29,06:41:06,RuPay,Target,Failed,yes
TX7285590,U5117,1214376066382420,1590.14,Kochi,2022-03-17,16:48:52,RuPay,Amazon,Success,no
TX2511469,U2474,0426499781658784,1698.88,Delhi,2022-06-29,18:11:38,MasterCard,Walmart,Success,yes
TX8221975,U9555,7770691649345459,1160.19,Jaipur,2023-08-02,18:51:00,Diners Club,Walmart,Success,no
TX9304734,U9476,3682857936531224,149.73,Chennai,2023-09-20,16:29:38,Diners Club,Apple Store,Success,no
TX8417463,U9206,2209749014988482,527.26,Kochi,2022-11-01,22:14:43,American Express,McDonald's,Success,yes
TX5546122,U7914,0667457013164373,1851.58,Udaipur,2023-01-16,22:24:46,American Express,Flipkart,Success,yes
TX9358992,U4932,2701499455833048,1560.24,Udaipur,2019-09-15,18:58:33,Visa,Shell,Success,no
TX4415364,U2516,6002429051311266,1635.73,Darjeeling,2024-04-05,00:47:45,Visa,Shell,Success,yes
TX8798121,U9940,8651567111031336,1396.57,Delhi,2019-10-26,03:19:58,MasterCard,Shell,Success,no
TX2022361,U8596,9436482573425475,1107.63,Udaipur,2021-04-29,21:42:46,Visa,ExxonMobil,Success,no
TX7692949,U8438,4109676073494257,567.13,Shillong,2022-06-25,18:13:45,MasterCard,ExxonMobil,Success,no
TX9602602,U1059,7970041136084194,448.57,Kolkata,2023-08-27,01:58:36,Visa,Starbucks,Success,no
TX7987734,U5581,5823899596923263,1392.14,Varanasi,2019-01-15,12:46:24,American Express,McDonald's,Success,no
TX9819704,U4826,0020182412148963,1868.95,Mumbai,2019-12-03,14:55:36,Visa,Apple Store,Failed,no
TX2416314,U5823,6513867427236609,1432.24,Darjeeling,2020-06-12,10:59:56,American Express,Amazon,Success,no
TX3228240,U8409,7186293113632085,20.41,Mysore,2024-11-25,20:45:47,Visa,ExxonMobil,Success,no
TX5354874,U1974,6786884864241450,1664.24,Mandya,2025-04-18,12:22:27,RuPay,Apple Store,Success,no
TX5029350,U2966,9533859942297489,1883.83,Goa,2022-03-05,01:37:54,MasterCard,McDonald's,Success,no
TX3496843,U1673,9113163853994469,470.6,Goa,2023-12-08,01:58:15,American Express,Amazon,Success,no
TX6841482,U8846,8662038269771741,1572.53,Chennai,2021-09-03,03:17:47,Diners Club,Best Buy,Success,no
TX7595357,U1575,0237724992897384,470.7,Jaipur,2018-05-11,02:04:24,Diners Club,McDonald's,Success,no
TX6057714,U5488,3882025688558528,622.27,Mysore,2023-01-07,05:01:52,Visa,ExxonMobil,Success,no
TX5546687,U8910,1638062847528845,1108.93,Shillong,2018-04-11,11:46:51,Diners Club,Flipkart,Success,no
TX8680971,U3601,0809539438801787,516.8,Chennai,2024-03-14,05:53:33,RuPay,Shell,Success,no
TX7059781,U6744,9202522355125913,523.08,Shillong,2019-04-11,01:59:29,MasterCard,Amazon,Success,no
TX6022851,U679,0195180996873769,365.72,Kolkata,2022-11-27,18:08:48,Visa,Amazon,Success,no
TX1360212,U8780,7257973828479620,360.42,Hyderabad,2019-02-25,21:43:09,MasterCard,Target,Success,yes
TX4475240,U6115,0746739477164684,1650.51,Delhi,2021-08-17,00:56:08,MasterCard,Walmart,Success,no
TX8098324,U9345,7697802137829594,17.75,Delhi,2024-10-24,00:55:54,Visa,Shell,Success,no
TX3186960,U2686,5744494309133390,1802.45,Darjeeling,2019-05-13,00:14:17,MasterCard,ExxonMobil,Success,no
TX3674931,U765,1828970085559910,1693.24,Mysore,2022-10-31,08:52:04,MasterCard,Shell,Success,no
TX6127400,U2672,3379093891935370,1827.63,Jaipur,2018-03-15,15:02:48,Visa,Target,Success,no
TX6783351,U7583,6369912933618854,1079.35,Mandya,2019-02-13,23:00:16,MasterCard,Starbucks,Success,no
TX6897827,U5236,8272235958592659,1421.99,Varanasi,2018-02-08,06:18:38,Diners Club,McDonald's,Success,no
TX3492405,U4587,8536227819823014,1060.65,Mumbai,2020-06-07,03:53:46,RuPay,Amazon,Success,no
TX6383678,U871,9698438491782335,479.22,Kochi,2018-07-24,19:06:23,Visa,McDonald's,Success,no
TX9654197,U4443,1854010154845322,658.95,Udaipur,2024-12-04,19:53:39,Diners Club,Amazon,Success,no
TX4033934,U7873,6496551708938198,307.09,Leh,2018-05-27,07:29:09,American Express,Amazon,Success,no
TX9758929,U8187,6165472806203082,1648.5,Goa,2020-04-27,22:55:49,RuPay,ExxonMobil,Success,yes
TX2725032,U3723,1426715563605869,836.45,Udaipur,2023-06-28,15:27:56,RuPay,Apple Store,Success,yes
TX4574506,U841,6407503620109715,635.18,Mandya,2018-09-07,20:12:21,MasterCard,Starbucks,Success,no
TX8338030,U4322,0781523113017542,580.17,Jaipur,2025-06-02,08:03:11,RuPay,Walmart,Success,no
TX4624667,U5665,4425462235551798,1222.3,Leh,2020-07-16,22:18:14,RuPay,McDonald's,Success,no
TX4275906,U9981,9913711336119499,415.6,Jaipur,2023-02-20,09:11:31,RuPay,Amazon,Success,no
TX1154534,U3418,2928192254513958,1038.52,Jaipur,2020-01-16,12:35:32,American Express,Target,Success,no
TX9087040,U420,0837913936379605,506.28,Delhi,2023-08-12,08:59:14,RuPay,Starbucks,Success,no
TX4452944,U1302,2684183923347046,766.29,Darjeeling,2018-11-02,00:48:56,Diners Club,Amazon,Success,yes
TX8100516,U8603,2302733228769427,369.65,Hyderabad,2020-09-20,03:37:00,American Express,Shell,Success,no
TX7763904,U4229,1331716360864491,1944.03,Chennai,2020-09-22,11:18:57,RuPay,Apple Store,Success,no
TX5706021,U2402,4187475041990453,1801.52,Varanasi,2025-03-17,22:46:09,MasterCard,ExxonMobil,Success,no
TX7409364,U8506,6175763643876391,1344.7,Bangalore,2019-10-17,01:41:41,Diners Club,Amazon,Success,no
TX6682165,U273,6767420650723517,197.81,Varanasi,2019-02-15,01:55:25,Diners Club,Apple Store,Success,no
TX6508982,U3957,1818377229814948,865.6,Hyderabad,2019-08-02,13:15:59,RuPay,McDonald's,Success,no
TX3997233,U5630,6455250777050576,212.7,Bangalore,2019-06-13,20:41:17,RuPay,Walmart,Failed,yes
TX8347935,U6965,9670216297193800,726.57,Mumbai,2023-05-12,06:16:18,MasterCard,McDonald's,Success,yes
TX9417272,U4000,2381728524657986,981.46,Leh,2023-12-20,01:11:42,American Express,Apple Store,Success,no
TX4072175,U3039,8150166390858782,869.67,Mumbai,2019-01-28,19:33:53,Visa,Flipkart,Failed,no
TX6537480,U4281,1699418486637063,1210.57,Mandya,2025-05-22,10:53:25,Diners Club,Starbucks,Failed,no
TX2562433,U794,9864817053409231,1359.17,Mumbai,2020-09-08,18:21:59,MasterCard,Flipkart,Success,no
TX8391900,U7101,9154933995772508,1472.47,Goa,2025-06-14,08:59:55,Diners Club,Target,Success,yes
TX9510242,U2622,0983685040645585,994.92,Udaipur,2021-06-16,17:52:37,RuPay,ExxonMobil,Failed,no
TX6111236,U8874,9821898160508488,1361.73,Jaipur,2021-07-28,03:46:09,MasterCard,Apple Store,Success,no
TX8954423,U6759,6348308219822379,749.35,Kochi,2020-07-24,12:13:41,Visa,McDonald's,Success,no
TX2652201,U3560,4650786824031278,569.37,Mysore,2023-01-10,09:40:06,Visa,ExxonMobil,Success,yes
TX7964622,U6573,3034352447993649,690.77,Kochi,2018-11-08,07:20:55,Diners Club,ExxonMobil,Success,yes
TX8140362,U1937,1117104756775259,1144.98,Hyderabad,2019-12-10,08:10:25,RuPay,Shell,Failed,no
TX1896610,U9135,8076623402870549,1347.24,Chennai,2024-01-27,18:54:24,MasterCard,McDonald's,Success,no
TX3912539,U7230,7403348443695316,145.06,Mysore,2023-08-05,22:03:09,Diners Club,Walmart,Success,no
TX8063005,U3420,9370932235625694,1213.71,Mysore,2018-04-12,19:18:33,American Express,McDonald's,Success,no
TX5804960,U2990,9447545680030095,1122.17,Chennai,2024-04-01,09:53:53,RuPay,Target,Success,no
TX4285943,U1523,5440991758682239,1697.41,Bangalore,2021-04-09,19:46:53,Visa,Starbucks,Success,no
TX1704574,U7688,7005100952383989,1197.79,Shillong,2019-10-31,06:59:59,RuPay,Best Buy,Success,no
TX6343383,U1704,7274639984012064,1127.36,Kochi,2020-11-19,01:57:23,MasterCard,McDonald's,Success,no
TX9602725,U7890,7342337719595245,1012.09,Leh,2024-03-28,06:19:54,American Express,Flipkart,Success,no
TX6981768,U9240,9974155804885293,935.22,Mumbai,2018-11-15,01:52:17,Diners Club,ExxonMobil,Success,yes
TX6879419,U3956,4090025185665933,718.6,Leh,2023-09-15,13:07:08,Visa,McDonald's,Failed,no
TX7443592,U6741,2621213555895624,1448.83,Hyderabad,2025-05-20,06:28:30,RuPay,Starbucks,Success,no
TX3209951,U5800,2032390656598095,1662.69,Darjeeling,2024-12-27,08:40:29,American Express,McDonald's,Success,no
TX8184841,U85,5345853733527306,511.59,Mumbai,2024-12-07,01:30:40,American Express,Walmart,Success,no
TX8570181,U5490,2543583099373715,383.36,Mumbai,2019-02-09,02:56:10,RuPay,Apple Store,Success,no
TX9634435,U162,6361609965281618,936.42,Mysore,2025-04-09,02:07:17,American Express,Shell,Success,no
TX2291122,U1853,3552113882984936,935.76,Delhi,2018-06-23,11:39:48,Visa,Apple Store,Success,yes
TX5789087,U9732,5748906250505541,1438.15,Mysore,2022-05-30,00:40:48,MasterCard,Starbucks,Success,no
TX5121524,U3999,0410011558974027,678.54,Goa,2019-04-23,00:44:54,RuPay,McDonald's,Success,no
TX5681377,U4990,7003079124046477,137.41,Leh,2023-04-24,13:14:10,Visa,McDonald's,Success,no
TX9072115,U9049,7515983594903884,1231,Chennai,2018-11-06,02:41:32,MasterCard,McDonald's,Success,no
TX5788574,U4107,2703233519750779,1500.75,Hyderabad,2023-10-28,20:02:24,MasterCard,Shell,Success,no
TX5749248,U782,0196967205253033,1709,Mysore,2019-01-03,18:44:30,Visa,Shell,Failed,no
TX5036596,U8123,5555266205804657,267.18,Delhi,2020-04-04,17:39:38,RuPay,Amazon,Success,no
TX3648730,U9065,0541902557969210,1365.92,Darjeeling,2023-08-30,22:07:50,Diners Club,ExxonMobil,Success,no
TX2929165,U381,7983634078882535,92.09,Udaipur,2024-01-28,02:07:43,MasterCard,Walmart,Success,yes
TX5719719,U3364,2143721355979672,1852.25,Kolkata,2024-06-10,13:29:09,Diners Club,Amazon,Success,yes
TX3426143,U9587,2010839235488540,1220.85,Bangalore,2024-01-02,01:25:26,Visa,Shell,Success,no
TX5825011,U5654,7252966161495858,636.01,Hyderabad,2019-02-11,13:01:49,MasterCard,Target,Success,no
TX9528636,U1981,0731891389175159,57.64,Udaipur,2023-02-09,21:29:27,American Express,Flipkart,Success,no
TX7621464,U6889,2664336106157740,1768.38,Varanasi,2023-02-22,22:53:41,Diners Club,Amazon,Success,no
TX8403423,U7881,1033825910627569,52.27,Bangalore,2020-07-15,15:33:39,American Express,McDonald's,Success,no
TX2535436,U9559,1529802971053197,1934.61,Jaipur,2018-08-23,10:28:43,Visa,Starbucks,Success,no
TX3988216,U7395,3859401298464308,1048.39,Shillong,2018-07-29,22:21:22,RuPay,McDonald's,Success,no
TX9923912,U6033,3296493178723759,1409.01,Bangalore,2021-02-03,21:50:04,RuPay,Amazon,Success,no
TX9167568,U7105,6285351993441013,998.14,Mysore,2018-08-13,07:45:17,MasterCard,Amazon,Failed,no
TX8279269,U9893,0962487769653895,882.99,Goa,2019-06-24,13:21:12,Visa,Target,Success,no
TX5869095,U2779,4137898519598619,368.8,Leh,2018-04-13,23:04:14,Visa,Best Buy,Success,no
TX5402069,U3846,6517869602627953,1357.33,Goa,2025-01-02,15:01:38,Visa,Target,Success,yes
TX6278122,U1499,6670916734953917,892.69,Leh,2021-08-08,18:44:59,Diners Club,Walmart,Success,no
TX4871932,U7553,3635247415069450,1098.76,Leh,2018-01-29,19:46:23,RuPay,Starbucks,Success,no
TX9664438,U6956,7563537360314811,1279.75,Udaipur,2024-07-09,13:06:03,American Express,Flipkart,Success,no
TX7481177,U4557,5571723603986775,1029.94,Udaipur,2020-04-04,19:59:54,RuPay,Target,Success,yes
TX2254501,U1682,9278652970621724,382.6,Delhi,2018-10-10,06:09:46,RuPay,Shell,Success,yes
TX6082759,U7875,7418581769964687,1186.36,Jaipur,2019-05-21,12:09:14,Diners Club,Shell,Success,yes
TX3570179,U2673,5251950601425534,529.05,Bangalore,2019-09-11,14:22:36,Visa,Starbucks,Success,no
TX7164495,U8377,5340688763807478,1878.48,Chennai,2019-07-14,05:20:34,American Express,Amazon,Success,no
TX3963092,U9245,1802368413901039,654.42,Jaipur,2019-10-30,17:47:45,MasterCard,McDonald's,Success,no
TX8195792,U8816,6910890295124107,1473.21,Jaipur,2020-01-23,07:56:30,Diners Club,Walmart,Success,no
TX5393481,U3349,1703066289820571,1078.62,Varanasi,2020-05-27,17:33:09,RuPay,Flipkart,Success,yes
TX3763607,U8887,5062257412285257,1927.17,Goa,2020-09-28,07:36:55,RuPay,Flipkart,Failed,no
TX9123296,U5401,8998598488056066,1139.97,Mysore,2022-08-20,05:13:40,RuPay,Apple Store,Success,no
TX2730455,U509,1155355869733178,1308.92,Bangalore,2024-08-14,05:34:32,MasterCard,Shell,Success,no
TX7478776,U5408,8938168818181915,1935.88,Darjeeling,2020-01-21,02:51:48,MasterCard,McDonald's,Success,no
TX2809118,U9282,2738229842919978,1030.54,Kochi,2022-11-25,09:28:55,MasterCard,Amazon,Failed,yes
TX2498017,U8878,7826535418065438,1351.15,Chennai,2021-06-07,06:26:14,American Express,Flipkart,Success,no
TX3401339,U3626,1243054877909327,170.88,Varanasi,2020-04-20,13:15:23,American Express,Walmart,Failed,no
TX8708753,U9719,9467858316619595,231.3,Jaipur,2025-01-23,16:56:36,MasterCard,Target,Success,no
TX8150024,U3860,0036314057117164,110.36,Kochi,2019-02-15,05:59:53,MasterCard,ExxonMobil,Success,yes
TX8787609,U9218,1862960875520271,1817.7,Mumbai,2022-11-06,17:27:05,Visa,Shell,Success,yes
TX5384849,U2992,9646845335189057,331.38,Leh,2023-03-24,12:03:33,Diners Club,Amazon,Success,no
TX2282040,U7475,7916632094792567,1505.52,Mumbai,2018-06-03,03:25:22,Visa,Amazon,Success,no
TX7459367,U4952,9238028372415674,74.92,Goa,2018-03-05,04:51:42,American Express,Target,Success,no
TX1482145,U1415,2014902137720979,1021.91,Kolkata,2018-04-23,06:32:59,American Express,Shell,Success,no
TX4544873,U4462,0172048414696886,657.58,Hyderabad,2023-10-01,23:16:17,Diners Club,Best Buy,Success,no
TX6219179,U6574,2972017034885319,546.16,Mumbai,2022-08-10,12:37:43,Visa,ExxonMobil,Failed,no
TX2198350,U666,9712194819111060,356.03,Kolkata,2022-12-08,15:26:25,MasterCard,Walmart,Success,no
TX3329211,U1047,8315648595509968,884.18,Hyderabad,2023-09-17,22:55:41,Visa,Amazon,Failed,no
TX3226757,U6058,6611920237368438,1235.71,Delhi,2023-09-12,10:04:34,MasterCard,Best Buy,Success,no
TX9213863,U3658,7509494927466994,1916.57,Kolkata,2018-10-28,04:09:50,Diners Club,McDonald's,Success,no
TX4129519,U4968,2501293677175958,1326.18,Udaipur,2020-09-05,07:00:12,Visa,Best Buy,Success,no
TX2291924,U9188,4355812540529784,1750.53,Leh,2024-10-17,04:21:50,American Express,Best Buy,Success,no
TX9372326,U4641,7014065258052520,398.03,Kochi,2019-11-09,13:16:38,Visa,Amazon,Success,no
TX4971449,U817,3052785569755916,163.86,Darjeeling,2024-07-16,09:59:23,American Express,Shell,Success,yes
TX7767508,U5460,5240787881009782,907.74,Leh,2021-05-21,08:50:24,American Express,Starbucks,Success,no
TX2144553,U6918,0893944638884466,944.68,Darjeeling,2025-04-02,13:22:39,American Express,McDonald's,Success,no
TX6130845,U643,1301942406635134,1559.92,Bangalore,2020-09-19,10:00:39,Visa,Shell,Failed,no
TX8631846,U7951,5757001352307614,1691.05,Chennai,2022-02-20,06:23:50,American Express,Target,Failed,no
TX6627250,U2551,1696821569569740,1894.14,Mandya,2023-12-30,04:04:51,Diners Club,Amazon,Success,no
TX7969921,U9356,2067854291467439,416.97,Leh,2019-04-28,23:50:59,MasterCard,ExxonMobil,Success,no
TX8831806,U8163,1401810925270656,1084.05,Mumbai,2020-11-09,22:10:05,Visa,Shell,Success,no
TX7653853,U2710,2152101235694675,975.68,Bangalore,2020-01-08,17:55:04,Visa,Flipkart,Failed,no
TX4913685,U9299,6941387985169718,1604.75,Hyderabad,2020-05-07,16:54:38,RuPay,Walmart,Failed,no
TX5686617,U9269,4385265560955803,94.76,Delhi,2020-01-26,06:52:28,MasterCard,ExxonMobil,Success,no
TX5929356,U4671,4215003426401674,355.94,Udaipur,2019-06-07,06:13:00,Visa,Best Buy,Success,no
TX6353518,U2446,4199080000356183,852.41,Mumbai,2020-04-21,07:02:59,MasterCard,McDonald's,Success,no
TX5213269,U8770,2465383805019773,537.77,Udaipur,2022-06-05,01:28:02,American Express,Walmart,Success,yes
TX9847580,U1822,5423459327854951,879.67,Darjeeling,2019-10-04,10:53:40,RuPay,Best Buy,Success,no
TX7394598,U7814,0155662481796558,1613.06,Hyderabad,2019-07-24,01:47:06,Diners Club,Flipkart,Success,no
TX8501151,U7877,2861178286834932,1764.97,Delhi,2019-11-18,19:52:03,Visa,Starbucks,Success,no
TX1349267,U2888,2879771052613892,1565.79,Leh,2020-12-30,02:38:37,American Express,Walmart,Success,no
TX9462605,U9053,1681323057271827,220.82,Mumbai,2020-05-20,01:31:32,American Express,Flipkart,Success,yes
TX1505240,U9662,6619252910645940,82.27,Goa,2021-06-25,07:29:51,American Express,Starbucks,Failed,yes
TX1864186,U5594,5064104042774206,440.33,Varanasi,2024-12-30,18:31:53,Visa,Starbucks,Failed,no
TX8282958,U2417,9004259173124106,1988.88,Delhi,2024-09-29,05:10:41,RuPay,Flipkart,Failed,no
TX3938165,U2077,1921107800849495,1514.4,Darjeeling,2021-01-31,17:26:40,MasterCard,Apple Store,Failed,no
TX4087809,U6494,5251044514778031,274.84,Chennai,2021-06-06,14:22:11,Visa,McDonald's,Success,no
TX3810316,U2139,7584452316033420,67.31,Mandya,2025-01-21,10:54:09,RuPay,Walmart,Success,yes
TX5087319,U4930,2080665769061312,1893.43,Chennai,2019-08-02,01:26:23,RuPay,ExxonMobil,Success,no
TX5971162,U8754,7695054797795084,1291.22,Chennai,2018-04-23,22:04:36,Visa,McDonald's,Success,yes
TX9051188,U781,8870506395621601,954.71,Darjeeling,2022-12-27,03:29:21,RuPay,Target,Success,yes
TX5590674,U3825,1843594657753395,650.03,Darjeeling,2018-01-31,21:15:02,RuPay,Best Buy,Success,yes
TX8426344,U5179,1674224640004546,1209.43,Bangalore,2020-08-12,17:47:25,MasterCard,ExxonMobil,Success,no
TX8145728,U3754,2992240936795979,739.7,Hyderabad,2023-06-28,14:00:34,RuPay,Walmart,Failed,no
TX3070792,U7238,2460326383418757,1967.26,Leh,2024-09-27,14:51:57,MasterCard,Amazon,Success,no
TX2867705,U4152,2461013406327203,558.91,Jaipur,2022-03-16,08:12:37,Visa,Target,Success,yes
TX6852853,U758,6253101710186346,40.61,Varanasi,2018-10-25,10:38:25,RuPay,Walmart,Success,no
TX5019540,U6173,1406291865407161,960.14,Kolkata,2021-05-29,20:05:17,Visa,Flipkart,Success,yes
TX9300278,U7288,0655345248858449,196.56,Kolkata,2020-08-31,06:29:25,MasterCard,Apple Store,Success,no
TX1835408,U7259,6395374881714562,1803.52,Mumbai,2022-04-04,05:01:06,American Express,Amazon,Success,no
TX3901549,U6880,9460434391363044,1379.71,Kolkata,2024-05-07,11:45:09,RuPay,Starbucks,Failed,no
TX1117002,U8094,1188204553535775,638.41,Mysore,2019-09-03,15:52:33,MasterCard,Flipkart,Success,no
TX4879886,U6143,2658458096896913,1130.17,Bangalore,2018-10-06,01:58:53,American Express,Apple Store,Success,no
TX7010146,U3802,3597502147538771,1481.89,Hyderabad,2021-02-09,01:57:02,RuPay,Flipkart,Success,no
TX5288452,U6954,8746373725745394,1342.55,Leh,2022-01-28,09:33:33,RuPay,Shell,Success,no
TX5349369,U3702,7588329023200684,735.68,Bangalore,2022-04-15,08:44:08,MasterCard,Target,Success,no
TX1852950,U8309,5392212821981995,145.99,Kochi,2023-01-02,04:16:32,MasterCard,Starbucks,Failed,no
TX1803298,U6467,9627608440195044,1552.04,Varanasi,2024-01-02,17:03:16,RuPay,Starbucks,Failed,yes
TX6541887,U5227,5253889726504311,1884.73,Delhi,2021-12-19,08:23:00,RuPay,Apple Store,Success,no
TX1256747,U1580,3461266718595743,1103.79,Chennai,2020-06-23,07:13:19,Visa,Amazon,Failed,no
TX5804514,U2541,8827277971673650,1738.07,Jaipur,2021-09-08,17:35:13,American Express,Starbucks,Success,no
TX3366079,U1103,7493106628653106,1995.48,Bangalore,2020-07-09,01:57:03,Diners Club,Apple Store,Success,no
TX7612789,U1157,0123019994408011,1755.97,Chennai,2021-01-13,22:18:56,American Express,ExxonMobil,Success,no
TX2995396,U3159,0143096588233404,1571.05,Mumbai,2024-01-05,21:35:19,American Express,Flipkart,Success,no
TX3816917,U3169,5637299221459601,468.04,Mumbai,2021-02-01,11:38:34,Visa,Amazon,Success,yes
TX5881498,U9672,9865387436268416,1214.45,Kochi,2024-05-20,04:35:08,Visa,Amazon,Success,no
TX4892550,U1819,0726966743331140,1518.2,Chennai,2021-02-10,20:31:45,Visa,Walmart,Success,no
TX7930335,U5977,3196333013919680,1287.47,Mumbai,2020-02-29,11:26:35,RuPay,Flipkart,Failed,no
TX1791556,U807,0932301172355048,413.87,Jaipur,2021-08-14,16:08:53,American Express,Target,Success,no
TX2731683,U6616,8868450184895151,214.47,Delhi,2020-09-15,21:29:05,MasterCard,Apple Store,Success,no
TX8118129,U8151,7170978570934305,892.52,Shillong,2020-11-25,07:40:18,MasterCard,Target,Success,no
TX7487145,U5425,8689260368227720,420.56,Jaipur,2023-11-22,21:35:29,MasterCard,Apple Store,Failed,no
TX5378718,U6851,7305065815096407,877.45,Kochi,2018-12-31,18:02:52,Visa,Target,Success,no
TX4796755,U2738,2560048065629637,952.32,Bangalore,2020-03-22,12:21:30,Visa,Best Buy,Success,no
TX8638148,U1133,7644245528637152,179.13,Chennai,2023-03-13,22:14:29,MasterCard,ExxonMobil,Success,no
TX4503567,U9942,6579636902745446,1600.57,Jaipur,2020-06-07,10:59:22,Visa,Flipkart,Success,no
TX4147930,U6864,3537679747689305,446.78,Varanasi,2021-12-22,09:36:36,RuPay,Walmart,Failed,no
TX6052340,U4764,7002212507967424,1784.84,Chennai,2021-10-05,13:50:54,MasterCard,Best Buy,Success,no
TX9255145,U8188,5101763851484660,354.73,Mysore,2022-12-28,23:20:52,Diners Club,Amazon,Success,no
TX9261332,U8097,8922328021476607,704.07,Shillong,2021-09-01,16:33:04,American Express,Apple Store,Success,no
TX5437853,U9096,6987118159093957,643.84,Bangalore,2020-02-11,12:00:05,RuPay,Target,Success,no
TX3350482,U124,3228740673636739,702.5,Kolkata,2021-12-13,23:39:53,MasterCard,Amazon,Success,no
TX8235893,U9520,3243694645890241,127.97,Leh,2018-05-22,15:59:13,Diners Club,ExxonMobil,Success,yes
TX2570093,U5744,4008271546586970,754.32,Kolkata,2022-04-17,10:06:56,Visa,Shell,Failed,no
TX9195838,U821,1055248362011147,1193.96,Kochi,2021-01-07,06:31:09,MasterCard,Flipkart,Success,no
TX8955792,U350,0634989216989546,1028.12,Delhi,2019-05-20,16:40:51,Visa,Apple Store,Success,no
TX4450281,U5097,9368574254021163,514.36,Mysore,2025-04-29,11:58:12,RuPay,Flipkart,Success,no
TX2141820,U7034,4176611019513997,516.18,Udaipur,2021-07-18,02:06:50,Visa,McDonald's,Failed,no
TX6066157,U9669,0877521382719726,1272.11,Mandya,2022-11-15,08:38:09,Visa,Amazon,Success,no
TX9088946,U4116,7663722587297759,526.52,Darjeeling,2018-12-03,23:06:53,Diners Club,Starbucks,Failed,no
TX5620461,U2196,5681460916411700,1404.31,Varanasi,2020-11-19,08:39:56,American Express,ExxonMobil,Success,yes
TX1539657,U477,9460214508506866,787.92,Jaipur,2021-02-28,13:03:24,MasterCard,Target,Success,no
TX8429938,U3476,7108116935274932,1055.62,Kolkata,2020-10-11,18:24:16,American Express,McDonald's,Success,no
TX3499909,U8956,7946858618343517,321.16,Mysore,2023-05-22,22:48:52,RuPay,Best Buy,Failed,no
TX5731565,U8510,4742161397453690,496.05,Kochi,2018-02-17,19:21:38,RuPay,Flipkart,Success,no
TX8622672,U5250,3743961232934199,1222,Darjeeling,2024-09-18,21:50:23,RuPay,Starbucks,Failed,no
TX6172368,U9784,4036288427635040,1589.53,Udaipur,2018-09-06,01:05:53,MasterCard,Starbucks,Failed,no
TX7103756,U9526,2734334459401641,1562.03,Mumbai,2020-04-26,08:58:27,Diners Club,Apple Store,Success,no
TX3175382,U7116,8607148128162646,1314.72,Varanasi,2019-07-20,07:21:16,MasterCard,Target,Success,no
TX4609989,U5334,1994716590226619,1015.05,Chennai,2019-01-29,10:54:56,Visa,Walmart,Success,no
TX3732719,U8037,6851231614299155,1771.83,Udaipur,2021-01-25,05:43:20,American Express,Apple Store,Failed,yes
TX3666159,U8570,3907522411705420,1254.19,Varanasi,2023-04-15,07:56:41,Diners Club,Walmart,Success,no
TX5296179,U6641,2292804181461995,1812.23,Kochi,2023-02-26,06:43:29,Visa,Shell,Success,no
TX5219357,U5083,6913149105381394,1070.85,Varanasi,2023-05-21,05:56:05,RuPay,Flipkart,Success,no
TX1176852,U229,1321779953105041,1727.41,Shillong,2018-02-16,12:32:04,Diners Club,Starbucks,Success,no
TX5237070,U2181,7829954000467175,1848.38,Mumbai,2019-12-06,10:43:31,American Express,McDonald's,Success,no
TX4520147,U8777,5577509276976846,1899.31,Hyderabad,2019-07-01,20:13:25,RuPay,Target,Failed,yes
TX8889891,U1807,8507754189138593,152.95,Bangalore,2024-09-27,16:15:47,Diners Club,Shell,Success,no
TX6766251,U844,6990612594057000,1316.67,Darjeeling,2021-06-01,22:28:40,American Express,ExxonMobil,Success,yes
TX3003676,U7039,9273270519551690,1809.08,Chennai,2018-06-01,14:31:09,American Express,Shell,Success,no
TX1226318,U3565,2900932077146572,1999.65,Varanasi,2020-08-06,03:59:53,RuPay,Target,Success,no
TX7136972,U157,7457599358741729,426.03,Leh,2019-11-05,13:36:26,MasterCard,Starbucks,Success,no
TX4014533,U7872,4667645856291676,1207.51,Kolkata,2024-11-29,20:54:50,American Express,McDonald's,Success,no
TX9060182,U5310,6809756303957523,592.81,Chennai,2023-09-01,09:36:12,American Express,Starbucks,Failed,no
TX7734062,U9405,1802581992198982,1492.73,Mysore,2021-06-16,18:32:33,Diners Club,Shell,Failed,no
TX5621617,U6052,3868676218767380,1062.14,Jaipur,2024-05-10,15:30:55,MasterCard,Walmart,Success,no
TX8420360,U1249,3256012572964550,238.77,Mumbai,2020-11-14,05:36:08,MasterCard,Best Buy,Success,no
TX5996400,U5479,1301068878793613,1083.48,Varanasi,2023-05-07,21:11:42,Visa,Starbucks,Success,no
TX4531859,U6692,2253504900302871,1678.31,Hyderabad,2025-04-30,20:42:44,American Express,Target,Success,yes
TX8888554,U7460,7932757069956153,1012.55,Kolkata,2021-04-01,02:06:09,MasterCard,Apple Store,Failed,yes
TX5112503,U1464,4829545748615195,387.49,Darjeeling,2020-04-24,03:52:48,Visa,Shell,Success,no
TX6149178,U3106,5855060228482581,119.5,Varanasi,2018-05-23,15:19:07,American Express,ExxonMobil,Success,no
TX3451094,U6844,8546151692231304,748.96,Leh,2022-04-05,23:52:34,Visa,Walmart,Failed,no
TX1004335,U8876,2598413860946265,371.55,Chennai,2020-04-12,12:26:25,MasterCard,Apple Store,Success,no
TX7372942,U914,1825037598049474,1571.67,Mysore,2024-10-01,01:04:38,Diners Club,Shell,Success,yes
TX2327294,U5024,8193732485666558,832.94,Varanasi,2020-12-17,14:22:21,American Express,Apple Store,Success,no
TX1151431,U2008,0254396810416181,759.03,Shillong,2020-11-24,11:37:07,MasterCard,Amazon,Success,no
TX5375281,U5514,6577498605725438,1207.55,Darjeeling,2019-07-25,15:50:49,MasterCard,Amazon,Success,no
TX4336903,U3722,2598458806750987,40.45,Mysore,2021-06-06,06:23:02,Diners Club,ExxonMobil,Success,no
TX6835246,U9620,4104248035633014,1454.94,Delhi,2018-12-14,16:01:04,MasterCard,ExxonMobil,Success,no
TX5522502,U922,8635279793516739,746.15,Kochi,2018-04-24,12:42:14,Diners Club,Flipkart,Success,no
TX2191125,U4037,9218529708248544,458.96,Goa,2022-07-24,01:39:45,Visa,Flipkart,Success,no
TX6794920,U3259,1290999226278007,928.59,Leh,2023-12-08,05:18:42,American Express,McDonald's,Success,no
TX8641793,U9505,8901120529197750,1001.76,Bangalore,2018-12-30,14:48:21,American Express,Best Buy,Success,no
TX8172515,U5693,0286319958588202,1312.17,Chennai,2018-05-18,08:14:57,Visa,Flipkart,Failed,no
TX2960323,U5031,7316038204898128,954.98,Hyderabad,2020-07-21,18:08:24,Diners Club,Flipkart,Failed,no
TX1881274,U4103,2407924668289993,140.53,Mysore,2025-04-03,22:55:54,RuPay,Starbucks,Success,no
TX7029731,U1215,5854030622539790,850.53,Varanasi,2024-05-28,13:27:43,Diners Club,Apple Store,Success,no
TX2844646,U5823,4448338948167772,738.64,Darjeeling,2021-09-22,19:43:31,American Express,Best Buy,Success,no
TX7678583,U4124,8290932084449749,500.49,Mandya,2024-09-24,09:18:45,Visa,Target,Success,no
TX3520023,U8918,8771302574438053,1019.76,Hyderabad,2019-08-29,22:33:09,MasterCard,Target,Success,no
TX2768680,U4259,0916927549010111,622.93,Darjeeling,2024-08-23,04:05:11,RuPay,ExxonMobil,Success,yes
TX7477883,U4460,0502930858356436,764.66,Delhi,2019-06-18,03:31:51,American Express,Starbucks,Success,no
TX3340195,U8996,1777567858202988,974.01,Bangalore,2023-04-23,08:57:06,Diners Club,Amazon,Success,no
TX9343973,U5082,9046836187033478,661.39,Udaipur,2018-08-14,04:38:54,Diners Club,ExxonMobil,Success,yes
TX4924996,U8057,4329485799589909,1686.52,Kochi,2018-07-22,10:20:37,Diners Club,Walmart,Success,no
TX6329217,U1182,1201763300351235,1702.58,Udaipur,2024-11-24,06:01:19,RuPay,Target,Success,no
TX4975860,U1270,4568572808831205,1866.49,Darjeeling,2019-12-08,01:52:34,American Express,Starbucks,Success,no
TX9235865,U4182,3083820142920707,1023.39,Hyderabad,2023-10-10,20:58:32,American Express,Flipkart,Success,no
TX7374179,U9964,3199280698641147,1072.78,Bangalore,2022-04-17,00:19:33,American Express,Target,Success,no
TX6134171,U4733,3559639448556001,1057.41,Mandya,2024-09-27,12:01:33,RuPay,Walmart,Success,no
TX9491645,U7146,5090587007376292,1638.52,Hyderabad,2021-04-04,13:04:44,American Express,McDonald's,Success,no
TX9191203,U4590,2595925290814080,1325.76,Goa,2018-01-10,19:51:45,Visa,ExxonMobil,Failed,no
TX7637272,U6854,8058583097851284,502.61,Jaipur,2021-12-18,19:20:39,Diners Club,Starbucks,Success,no
TX8698379,U831,0017494871994777,1536.49,Mumbai,2020-09-27,21:56:28,RuPay,McDonald's,Success,no
TX2494522,U263,8868762995171740,83.97,Kochi,2019-11-26,17:51:53,MasterCard,Starbucks,Success,no
TX6678591,U7537,4785749706647892,517.26,Shillong,2023-08-05,21:26:05,Visa,Walmart,Success,no
TX8088367,U8495,3426289224440889,1100.54,Kochi,2018-09-24,19:59:02,MasterCard,McDonald's,Failed,no
TX4105436,U6871,9030151569875771,574.09,Kolkata,2023-04-12,00:54:56,Diners Club,Flipkart,Success,no
TX8896762,U7001,0682146036074165,559.68,Chennai,2022-10-30,19:14:59,MasterCard,Flipkart,Success,no
TX5732881,U625,5154468617602860,52.4,Kochi,2023-04-22,17:52:02,RuPay,McDonald's,Success,no
TX7089437,U3664,6526032110955516,300.2,Kolkata,2021-01-01,08:12:40,Diners Club,Starbucks,Success,yes
TX2904753,U8141,8388508853164682,1343.22,Hyderabad,2018-07-11,00:49:56,MasterCard,Starbucks,Success,no
TX8577173,U5239,9590210114228978,236.17,Jaipur,2019-12-25,23:40:49,Diners Club,Apple Store,Failed,no
TX2362595,U9003,2238941106860023,770.53,Udaipur,2023-01-19,21:38:16,RuPay,McDonald's,Success,no
TX9318799,U6209,6376287938614032,362.08,Delhi,2023-11-08,22:06:03,Diners Club,Target,Success,no
TX7866474,U8610,8935546620947435,486.51,Darjeeling,2022-02-06,09:39:27,Diners Club,Flipkart,Success,no
TX9747554,U826,3139825773861763,1886.09,Chennai,2020-08-19,19:31:08,American Express,Target,Success,no
TX1101155,U2742,1517109295506116,1351.13,Delhi,2019-06-24,16:21:51,RuPay,Shell,Success,no
TX2937629,U8332,8919011692675629,122.68,Mysore,2020-07-18,23:57:57,Visa,Apple Store,Success,no
TX3296034,U2525,0032899063060557,1057.91,Delhi,2019-03-04,09:39:01,RuPay,Target,Success,yes
TX9385867,U2566,0059202693715542,307.07,Delhi,2024-02-09,05:08:05,Diners Club,Best Buy,Success,no
TX9520993,U7224,1609586497277997,453.54,Kolkata,2020-11-19,23:39:32,MasterCard,Apple Store,Success,yes
TX1413800,U9390,2092930699063805,1582.48,Udaipur,2019-08-17,11:57:24,MasterCard,Starbucks,Success,no
TX2485142,U8181,8870122079334909,479.43,Mandya,2022-06-26,18:16:14,Visa,Apple Store,Success,no
TX1150294,U84,3913343927999324,1115.32,Mysore,2023-02-21,18:19:57,RuPay,Flipkart,Failed,no
TX2712498,U7208,9599235493041854,723.69,Hyderabad,2019-11-19,04:10:28,MasterCard,Flipkart,Success,no
TX2900729,U501,4872347023718170,1648.85,Delhi,2020-12-06,03:38:55,MasterCard,Amazon,Success,no
TX1599926,U499,0963832583509061,1856.22,Mysore,2018-02-27,02:35:19,MasterCard,Target,Failed,no
TX3695690,U4012,5371029816124949,1554.9,Bangalore,2020-08-08,05:03:32,American Express,Walmart,Success,no
TX7975026,U4626,8530200464384201,239.57,Kochi,2023-07-19,16:34:55,Visa,Target,Failed,no
TX6855372,U1196,0890411633057112,1827.08,Kochi,2020-06-28,22:29:40,American Express,McDonald's,Success,no
TX3971061,U2064,6527831261363482,1064.38,Shillong,2020-06-11,19:32:33,RuPay,McDonald's,Success,no
TX7416484,U487,1166051130948236,806.79,Kochi,2019-08-08,03:42:11,Visa,Amazon,Failed,no
TX5306804,U6288,7453236037646212,1456.77,Mandya,2020-02-13,08:11:53,Visa,ExxonMobil,Success,no
TX4739792,U8246,7512767440475756,562.66,Bangalore,2018-03-24,01:55:42,Diners Club,Walmart,Success,no
TX8312750,U2729,0535983771147632,608.52,Leh,2018-07-13,23:30:26,MasterCard,Shell,Success,no
TX9934326,U9929,2243877981038522,980.29,Goa,2023-01-28,18:21:23,American Express,Flipkart,Success,no
TX6553402,U7212,8349613859086239,1408.91,Mysore,2021-05-03,05:44:40,RuPay,McDonald's,Success,no
TX1939677,U3207,5626371581526996,1365.23,Hyderabad,2022-10-15,00:30:12,MasterCard,Best Buy,Success,yes
TX4913726,U2822,1802545757168177,302.76,Goa,2021-04-16,02:50:31,MasterCard,Amazon,Failed,no
TX2433502,U4412,0037245186703585,607.62,Mysore,2019-10-01,19:17:28,Diners Club,Target,Failed,no
TX4123589,U3268,1328101189907482,1753.29,Jaipur,2023-07-18,21:03:15,MasterCard,Apple Store,Failed,no
TX1186241,U4004,3481393373301900,378.12,Udaipur,2022-12-23,00:04:55,MasterCard,Starbucks,Failed,no
TX1889733,U4758,8680650453490201,283.39,Hyderabad,2024-04-05,16:05:53,MasterCard,McDonald's,Success,no
TX7891511,U2651,9520996487412356,497.73,Kolkata,2024-02-19,05:30:11,MasterCard,Starbucks,Failed,no
TX1894332,U8138,3973455109630336,258.6,Leh,2024-11-25,11:15:41,RuPay,Walmart,Success,no
TX2837297,U6308,8898499743453584,654.26,Mandya,2024-02-10,09:34:28,Visa,Starbucks,Failed,no
TX5620808,U9432,5501217336216150,877.55,Darjeeling,2022-08-09,09:59:24,MasterCard,Shell,Success,no
TX6934171,U8236,4796727730412400,529.7,Jaipur,2020-04-15,08:49:32,MasterCard,Starbucks,Success,no
TX1584066,U4920,5687460343255795,511.89,Mumbai,2019-09-29,18:22:17,MasterCard,Flipkart,Success,no
TX2728609,U5720,5173131488237759,1841.01,Delhi,2025-04-28,19:57:49,MasterCard,Target,Success,no
TX4871257,U9510,5358541595130860,36.02,Varanasi,2023-07-17,04:21:16,American Express,Starbucks,Success,no
TX2774170,U7312,9563597911100770,1751.21,Hyderabad,2020-02-14,22:59:37,Diners Club,Flipkart,Success,no
TX7858472,U9771,2016189118972013,1727.98,Kolkata,2018-05-14,09:44:08,RuPay,ExxonMobil,Success,no
TX4267399,U4825,1426983226975196,118.23,Kolkata,2024-05-06,09:49:06,RuPay,Walmart,Success,yes
TX6151943,U8531,8721542605790935,1902.52,Bangalore,2018-09-20,12:20:46,MasterCard,Apple Store,Success,yes
TX9569867,U4781,4447124723298840,300.91,Jaipur,2020-07-24,12:07:42,RuPay,Walmart,Failed,no
TX2974931,U8425,5369325047150721,322.87,Leh,2023-11-25,19:29:04,Visa,Target,Success,no
TX9328394,U6734,3348092490493221,998.86,Chennai,2022-07-08,14:31:57,Visa,Starbucks,Success,no
TX8642658,U738,5105610457775365,1822.5,Goa,2022-03-07,15:09:54,RuPay,Flipkart,Success,no
TX9726876,U9364,0206618149441373,770.05,Chennai,2023-04-20,05:10:46,Diners Club,ExxonMobil,Success,no
TX4615900,U8936,6803959122939316,917.37,Hyderabad,2018-01-25,07:43:07,American Express,Walmart,Success,no
TX4535740,U4561,7822614337660929,1086.3,Darjeeling,2022-12-20,02:04:24,RuPay,Amazon,Success,no
TX7061594,U3747,6016311166113718,1518.31,Bangalore,2023-06-05,06:05:52,RuPay,Apple Store,Success,no
TX8215467,U9184,7446323318847577,1475.05,Hyderabad,2022-09-17,13:16:52,RuPay,Best Buy,Success,no
TX1617651,U5292,3233087152328587,1229.92,Hyderabad,2024-04-09,18:29:56,Diners Club,Shell,Failed,no
TX4138746,U1992,2743849479368566,479.27,Bangalore,2021-08-21,04:58:15,Diners Club,Walmart,Success,no
TX8091351,U9403,1777783863821240,1825.22,Mumbai,2024-11-04,11:23:13,Diners Club,Target,Success,no
TX3571256,U8638,1927074993574007,532.49,Mumbai,2018-11-05,23:01:55,American Express,Amazon,Success,no
TX1151803,U986,4744526938797334,1748.56,Hyderabad,2020-03-05,21:41:50,Visa,Target,Success,no
TX6050291,U4355,0961154082991825,165.87,Udaipur,2025-02-21,10:33:31,American Express,Shell,Success,no
TX2034135,U9192,8410555387871787,1202.65,Varanasi,2023-06-29,23:53:46,Diners Club,Amazon,Failed,no
TX2326516,U6651,7030191565020660,812.71,Goa,2019-03-29,23:59:36,Visa,ExxonMobil,Success,no
TX2281995,U2518,0212550747978130,1713.04,Mumbai,2023-12-02,18:53:52,MasterCard,Walmart,Success,yes
TX1319319,U7387,1810129932270878,847.09,Udaipur,2020-01-15,21:49:42,Visa,Starbucks,Success,no
TX1928631,U634,3524119817673162,237.34,Goa,2021-06-16,10:16:29,Diners Club,Best Buy,Success,no
TX5177253,U3060,3426375886352568,671.1,Bangalore,2023-04-26,14:20:11,American Express,Apple Store,Success,yes
TX9497310,U1460,0693715860545182,871.42,Varanasi,2022-06-26,00:51:05,American Express,Target,Success,no
TX6670452,U7445,3170152320596500,1771.77,Bangalore,2023-09-18,06:03:18,American Express,ExxonMobil,Success,no
TX2429363,U7859,4723529364946311,1245.71,Jaipur,2021-05-09,14:11:34,Diners Club,ExxonMobil,Success,no
TX2838775,U5415,2045760718512487,994.22,Mysore,2019-01-02,01:06:17,American Express,ExxonMobil,Success,no
TX2107732,U3134,7062542392015751,517.69,Mysore,2018-11-18,21:32:44,RuPay,Starbucks,Success,no
TX7416472,U106,7766772521012730,1840.42,Udaipur,2019-04-30,01:31:37,Visa,Walmart,Success,no
TX6476978,U5386,1374459713061332,397.83,Darjeeling,2023-04-07,19:04:08,American Express,Walmart,Success,no
TX8408667,U2697,6422213478827020,32.62,Leh,2022-01-14,08:22:09,American Express,Shell,Success,no
TX5415872,U2300,8329380411829421,1885.82,Mandya,2020-01-17,03:00:35,MasterCard,Walmart,Success,no
TX5784476,U562,4967211805084637,1475.06,Mumbai,2024-01-25,01:25:08,Diners Club,Amazon,Success,no
TX9054753,U7986,4572227100518520,377.8,Goa,2020-02-09,12:56:47,American Express,Best Buy,Success,no
TX1868127,U2897,0740801200682157,394.06,Kochi,2023-11-05,11:41:57,Visa,Amazon,Success,yes
TX4646980,U2848,7678943312352162,1681.89,Chennai,2021-05-23,20:36:23,MasterCard,Starbucks,Success,no
TX2749490,U5175,1828222030659588,1999.11,Hyderabad,2020-04-17,01:31:36,American Express,Target,Failed,no
TX2437480,U9869,9895212385304464,299.98,Darjeeling,2023-02-16,00:09:37,Visa,Walmart,Success,no
TX2839045,U7067,5197055689707488,291.1,Shillong,2025-02-20,17:02:24,RuPay,Apple Store,Failed,no
TX5292016,U7751,8661622438188283,1073.95,Bangalore,2023-11-07,03:01:44,American Express,ExxonMobil,Success,yes
TX4122784,U1988,1171331093453186,610.57,Goa,2022-01-11,14:25:18,Diners Club,Best Buy,Success,no
TX9982012,U4765,3441574819087620,762.38,Kolkata,2024-03-22,02:43:52,American Express,Shell,Success,no
TX7393790,U9329,7317102490647091,1715.99,Varanasi,2025-02-20,10:10:06,Visa,Shell,Success,yes
TX1945562,U1411,0811667210225633,1879.46,Udaipur,2024-10-23,10:07:56,MasterCard,Target,Success,no
TX4047117,U211,5718500619638801,281.87,Mumbai,2020-07-23,23:50:41,American Express,Amazon,Success,no
TX3901499,U1127,5007140060313089,800.95,Chennai,2020-04-06,16:32:32,MasterCard,Starbucks,Success,no
TX5770464,U4704,5496055424204083,172.46,Mandya,2023-07-01,03:51:16,Visa,Apple Store,Success,no
TX3984405,U7305,1226323406858904,1440.31,Mandya,2019-09-15,11:46:48,American Express,McDonald's,Success,no
TX1541261,U5455,6519574126340758,1506.94,Jaipur,2019-11-17,09:35:07,American Express,Walmart,Success,no
TX8485880,U9510,3151574623000072,326.29,Shillong,2020-02-11,11:46:49,MasterCard,Shell,Success,yes
TX5166342,U8593,4086875056479778,1611.48,Jaipur,2023-01-29,10:57:47,MasterCard,Target,Failed,no
TX2582997,U8575,7674865124976425,1825.98,Kochi,2018-09-12,15:42:40,RuPay,Walmart,Success,no
TX8968840,U7858,9905569436684193,668.42,Udaipur,2021-10-14,07:59:14,RuPay,Flipkart,Success,no
TX1288250,U2854,3187317932261396,591.54,Leh,2022-07-16,22:47:48,American Express,Shell,Success,no
TX7341033,U9283,1463557228290684,1408.44,Bangalore,2023-02-19,12:48:46,RuPay,Target,Success,no
TX1165236,U9095,8699913149589722,395.74,Mandya,2019-01-13,08:38:34,Diners Club,Flipkart,Success,no
TX3143015,U6495,9370551821386313,1970.6,Goa,2024-08-22,22:47:32,RuPay,Starbucks,Success,no
TX3472916,U8336,0222447701827213,1867.03,Leh,2025-02-12,05:58:50,RuPay,McDonald's,Success,no
TX1051591,U9471,4818789292184530,946.42,Bangalore,2025-05-28,17:25:02,RuPay,McDonald's,Success,no
TX3439840,U5843,1086436538825196,1120.9,Leh,2020-07-03,21:43:10,Visa,Amazon,Success,no
TX3600835,U2856,1874506433458087,537.62,Kolkata,2019-12-02,00:59:23,MasterCard,Shell,Success,no
TX9044161,U1967,9057014216121391,1146.58,Udaipur,2020-06-17,00:30:33,Visa,Amazon,Success,yes
TX5040139,U943,1067830815010286,1922.18,Varanasi,2024-06-17,16:50:16,Diners Club,Walmart,Success,no
TX3499170,U3414,1506685292838893,1259.69,Leh,2024-06-06,11:46:47,MasterCard,McDonald's,Success,no
TX8820408,U6992,8401764718261067,1369.32,Chennai,2023-08-03,12:05:31,MasterCard,Flipkart,Success,yes
TX4161217,U3096,0972911701397903,1168,Kolkata,2019-03-20,16:56:54,MasterCard,ExxonMobil,Success,no
TX5547012,U6841,3320330634885762,955.47,Udaipur,2022-10-19,17:49:23,Visa,Target,Success,no
TX3107168,U4907,6199780898070096,1282.39,Mysore,2021-03-07,01:02:27,MasterCard,Best Buy,Success,no
TX9159928,U1991,5484068850561893,474.65,Delhi,2020-07-01,21:32:46,Diners Club,Best Buy,Success,no
TX9510303,U4428,7468983914896619,1887.06,Mumbai,2021-12-27,08:02:57,Diners Club,McDonald's,Success,yes
TX5184962,U633,5640182964555364,614.55,Leh,2024-03-02,14:30:10,RuPay,Flipkart,Success,no
TX7236668,U9635,0806828809655514,526.76,Mysore,2024-09-23,06:05:36,Visa,McDonald's,Success,no
TX3801622,U6906,1450421736212977,355.23,Hyderabad,2020-11-23,13:42:03,Diners Club,Target,Success,no
TX8387403,U5012,1379923269073296,757.89,Delhi,2019-04-14,21:50:58,RuPay,ExxonMobil,Success,no
TX8379359,U4440,5035497030547152,887.05,Kolkata,2022-08-04,07:18:47,MasterCard,Starbucks,Success,yes
TX5221039,U2267,4641346436817396,664.15,Shillong,2023-07-18,19:37:40,Diners Club,Flipkart,Success,no
TX2480485,U751,3182902965191595,1755.02,Kochi,2023-06-05,23:57:16,American Express,Starbucks,Failed,no
TX9752313,U7851,2200284442088725,477.11,Leh,2020-06-25,00:29:34,Diners Club,Shell,Success,yes
TX9566843,U5724,2952985385574292,1480.45,Hyderabad,2024-12-16,12:05:22,American Express,Starbucks,Success,yes
TX6698553,U4982,5459267698195404,1016.22,Varanasi,2023-10-26,05:22:52,RuPay,Walmart,Success,no
TX9830417,U9127,6364077934944070,1265.72,Udaipur,2025-06-28,00:00:03,Diners Club,Flipkart,Success,no
TX3692200,U5193,2116144741401867,1767.2,Udaipur,2018-07-14,08:59:50,American Express,McDonald's,Success,no
TX1419250,U6310,0303763460532402,86.17,Udaipur,2023-06-03,21:00:46,Visa,Flipkart,Success,no
TX1009807,U2083,6175339750491227,697.91,Udaipur,2025-01-27,20:10:30,RuPay,Starbucks,Success,yes
TX4261107,U9750,9657345972033088,800.4,Leh,2019-10-14,20:17:06,RuPay,Starbucks,Failed,no
TX2049555,U4915,7396849284887185,212.19,Kolkata,2025-05-31,17:10:47,MasterCard,ExxonMobil,Success,no
TX5836705,U3954,3658564641359461,1197.2,Leh,2018-12-12,14:14:35,MasterCard,Walmart,Success,no
TX5751021,U9267,2317284923310427,55.09,Delhi,2021-01-19,13:45:50,RuPay,Best Buy,Success,no
TX4484893,U9310,7806856236417693,1350.9,Shillong,2019-04-12,04:48:40,MasterCard,Walmart,Success,no
TX7109149,U8701,6597402555569953,201.24,Chennai,2019-02-13,13:22:52,Diners Club,Best Buy,Success,no
TX2433838,U3956,1214414007906956,233.41,Goa,2019-05-16,12:52:56,MasterCard,Shell,Success,yes
TX1473781,U7267,6347504925260873,75.48,Hyderabad,2022-03-18,08:30:21,American Express,Shell,Success,yes
TX5517512,U5297,2200982189533608,1589.1,Shillong,2023-12-23,16:06:33,American Express,Amazon,Success,no
TX8926119,U9344,7018321275253564,1705.75,Mysore,2024-04-26,20:12:59,Diners Club,ExxonMobil,Success,no
TX1942428,U8304,6225763278837649,1036.83,Mumbai,2024-06-01,11:20:08,Diners Club,ExxonMobil,Success,no
TX6659064,U8170,9310100794261641,1077.66,Udaipur,2025-04-18,10:10:17,Diners Club,Shell,Success,no
TX8103132,U9901,5734378141998421,428.63,Goa,2022-12-15,23:31:24,Diners Club,Best Buy,Success,no
TX7961149,U985,0370201247116761,1668.01,Hyderabad,2018-10-05,18:43:05,RuPay,Target,Success,no
TX7128908,U5027,5121592340302133,1528.63,Chennai,2020-09-06,07:57:12,Diners Club,Apple Store,Success,no
TX4017701,U2186,9178558451464988,1879.01,Mumbai,2024-07-18,05:11:40,RuPay,Starbucks,Success,no
TX5393146,U4381,1249052554604296,1667.83,Kolkata,2022-05-29,13:53:20,American Express,Walmart,Success,yes
TX5097363,U317,6802136332400343,408.95,Mumbai,2018-04-26,07:45:02,Visa,Target,Success,no
TX6332344,U4789,1775850963963903,1102.91,Jaipur,2024-11-02,20:16:43,RuPay,Shell,Success,no
TX8969942,U7591,5091444759829324,242.22,Hyderabad,2019-10-28,19:00:03,Visa,Best Buy,Success,no
TX1851289,U2629,1564548229775697,304.78,Chennai,2022-12-21,18:59:26,Diners Club,Amazon,Success,no
TX8767471,U8637,7230702003645059,476.23,Bangalore,2022-12-09,11:01:18,Diners Club,Walmart,Failed,yes
TX5250182,U8249,3176288446192736,264.31,Varanasi,2020-02-27,08:41:55,MasterCard,Shell,Success,yes
TX3828251,U8155,2349819390530342,1194.72,Delhi,2020-06-06,08:01:15,American Express,Shell,Success,no
TX2763064,U6766,6993715374742834,664.33,Kochi,2018-02-13,11:45:33,Visa,Best Buy,Success,no
TX9660486,U1710,2873502344139343,747.64,Delhi,2025-04-15,07:44:06,Visa,Amazon,Success,no
TX6135219,U4176,8143741872887628,448.22,Mysore,2018-09-28,06:57:14,Visa,Walmart,Success,yes
TX4780390,U6437,2813166221061006,557.56,Hyderabad,2020-02-22,19:01:35,RuPay,Apple Store,Success,no
TX8867927,U8149,7357355389223461,665.68,Kolkata,2019-09-24,18:13:03,RuPay,Amazon,Success,no
TX7120895,U9321,1687795541570975,244.11,Udaipur,2020-11-12,11:17:25,American Express,Walmart,Success,no
TX5160515,U9882,1685533060209555,438.18,Leh,2021-03-19,01:44:49,RuPay,Flipkart,Success,no
TX4849896,U7857,5742025710375547,1713.14,Jaipur,2018-03-12,03:13:06,Diners Club,ExxonMobil,Success,yes
TX2115828,U5085,3584125278543898,724.22,Kolkata,2020-07-15,20:48:40,Diners Club,ExxonMobil,Success,no
TX1290031,U6582,1012886400581086,1003.53,Shillong,2023-05-11,21:43:36,MasterCard,McDonald's,Success,no
TX8092507,U1882,4257630392300297,1605.6,Mysore,2021-10-31,11:05:22,RuPay,Target,Success,yes
TX8585026,U5763,2546426045933671,1337.4,Delhi,2018-06-13,11:38:29,RuPay,McDonald's,Success,no
TX6544105,U7080,8450082527955956,122.84,Leh,2023-12-11,15:18:02,RuPay,Best Buy,Success,no
TX9546864,U833,4532129178490772,1613.78,Jaipur,2021-01-18,21:53:32,Visa,Flipkart,Success,yes
TX1734023,U5379,3271987344566668,1752.55,Hyderabad,2018-12-02,09:42:33,Diners Club,Best Buy,Success,no
TX7196683,U556,3545346979624130,1836.87,Shillong,2019-08-25,05:18:46,Visa,Flipkart,Success,no
TX3859053,U6201,7324833316958183,1229.37,Darjeeling,2023-04-21,05:50:59,MasterCard,Starbucks,Success,no
TX4486821,U4142,2448206004701793,464.59,Mandya,2023-08-23,02:48:04,American Express,Walmart,Success,no
TX5830019,U9439,3690102813295203,759.82,Shillong,2021-12-19,11:13:40,Diners Club,Amazon,Success,no
TX7157671,U3743,8050739761113163,308.04,Chennai,2023-11-03,22:25:06,Diners Club,Apple Store,Success,no
TX5834818,U1577,4739520933172415,1630.29,Jaipur,2018-01-24,22:30:02,Diners Club,ExxonMobil,Success,no
TX6113677,U5221,7447164663702793,1498.39,Udaipur,2019-06-04,23:30:29,Diners Club,Amazon,Success,yes
TX8721321,U7424,2328795348457098,184.88,Mandya,2024-11-09,08:44:53,MasterCard,Flipkart,Success,yes
TX7731666,U3082,3408531940725664,1340.42,Mandya,2021-09-09,13:52:54,American Express,McDonald's,Success,yes
TX9119352,U9674,0302293945067949,1242.91,Mysore,2025-02-01,21:33:15,Diners Club,Target,Success,no
TX9677296,U3928,8922876426458155,602,Leh,2018-04-16,12:15:22,RuPay,McDonald's,Success,yes
TX1530757,U3648,1235330851648033,137.44,Bangalore,2024-05-22,15:05:32,MasterCard,McDonald's,Success,no
TX4233435,U3312,9604845312355585,1089.9,Delhi,2019-11-03,09:42:02,American Express,McDonald's,Success,no
TX9842362,U6891,8526969226956157,199.13,Mandya,2023-01-19,10:32:30,RuPay,Shell,Success,no
TX4255580,U1418,4511362359589570,1819.06,Udaipur,2020-10-14,16:23:58,American Express,ExxonMobil,Success,no
TX7141365,U2999,0581136332693731,381.52,Kochi,2018-11-02,18:58:50,RuPay,Target,Success,no
TX3872921,U975,8354764844218314,866.23,Leh,2019-05-18,14:29:42,Diners Club,ExxonMobil,Success,yes
TX3932980,U3009,3916239625440368,784.41,Goa,2019-12-07,12:08:39,Visa,Starbucks,Success,no
TX2067900,U7493,4290644662819686,1800.87,Hyderabad,2020-12-26,08:24:50,American Express,Shell,Success,no
TX4185004,U7959,4977540349325545,468.98,Delhi,2022-01-03,11:13:39,MasterCard,Target,Success,yes
TX1999911,U6499,6111983307365388,364.33,Mandya,2023-07-05,09:56:11,RuPay,Best Buy,Success,no
TX6608746,U1793,6365481683550341,1623.51,Bangalore,2020-01-23,14:32:44,Diners Club,Target,Success,yes
TX4666352,U5561,7025252832100244,1514.4,Chennai,2018-06-07,15:18:52,Diners Club,Walmart,Success,yes
TX9811533,U2202,7076726151665450,1946.91,Kolkata,2019-12-07,06:51:44,Diners Club,Walmart,Success,no
TX6189945,U2877,9338487090424544,327.34,Mysore,2022-03-14,04:27:26,MasterCard,Shell,Failed,no
TX6780329,U4487,5551879274039193,821,Kochi,2020-05-16,04:39:01,Visa,Walmart,Success,yes
TX1445077,U9398,4173167818288815,845.49,Kolkata,2020-01-09,05:49:35,Diners Club,ExxonMobil,Failed,no
TX3668783,U671,4527701787447506,1551.02,Hyderabad,2020-08-10,04:24:56,American Express,Apple Store,Failed,no
TX5295200,U6229,4051150477562992,973.84,Darjeeling,2023-10-08,17:05:25,Visa,Amazon,Success,yes
TX5277194,U8232,1926298723207917,1079.52,Kolkata,2019-10-28,03:43:11,RuPay,Walmart,Success,no
TX4296543,U556,6807293128336621,1387.4,Mandya,2022-11-06,20:27:51,MasterCard,Flipkart,Success,no
TX4928443,U6236,6384468863688030,1779.25,Delhi,2022-11-08,18:53:09,Visa,Best Buy,Success,yes
TX5302116,U147,8500643099232897,618.72,Goa,2023-08-04,13:58:03,Diners Club,Best Buy,Success,no
TX3269937,U8018,8392332809506830,1339.55,Mumbai,2020-03-03,21:20:07,Diners Club,Walmart,Success,yes
TX3662540,U3241,5058375966424061,292.66,Goa,2024-04-29,22:47:40,Visa,Walmart,Failed,no
TX8773576,U5229,3757619097996880,239,Delhi,2020-12-04,04:08:06,Visa,Target,Success,no
TX1296850,U3795,5366092978864763,355.86,Jaipur,2019-12-11,20:34:06,Diners Club,Shell,Success,no
TX9698979,U6869,8200450749235097,97.21,Kochi,2024-09-04,17:48:45,Visa,Best Buy,Success,no
TX1533266,U7006,2032960028401510,97.44,Mumbai,2018-01-02,16:36:32,MasterCard,Flipkart,Success,no
TX6583160,U7495,0957005703063225,500.21,Mysore,2023-12-07,09:13:18,Visa,Shell,Success,no
TX4569585,U1211,8469599858548194,1833.78,Delhi,2019-07-22,20:00:30,Visa,McDonald's,Success,no
TX9304857,U6015,9599937849835458,1447.42,Mumbai,2023-09-12,01:33:58,Visa,Apple Store,Success,no
TX8418073,U8730,1916537047565859,1914.24,Udaipur,2019-02-08,04:48:45,Visa,ExxonMobil,Success,yes
TX5992540,U4473,2212643115285198,1077.77,Hyderabad,2020-09-17,08:26:10,MasterCard,Starbucks,Success,no
TX6413086,U4236,9833604108696489,1082.01,Udaipur,2024-09-20,21:14:39,Visa,Target,Success,no
TX6978428,U8649,4321986929014373,1797.9,Shillong,2018-07-07,23:45:28,Diners Club,Shell,Success,yes
TX5453172,U7463,3005759122683489,1524.74,Kochi,2022-04-19,07:11:04,RuPay,Target,Success,no
TX4935424,U4990,1761960387599256,421.77,Mandya,2022-10-30,22:01:06,Diners Club,Starbucks,Success,no
TX2825908,U512,3877314184235545,584.13,Jaipur,2021-12-05,04:06:50,MasterCard,Apple Store,Failed,no
TX3941878,U8638,8329383114164870,1262.91,Hyderabad,2021-01-19,02:21:02,Diners Club,Amazon,Success,yes
TX3232618,U1064,2934903661595344,539.57,Shillong,2024-01-28,16:55:10,MasterCard,Best Buy,Success,no
TX5613707,U4395,5723845098075865,452.59,Kolkata,2024-02-21,02:51:40,MasterCard,ExxonMobil,Failed,no
TX7077174,U1175,1429883556577045,627.83,Shillong,2018-06-12,13:03:15,Diners Club,McDonald's,Success,no
TX4056405,U7021,0405794110798447,233.68,Leh,2023-10-23,05:33:09,RuPay,Starbucks,Success,no
TX2156692,U1451,0561300174129021,195.24,Chennai,2025-01-20,18:06:31,Visa,Apple Store,Success,no
TX4165475,U4637,2924177937075398,1807.46,Goa,2025-05-13,12:27:00,Diners Club,Target,Success,no
TX9431675,U5,3055684779233173,16.46,Udaipur,2024-11-26,16:36:25,RuPay,Amazon,Success,no
TX6463288,U7504,9778661398219810,129.05,Darjeeling,2020-07-04,00:12:27,RuPay,Best Buy,Success,yes
TX2210873,U52,4017168973697613,731.29,Shillong,2020-12-18,03:48:45,RuPay,Starbucks,Success,no
TX8673291,U4301,8690535486486837,853.3,Shillong,2020-08-28,08:00:25,RuPay,ExxonMobil,Success,yes
TX2624097,U5315,7622088310876018,1615.43,Delhi,2022-01-12,21:32:34,MasterCard,Shell,Success,no
TX5661321,U9280,0278061087309453,1587.98,Kolkata,2020-12-29,16:02:53,Visa,Apple Store,Failed,no
TX4529983,U5535,4667942704209531,311.74,Jaipur,2020-03-07,15:04:29,RuPay,Starbucks,Failed,no
TX3165851,U712,8656423241861047,1123.36,Kolkata,2018-05-13,12:20:18,American Express,Apple Store,Success,yes
TX7365445,U7700,1334656634232130,724.59,Shillong,2021-03-10,06:19:33,American Express,Walmart,Success,no
TX8023138,U4892,4369134476644371,26.69,Jaipur,2020-12-04,06:03:00,Visa,Apple Store,Success,no
TX3387505,U5079,2963156912561595,1267.19,Shillong,2021-10-15,02:10:21,Visa,Shell,Success,yes
TX3623493,U5684,8979409259306205,1231.88,Bangalore,2020-12-20,16:32:06,RuPay,Walmart,Success,no
TX3024288,U5189,8904424786905252,1503.64,Udaipur,2022-11-09,06:47:08,MasterCard,Starbucks,Success,yes
TX9759107,U909,6193059470069724,1352.58,Delhi,2020-08-15,16:01:52,Diners Club,ExxonMobil,Success,no
TX9057679,U856,9610677200719586,754.6,Jaipur,2021-01-30,13:02:22,American Express,Target,Success,no
TX3014331,U3896,7356323391669238,969.58,Jaipur,2018-06-24,12:26:55,American Express,McDonald's,Success,yes
TX3678708,U914,2205456474606319,832.45,Shillong,2021-02-26,00:47:44,RuPay,McDonald's,Failed,no
TX8106990,U1633,2786749681502902,523.22,Kochi,2023-10-13,16:53:38,RuPay,McDonald's,Success,no
TX4466791,U9739,4945153342542953,797.56,Chennai,2018-04-20,20:30:07,MasterCard,Starbucks,Success,no
TX4983595,U3976,5433584493925255,1222.38,Kolkata,2018-04-09,08:51:17,Diners Club,Target,Success,no
TX5055397,U5093,5159903468223788,196.88,Mysore,2022-09-04,07:48:25,MasterCard,Apple Store,Success,no
TX4686859,U5023,4572990073705256,1611.1,Varanasi,2019-09-19,17:13:13,MasterCard,Target,Success,no
TX4063206,U8204,9572655415531536,858.36,Mumbai,2023-09-04,00:41:14,Diners Club,Walmart,Success,no
TX4364717,U5408,5637952114386239,1035.68,Kolkata,2018-09-18,00:29:50,Visa,McDonald's,Success,yes
TX3498816,U9099,9676908885564648,240.32,Mandya,2025-03-04,03:20:28,RuPay,Target,Failed,no
TX6552242,U2316,2808470741895108,490.15,Leh,2022-10-20,00:54:17,American Express,Best Buy,Success,no
TX2918234,U3630,0031608478911294,747.03,Goa,2019-11-12,11:58:49,American Express,Starbucks,Success,no
TX7944286,U5058,9886579984346553,433.59,Darjeeling,2020-05-15,15:35:41,RuPay,Target,Success,no
TX7601809,U4403,6743160295568042,390.55,Mumbai,2023-08-16,19:33:14,Visa,Apple Store,Failed,no
TX3480212,U6824,7584417989867638,278.4,Darjeeling,2019-05-11,23:54:40,American Express,Apple Store,Success,no
TX7487746,U4222,1748436666344837,1101.61,Kolkata,2018-02-03,11:20:31,American Express,Target,Success,yes
TX1563551,U2567,0669455618989584,154.16,Hyderabad,2019-01-04,10:54:40,American Express,Walmart,Failed,no
TX1235209,U9567,2694439473965428,1482.62,Goa,2020-03-29,22:25:55,Diners Club,Best Buy,Success,no
TX2746623,U6365,0458640999587485,280.35,Chennai,2021-11-23,21:06:27,RuPay,Best Buy,Failed,no
TX4708710,U9528,7852731213693398,416.19,Kochi,2022-06-05,12:46:33,RuPay,McDonald's,Success,no
TX2043157,U1806,5041348356732558,1641.2,Mysore,2024-11-06,18:19:46,Diners Club,Walmart,Success,no
TX3276467,U4536,1143418848914150,1793.72,Leh,2024-08-20,06:00:07,Diners Club,ExxonMobil,Success,no
TX1478208,U3589,6329307929228125,1720.16,Delhi,2023-05-16,18:11:38,MasterCard,Best Buy,Success,yes
TX5894750,U947,4812677225464648,139.88,Varanasi,2019-07-19,21:03:55,RuPay,Starbucks,Failed,no
TX7242496,U8378,4306448359619970,678.83,Delhi,2020-06-06,10:27:41,Visa,Shell,Success,no
TX8969711,U6819,2292983507496411,549.47,Varanasi,2020-08-17,09:07:12,Diners Club,McDonald's,Success,no
TX8980882,U4574,5803625039425458,825.1,Varanasi,2020-05-17,13:24:30,American Express,Flipkart,Success,no
TX9263688,U9479,5016283159126158,1010.96,Delhi,2024-06-12,16:17:04,American Express,Apple Store,Success,no
TX4588250,U5371,0765965716439352,108.41,Mumbai,2023-03-31,02:26:18,RuPay,Apple Store,Success,no
TX1488237,U4090,5863544094130379,526.58,Bangalore,2021-04-27,07:28:10,Visa,Shell,Success,no
TX1837326,U3989,8780021539049462,1546.1,Kochi,2023-12-29,23:22:20,MasterCard,Target,Failed,yes
TX3463553,U3749,0369781341558319,1990.97,Varanasi,2023-12-04,02:18:35,Visa,Best Buy,Success,no
TX8153975,U5711,7155526506228214,1072.87,Delhi,2024-02-22,09:42:52,American Express,Shell,Success,no
TX1748688,U5074,2199920501981469,1597.52,Mandya,2019-07-23,18:27:54,RuPay,Shell,Success,no
TX3899136,U736,5149020261223125,308.77,Hyderabad,2018-03-06,18:45:51,Visa,Amazon,Success,no
TX7267264,U4723,3162356638679640,570.56,Mandya,2024-07-16,01:02:34,MasterCard,Walmart,Success,yes
TX8433867,U762,0002460101235967,285.56,Mumbai,2023-01-08,05:42:10,American Express,Target,Success,no
TX2724372,U5489,7006890093369407,1176.08,Goa,2018-08-13,22:48:43,Visa,Target,Success,no
TX7570329,U6167,0164884259639425,1496.94,Mumbai,2022-04-19,02:56:12,American Express,Amazon,Success,no
TX4413850,U195,2058872709407654,288.91,Delhi,2024-12-25,10:40:22,Diners Club,Amazon,Success,no
TX5047727,U263,1255037786482670,1907.72,Udaipur,2022-08-04,14:44:19,Visa,Best Buy,Success,yes
TX5399563,U2968,1631626846365018,1714.87,Shillong,2019-03-25,07:12:23,Diners Club,Target,Success,no
TX1637892,U8038,6270838739740166,194.49,Chennai,2022-05-14,21:55:48,American Express,Amazon,Success,no
TX2280013,U8399,7534899973024089,342.89,Udaipur,2023-09-07,02:08:25,Diners Club,Apple Store,Success,no
TX1833601,U1071,9008672918258770,889.79,Mysore,2021-08-06,02:50:44,Diners Club,Amazon,Success,yes
TX4237108,U820,2561764708186598,528.6,Mandya,2025-03-05,12:25:36,RuPay,Best Buy,Success,no
TX5527276,U5757,8751667571348059,277.38,Shillong,2022-10-15,15:30:30,Visa,Walmart,Success,no
TX7593101,U5445,7859771502630707,340.5,Delhi,2022-07-03,01:46:03,American Express,Walmart,Success,no
TX7608822,U4349,3846374331619911,564.96,Leh,2024-07-09,10:03:43,American Express,Shell,Success,no
TX9946647,U4206,1514557641305953,995.19,Goa,2018-03-20,02:10:31,MasterCard,Walmart,Success,no
TX3976198,U3904,2582399589646880,1242.08,Kolkata,2022-12-20,05:05:28,Diners Club,Walmart,Success,no
TX4466331,U3814,0528894272554931,652.82,Mysore,2019-12-15,06:46:01,American Express,Starbucks,Success,yes
TX3702855,U8321,3804166391337474,20.86,Udaipur,2022-11-28,22:22:03,RuPay,Walmart,Success,no
TX3401992,U1627,4370644726669804,238.82,Kolkata,2020-05-12,02:09:28,Diners Club,ExxonMobil,Success,yes
TX2089869,U7019,5302376618547039,11.9,Delhi,2021-06-05,01:34:06,Visa,Best Buy,Success,yes
TX5350949,U2838,0238886803543639,1668.57,Hyderabad,2021-05-28,03:26:03,American Express,Best Buy,Success,no
TX6580994,U8644,0791435534758934,393.44,Bangalore,2018-05-06,09:47:51,American Express,Shell,Success,no
TX5056941,U9155,4674531672743065,1578.97,Leh,2018-04-03,00:56:34,American Express,McDonald's,Success,no
TX8335975,U8085,9362382950229407,749.41,Mysore,2023-04-29,13:08:28,Visa,Target,Success,yes
TX6081458,U800,3072986414012343,1490.06,Hyderabad,2021-02-18,14:14:56,MasterCard,Target,Success,no
TX7750711,U1519,2825041139749305,1820.09,Kolkata,2021-05-11,00:50:35,Diners Club,Best Buy,Success,yes
TX1272427,U4902,5496545031673356,1186.72,Delhi,2021-09-13,23:00:18,MasterCard,McDonald's,Success,no
TX2224116,U7080,5767890831109535,880.65,Shillong,2021-04-12,06:38:26,Diners Club,Starbucks,Success,no
TX4513341,U1140,4737369727198744,1759.57,Bangalore,2023-11-01,12:19:43,American Express,McDonald's,Success,no
TX6810956,U9931,7981426137352534,510.78,Delhi,2022-05-17,14:28:54,Visa,Walmart,Success,no
TX2668239,U9417,1953110714617529,116.19,Mandya,2023-06-08,15:18:15,Visa,Apple Store,Success,no
TX2350048,U3340,9979824092817992,361.2,Darjeeling,2021-11-14,10:41:56,MasterCard,Target,Success,no
TX5814941,U2462,2738823130207561,1565.04,Mandya,2019-08-25,12:16:40,Visa,Target,Success,yes
TX3476388,U174,0983130287426790,844.14,Goa,2021-02-03,09:45:04,Visa,Amazon,Success,no
TX9640746,U2501,6778564038434668,1510.07,Mandya,2022-03-10,03:36:25,RuPay,Walmart,Success,no
TX1694026,U8639,3210431378346365,1587.11,Delhi,2018-07-11,04:05:04,American Express,Apple Store,Failed,no
TX4450142,U3693,3009663806395813,1058.93,Kochi,2022-02-25,00:04:28,MasterCard,Best Buy,Success,no
TX1283767,U4368,8681476165275516,1980.77,Varanasi,2019-08-25,21:17:15,American Express,Starbucks,Success,no
TX4489834,U8007,2649099909566233,491.13,Darjeeling,2023-05-31,07:56:27,Diners Club,Amazon,Success,yes
TX4523450,U4625,9501365692612147,303.98,Hyderabad,2019-09-13,05:01:57,American Express,Apple Store,Success,no
TX3813564,U5886,6596792703987203,502.74,Darjeeling,2021-02-14,09:58:15,Visa,Target,Success,no
TX4514202,U5455,2938879427063653,155.67,Mandya,2024-12-10,16:19:22,RuPay,ExxonMobil,Success,yes
TX1120252,U4747,5211400833991876,1150.53,Bangalore,2019-11-16,04:59:16,MasterCard,Starbucks,Success,no
TX9788421,U6969,3399748839976357,1172.38,Delhi,2021-08-10,00:10:32,Visa,Apple Store,Success,no
TX3018142,U4559,2583885800875378,1344.26,Leh,2018-12-05,13:28:01,Visa,McDonald's,Success,no
TX7151872,U5429,5948351319086168,1880.82,Kolkata,2021-11-28,22:52:39,Diners Club,Walmart,Success,no
TX6162936,U1653,2662310941879756,1668.34,Mumbai,2022-01-02,05:27:56,American Express,Amazon,Success,no
TX9380938,U5193,7830247878370341,994.06,Udaipur,2019-07-11,23:41:27,RuPay,Target,Failed,no
TX8515908,U7229,7745105880856517,1268.54,Darjeeling,2023-10-18,14:40:37,Visa,McDonald's,Success,yes
TX6463809,U431,8937480756158203,741.77,Kochi,2022-03-11,08:35:30,American Express,Best Buy,Success,yes
TX7870911,U8721,0699842720405117,462.76,Mumbai,2018-11-25,14:49:21,Diners Club,Flipkart,Success,no
TX4877922,U7150,3846964778483127,379.09,Darjeeling,2024-03-04,19:36:38,Diners Club,McDonald's,Success,no
TX3785315,U5942,8862198646080560,1983.47,Kolkata,2024-07-14,12:55:57,RuPay,ExxonMobil,Success,no
TX4858288,U33,2813387878194930,1079.54,Kochi,2022-07-04,09:15:28,MasterCard,Apple Store,Success,no
TX8876450,U5360,7466281162382850,369.12,Mumbai,2024-05-07,19:01:51,RuPay,Best Buy,Success,no
TX9855718,U7627,9199505465649711,1289.36,Hyderabad,2025-06-09,04:55:10,Diners Club,Walmart,Success,no
TX2151225,U9597,8958473411392263,1036.51,Darjeeling,2024-09-09,04:14:35,Diners Club,Starbucks,Success,no
TX3363745,U3067,4820472870596027,1727.33,Goa,2019-05-10,22:47:57,MasterCard,Walmart,Success,no
TX3958107,U326,5935291895886752,1036.28,Shillong,2021-11-05,23:53:30,Diners Club,McDonald's,Success,no
TX8825407,U2753,4213242099963363,302.59,Goa,2019-06-23,22:01:30,MasterCard,McDonald's,Failed,no
TX5626248,U2987,8859700869377635,1167.23,Hyderabad,2024-02-09,03:04:06,Visa,Amazon,Success,no
TX2636277,U7529,5266343309497496,123.71,Chennai,2022-11-03,06:56:40,Diners Club,Apple Store,Success,no
TX2283327,U452,0992382411387302,1835.95,Mumbai,2024-08-16,16:02:56,MasterCard,McDonald's,Success,no
TX2755794,U7009,4857717458930731,1940.97,Hyderabad,2018-12-13,22:45:45,RuPay,Apple Store,Success,no
TX3595653,U1779,8378488619061738,1807.98,Udaipur,2023-09-06,02:29:11,MasterCard,ExxonMobil,Success,no
TX6338286,U5339,3481048472913154,41.75,Darjeeling,2025-02-17,11:42:23,RuPay,Flipkart,Success,no
TX1329978,U4175,6149924184139365,1164.56,Shillong,2021-09-22,02:41:25,Visa,Target,Failed,yes
TX8124967,U7990,7932052796998901,1770.82,Kolkata,2018-06-05,15:18:28,RuPay,Best Buy,Failed,no
TX7684606,U2924,9415209126114651,1779.14,Mumbai,2024-02-12,23:39:00,MasterCard,McDonald's,Success,yes
TX2683975,U2355,8195965318511644,130.97,Jaipur,2021-05-14,16:29:43,Visa,McDonald's,Success,no
TX4348429,U2027,9088949946970937,1327.55,Darjeeling,2019-07-06,01:32:58,RuPay,Flipkart,Success,no
TX3483170,U4929,8186863873257562,1764.99,Jaipur,2024-05-31,04:24:52,American Express,Apple Store,Success,no
TX6649663,U7373,7894548994705764,822.08,Mysore,2025-06-03,23:34:46,American Express,Amazon,Success,yes
TX6606704,U6309,9605352823342398,1063.38,Kolkata,2021-07-19,14:29:21,RuPay,Shell,Success,no
TX3915798,U4777,4239784027833207,518.48,Leh,2024-01-01,20:52:29,American Express,Starbucks,Success,no
TX3739681,U9978,7971350126609941,1694.91,Mumbai,2022-02-17,16:28:03,Visa,Walmart,Success,no
TX2726828,U9316,3591959975569479,762.69,Jaipur,2022-09-01,07:44:08,RuPay,McDonald's,Success,yes
TX2469066,U5302,1893951130229322,1973.18,Mumbai,2024-01-05,10:16:28,MasterCard,Best Buy,Success,no
TX5516892,U6984,8173600990448422,535.01,Goa,2025-04-05,08:25:07,Diners Club,Best Buy,Failed,no
TX6215862,U7822,2364750119538931,1556.77,Mumbai,2024-03-09,19:11:31,American Express,Starbucks,Success,no
TX8941676,U4725,0031574626658219,1049.93,Goa,2019-04-26,03:36:43,American Express,Apple Store,Success,yes
TX8820127,U3866,1994200413585772,1513.06,Kochi,2022-05-19,02:52:25,RuPay,Target,Success,no
TX5897241,U4213,9433909942053598,704.9,Mumbai,2020-08-31,08:44:50,MasterCard,Target,Success,no
TX1312216,U4007,8055039640789658,219.35,Darjeeling,2021-11-14,10:19:05,MasterCard,McDonald's,Success,no
TX2361795,U7954,3494709330056978,1459.7,Goa,2018-07-22,05:35:56,Diners Club,Walmart,Success,yes
TX6436070,U6101,2423389615574694,1039.93,Mumbai,2019-11-16,22:21:59,Diners Club,Amazon,Failed,yes
TX3586357,U803,2298503916139325,1524.31,Chennai,2018-08-13,15:44:15,Visa,ExxonMobil,Failed,no
TX8130698,U3779,3377887352398258,278.86,Shillong,2024-12-17,03:44:09,Diners Club,Walmart,Success,no
TX6593369,U8844,8871396639629873,1055.4,Hyderabad,2019-07-07,05:01:13,MasterCard,ExxonMobil,Failed,no
TX3951883,U9301,7245185911828423,1154.61,Kochi,2023-07-05,19:42:25,Diners Club,Apple Store,Success,no
TX4619994,U6341,4584972878562842,1133.62,Goa,2018-02-11,03:36:58,Diners Club,Amazon,Failed,no
TX6002192,U4780,1676379188482654,128.84,Bangalore,2022-09-17,22:34:43,Diners Club,Starbucks,Success,no
TX6708537,U5785,6986755777013449,536.39,Leh,2020-08-11,22:20:37,MasterCard,Best Buy,Success,no
TX2553050,U1132,4911185384425079,389.71,Delhi,2025-04-27,06:59:10,RuPay,Shell,Success,no
TX6439648,U3844,3870946751602467,747.69,Udaipur,2018-05-11,11:31:12,MasterCard,Apple Store,Success,no
TX6353218,U2723,9974929354833393,869.68,Jaipur,2018-04-12,15:53:08,MasterCard,Target,Success,no
TX4934913,U5310,0129203100646090,1912.23,Bangalore,2018-11-11,10:06:17,Diners Club,Shell,Failed,yes
TX6013234,U5731,9554907874176464,1014.89,Mandya,2022-04-19,00:43:12,RuPay,Apple Store,Success,no
TX1357338,U9835,0304679504309991,288.49,Chennai,2020-05-29,07:04:08,Visa,Apple Store,Success,no
TX5464781,U7006,1484332410248070,1760.19,Kochi,2018-06-18,18:28:15,American Express,Target,Success,no
TX6227045,U3061,6268195057268001,1578.95,Varanasi,2024-10-25,03:47:08,Visa,Shell,Success,no
TX7633559,U3711,7716066750226792,1666.76,Delhi,2022-05-09,08:58:51,American Express,McDonald's,Failed,no
TX1607344,U7599,5467385435103360,59,Delhi,2019-07-31,05:53:33,RuPay,Starbucks,Success,no
TX7677726,U6442,8819975149953007,29.43,Goa,2021-06-01,10:43:08,Diners Club,McDonald's,Success,no
TX4467552,U1276,7013659704191401,642.42,Chennai,2020-03-04,10:32:12,Diners Club,Amazon,Success,yes
TX2659322,U348,4922481134173176,630.1,Varanasi,2024-12-08,05:52:37,RuPay,Best Buy,Success,yes
TX6995691,U5656,1467422863607936,1919.35,Hyderabad,2020-03-20,22:13:06,RuPay,Shell,Failed,no
TX5555360,U9605,3491670504509960,566.06,Jaipur,2020-01-18,17:04:27,RuPay,McDonald's,Success,no
TX4104768,U7690,4605485059380702,1382.9,Goa,2020-10-10,06:09:43,RuPay,Amazon,Success,yes
TX6345716,U9485,2564879035911231,1410.89,Kochi,2019-07-14,21:52:38,American Express,ExxonMobil,Success,no
TX5052794,U1754,6078531176606159,1017.23,Kolkata,2022-02-26,01:08:24,RuPay,Best Buy,Success,yes
TX8768737,U1671,6970611123647116,1822.16,Kochi,2019-12-26,19:32:52,MasterCard,Shell,Success,no
TX5840498,U1861,2464781835019190,1178.41,Darjeeling,2024-10-02,15:36:50,Visa,McDonald's,Success,no
TX9560112,U3330,7813531400638648,680.41,Kochi,2020-12-12,13:14:38,Visa,Best Buy,Success,no
TX8470662,U3868,4044294171346014,708.36,Mumbai,2019-10-01,11:27:08,MasterCard,Shell,Success,no
TX5790815,U3057,7343609492734686,127.07,Mysore,2024-07-14,23:12:48,American Express,Amazon,Success,no
TX2566086,U4137,3868724141123080,24.42,Kochi,2024-02-21,17:11:19,American Express,Target,Success,no
TX6503361,U3942,1542032373499636,53.85,Hyderabad,2022-02-21,09:59:27,RuPay,Target,Success,no
TX1239623,U2675,9627159492374534,893.93,Leh,2024-03-25,01:55:22,RuPay,Flipkart,Failed,no
TX6847703,U7529,3010809908896473,1581.98,Goa,2022-02-25,01:24:15,Diners Club,Best Buy,Failed,no
TX1721718,U900,3947423490937992,1576.73,Mumbai,2024-09-15,00:53:23,American Express,Walmart,Success,no
TX4584893,U5928,1926110939156602,745.99,Shillong,2021-03-27,11:20:44,MasterCard,Amazon,Success,no
TX7126178,U6782,1643083497278219,1768.74,Varanasi,2023-09-11,18:06:28,Diners Club,McDonald's,Success,no
TX4214013,U4067,6074979893445269,1723.12,Bangalore,2018-06-07,08:54:29,Diners Club,Apple Store,Success,yes
TX3781828,U5575,9787600893750166,1727.69,Chennai,2024-05-08,15:33:32,RuPay,Best Buy,Success,no
TX3012354,U3600,4199869340467885,509.33,Delhi,2025-05-14,22:20:21,Visa,Starbucks,Success,no
TX2108036,U3391,0760193542848816,864.07,Jaipur,2021-10-27,00:08:31,RuPay,Flipkart,Success,no
TX2709215,U2543,1839602163291337,1042.37,Chennai,2020-10-26,04:18:45,RuPay,Walmart,Success,no
TX4621446,U5483,6952222850260729,1695.82,Kochi,2023-09-04,04:03:48,MasterCard,Starbucks,Success,no
TX3866855,U4695,3454497859728293,925.07,Udaipur,2022-03-30,21:52:02,RuPay,McDonald's,Success,no
TX3762889,U5324,8102053893197410,1094.48,Jaipur,2025-02-08,05:00:09,Diners Club,Starbucks,Success,no
TX8157289,U1482,0057186203779723,1346.02,Kochi,2023-04-15,22:31:16,MasterCard,Amazon,Success,no
TX1866955,U3025,7008287180214779,1696.62,Mysore,2024-12-16,00:16:54,Visa,Target,Success,no
TX1265187,U1484,1554279012065340,1132.64,Kolkata,2022-02-24,22:52:40,Visa,Amazon,Failed,no
TX9573479,U9321,3806976448295649,322.81,Chennai,2018-10-06,17:17:31,American Express,Walmart,Success,no
TX2634652,U1558,9093441877436950,136.31,Delhi,2021-05-09,14:33:50,Visa,Amazon,Success,no
TX6234144,U1557,5439441817083424,1554.4,Leh,2020-02-10,08:13:57,RuPay,Amazon,Success,yes
TX4256360,U3623,4575880686690704,1001.97,Kochi,2020-05-13,14:40:14,Visa,Amazon,Success,no
TX7417214,U7830,2329529933730132,814.45,Hyderabad,2022-05-19,10:58:52,RuPay,Flipkart,Success,no
TX4010744,U1251,1374508308635471,316.72,Mumbai,2019-02-04,15:21:34,Diners Club,Starbucks,Failed,no
TX9352747,U5961,7369899986978100,674.18,Udaipur,2018-02-25,11:19:04,Diners Club,Shell,Success,yes
TX1175468,U9136,6633821006470573,426.38,Mandya,2021-02-07,22:10:39,Diners Club,Starbucks,Failed,no
TX9319416,U3739,9817482671240591,1678.39,Delhi,2020-06-09,16:35:04,Visa,Target,Success,no
TX8231487,U343,6040095405152804,142.56,Kochi,2024-07-20,10:53:35,Visa,Amazon,Failed,no
TX1350870,U6708,7126467993895776,1558.26,Mandya,2019-04-10,17:51:24,MasterCard,McDonald's,Success,no
TX6920046,U5732,3174488347259800,631.74,Mumbai,2020-07-02,06:57:00,RuPay,Apple Store,Success,no
TX8263070,U362,8839521818636884,1233.49,Mumbai,2019-01-16,02:01:56,Visa,Target,Success,no
TX8014615,U5393,6857873964853674,77.29,Darjeeling,2018-12-22,17:48:05,American Express,Walmart,Success,yes
TX8070186,U3484,5220446441553454,1941.32,Chennai,2023-12-27,03:16:35,RuPay,Amazon,Success,yes
TX2106794,U8083,3994354933809170,1121.62,Mysore,2024-07-20,01:56:57,American Express,Shell,Failed,no
TX8344065,U3385,3908005453717083,1923.49,Jaipur,2023-12-21,15:16:55,Visa,Best Buy,Success,no
TX2849470,U6318,8546254019106788,451.5,Bangalore,2018-12-07,20:44:46,American Express,Amazon,Success,no
TX8987172,U2920,2145163339103634,358.69,Varanasi,2024-03-07,15:10:07,Diners Club,McDonald's,Success,no
TX7272445,U1105,6061757604456052,1455.47,Chennai,2022-08-17,12:28:54,Visa,Starbucks,Success,yes
TX8840056,U6113,7164864554308031,1222.69,Chennai,2024-04-01,05:01:54,RuPay,ExxonMobil,Success,no
TX6624688,U4493,1810795741192497,288.44,Goa,2018-06-27,01:54:37,Diners Club,Amazon,Success,no
TX6039343,U4171,3763012469210534,497.66,Mumbai,2023-06-22,11:21:24,MasterCard,Best Buy,Success,no
TX8916838,U3500,5891784347438968,1293.32,Delhi,2020-04-29,00:05:11,Visa,ExxonMobil,Success,no
TX5979231,U1601,9268235398059668,848.72,Darjeeling,2018-10-18,07:37:00,Diners Club,Apple Store,Success,no
TX4220189,U5596,0147029260507756,729.24,Udaipur,2022-03-19,08:03:37,American Express,Best Buy,Success,no
TX8904131,U1472,1100449231024104,1473.71,Varanasi,2023-01-12,09:58:14,Visa,Shell,Success,no
TX2180676,U3172,3334426218345765,1079.47,Goa,2022-01-15,22:19:15,American Express,Shell,Success,no
TX1619105,U1424,0472510812687453,1292.1,Jaipur,2022-05-26,12:28:52,Diners Club,Flipkart,Success,no
TX3486536,U328,9957870206500425,634.32,Jaipur,2025-01-04,18:14:44,Diners Club,Flipkart,Failed,no
TX8313970,U7197,2156530347007573,60.97,Bangalore,2020-08-21,18:43:47,Diners Club,Amazon,Success,no
TX8941310,U1491,5024848018196307,1202.44,Hyderabad,2023-03-10,05:48:53,RuPay,Flipkart,Success,yes
TX2463342,U6242,7326746657472959,1241.27,Goa,2022-12-06,14:42:40,RuPay,Apple Store,Failed,no
TX2008380,U4413,0571104509174686,450.38,Kochi,2022-07-13,00:56:06,RuPay,Best Buy,Success,no
TX2484345,U3488,3948454171828063,218.84,Chennai,2022-12-08,02:34:03,Visa,Shell,Success,yes
TX1842264,U8415,4906991534702314,973.96,Hyderabad,2024-03-31,02:20:58,Visa,Apple Store,Success,no
TX3605659,U3550,2612428419538975,613.66,Mumbai,2019-09-03,08:12:22,RuPay,Amazon,Success,no
TX5030708,U4428,0976069608170072,32.95,Goa,2018-06-17,02:51:20,Visa,Amazon,Success,yes
TX4029162,U5388,3589010139754762,524.15,Leh,2018-09-28,11:11:13,RuPay,Shell,Success,no
TX2232590,U8907,2659237905355056,1689.8,Leh,2018-04-24,18:18:27,Visa,McDonald's,Success,no
TX1846192,U8629,1745053333495156,1196.13,Jaipur,2023-10-26,15:52:14,RuPay,Starbucks,Success,no
TX2209394,U8689,5132421242144598,846.83,Shillong,2019-03-31,17:39:10,MasterCard,Target,Success,no
TX7409343,U8634,6110995891725316,1000.66,Hyderabad,2020-08-11,12:36:45,Diners Club,Target,Success,no
TX3468858,U1508,9109582275245046,822.25,Chennai,2020-01-07,14:05:19,RuPay,Shell,Success,no
TX4502359,U5402,8130508827466574,797.91,Jaipur,2020-04-13,01:33:11,Diners Club,ExxonMobil,Success,no
TX8076129,U5958,3286060491310199,21.19,Jaipur,2018-10-07,23:01:59,American Express,Apple Store,Success,no
TX3928229,U6316,7178334137028468,349.78,Shillong,2020-02-16,16:10:05,American Express,Amazon,Success,no
TX4557408,U1754,2111798361287461,1698.46,Mysore,2021-03-27,17:10:28,Visa,Shell,Failed,no
TX6117315,U3137,6859981758536214,1133.42,Bangalore,2022-10-17,19:01:35,MasterCard,Best Buy,Success,no
TX4719625,U1017,4660243815779146,1226.8,Delhi,2025-01-12,00:22:30,American Express,Walmart,Success,no
TX2689156,U9817,1230988093042368,1852.98,Jaipur,2022-10-03,16:11:58,Diners Club,Best Buy,Success,yes
TX3817885,U9848,8990186804885448,530.53,Hyderabad,2020-06-12,19:22:49,Diners Club,Amazon,Success,no
TX7061623,U4068,3329862451417394,509.75,Kochi,2025-04-16,00:51:09,American Express,Walmart,Success,no
TX7339253,U3182,9815259587412313,1511.49,Delhi,2018-08-01,16:12:01,Visa,Apple Store,Failed,no
TX7799244,U1528,8427222766338778,1160.1,Leh,2020-06-15,12:45:13,RuPay,McDonald's,Success,no
TX2754322,U189,3539053522108371,730.46,Hyderabad,2022-01-26,18:51:58,RuPay,Apple Store,Failed,yes
TX9422066,U1503,1879365994511499,73.17,Delhi,2024-01-06,08:25:26,RuPay,Amazon,Failed,no
TX5064087,U6762,2336727460997906,1799.98,Jaipur,2021-12-02,14:30:48,MasterCard,Target,Success,yes
TX6519572,U7407,5504370410832648,392.8,Hyderabad,2025-01-03,02:02:21,Diners Club,Amazon,Failed,no
TX1996271,U3758,5526365680290553,1585.89,Bangalore,2020-05-25,10:54:42,Visa,Shell,Success,yes
TX2880199,U6071,7832764536444017,590.07,Chennai,2019-03-20,06:56:30,Diners Club,Walmart,Failed,no
TX2106122,U443,2114133413939859,450.45,Bangalore,2023-01-03,05:12:08,American Express,Starbucks,Failed,yes
TX1497095,U4746,5793383605064657,834.55,Leh,2024-07-15,04:29:49,RuPay,Walmart,Success,no
TX4824573,U1002,4071275208287584,83.05,Darjeeling,2024-06-07,01:26:09,Diners Club,Walmart,Success,yes
TX2035297,U1556,5471149470571104,19.58,Leh,2018-03-18,05:47:12,Diners Club,Target,Success,no
TX6585297,U3034,6690224750489438,1612.33,Chennai,2019-10-10,05:22:34,Visa,ExxonMobil,Success,yes
TX8733450,U9861,0749042754168085,489.44,Jaipur,2023-06-20,19:02:22,Diners Club,Starbucks,Success,no
TX2020730,U1989,2115290595962030,1775.28,Delhi,2020-10-25,17:21:55,Diners Club,ExxonMobil,Success,no
TX1216545,U112,1923921306219814,1685.76,Hyderabad,2024-05-27,10:45:02,Visa,Shell,Success,no
TX1763455,U9841,2911121215621288,825.99,Goa,2018-09-15,07:47:27,MasterCard,Apple Store,Failed,no
TX7073194,U5935,0979484060638007,1120.06,Hyderabad,2021-12-24,17:23:37,Visa,ExxonMobil,Success,no
TX6941059,U7465,1726405841972561,405.71,Delhi,2018-04-09,21:30:11,Diners Club,Flipkart,Success,yes
TX5807195,U1495,8737547481537651,1450.59,Varanasi,2024-04-11,20:37:58,MasterCard,Amazon,Success,no
TX9184647,U2026,2786296196105746,1527.87,Hyderabad,2021-04-16,05:27:50,RuPay,ExxonMobil,Failed,no
TX1754905,U6623,6271013604355251,1911.96,Udaipur,2022-08-22,08:15:57,MasterCard,Best Buy,Success,no
TX6361575,U4710,7852969646061946,1011.92,Mumbai,2023-01-03,00:39:41,Diners Club,Shell,Success,no
TX6430604,U9408,7779786614309368,1829.14,Mumbai,2019-10-02,20:07:19,American Express,Flipkart,Success,no
TX1812438,U6219,0137696643777092,1876.96,Delhi,2025-06-22,03:13:41,Visa,McDonald's,Success,no
TX3221370,U741,4620350912369916,1929.48,Jaipur,2022-10-31,05:04:33,Diners Club,Starbucks,Success,no
TX9329704,U4124,5664716253715099,117.01,Leh,2021-03-05,03:07:40,Diners Club,Amazon,Failed,no
TX5934010,U3837,4200170392787102,154.72,Bangalore,2021-06-03,02:07:00,Diners Club,Shell,Success,no
TX4342866,U9691,0318000558531688,708.82,Goa,2019-02-17,06:05:53,Diners Club,Walmart,Success,no
TX1378204,U8003,4598659997551851,1710.77,Chennai,2024-09-04,04:21:06,RuPay,Target,Success,no
TX6003964,U6946,0635538916869544,1155.86,Darjeeling,2019-01-11,10:53:06,MasterCard,Starbucks,Success,no
TX2653261,U3422,5070117721847353,676.02,Leh,2021-08-22,15:30:45,RuPay,Shell,Success,no
TX5411799,U4406,3301677955214511,701.97,Hyderabad,2023-09-05,03:24:01,MasterCard,Best Buy,Success,no
TX3903155,U6744,5182404559507865,643.9,Kochi,2022-01-25,22:05:21,Visa,Flipkart,Success,no
TX3905121,U6673,1489870582473738,1903.18,Kochi,2024-02-07,01:38:38,Diners Club,Best Buy,Success,no
TX7677830,U9580,6654354827639580,48.17,Hyderabad,2020-10-31,11:55:38,Diners Club,McDonald's,Success,no
TX1582133,U388,9663334494195731,579.09,Goa,2021-10-26,05:12:45,American Express,Walmart,Success,no
TX3280829,U6131,5961342300109402,182.75,Hyderabad,2018-11-20,21:56:50,American Express,Apple Store,Success,no
TX5526259,U9590,6070177798673026,579.29,Kolkata,2023-04-09,01:19:30,MasterCard,Best Buy,Failed,no
TX8982369,U482,7645600484705775,1752.11,Varanasi,2019-06-16,00:59:09,Diners Club,Flipkart,Success,no
TX3137937,U6074,7642677389395566,1401.85,Chennai,2018-05-16,07:09:53,Visa,Starbucks,Failed,no
TX4499331,U6607,8218056399313125,1191.14,Varanasi,2021-03-11,10:53:40,Diners Club,McDonald's,Failed,yes
TX1401228,U2505,7244928444284222,1407.59,Leh,2021-10-06,19:33:57,American Express,Starbucks,Failed,no
TX4935066,U4496,6924367817281268,766.77,Mysore,2023-10-01,14:34:53,Visa,Starbucks,Failed,no
TX4260030,U9635,5318544787963448,151.07,Goa,2022-12-24,22:54:20,American Express,McDonald's,Success,no
TX9952480,U5962,4746617857909195,1087.47,Goa,2019-02-07,22:06:55,Visa,Target,Failed,no
TX3032274,U901,3093322139228356,403.32,Varanasi,2023-10-12,21:32:19,Diners Club,McDonald's,Success,no
TX1288922,U1092,2098118609229421,290.48,Kolkata,2018-08-28,05:17:34,Visa,Starbucks,Success,yes
TX3647925,U2132,8104981817748998,1657.44,Delhi,2019-07-11,08:52:46,American Express,Shell,Failed,no
TX3153759,U1018,7797213835512667,245.46,Jaipur,2022-10-21,21:08:51,MasterCard,Apple Store,Success,no
TX4703295,U5688,6352304755462490,1924.34,Hyderabad,2019-12-26,12:36:33,Diners Club,Walmart,Success,no
TX9704715,U1488,1428059976014260,1640.38,Mysore,2024-10-30,20:58:53,Diners Club,ExxonMobil,Success,no
TX3920130,U1673,7963076248852431,1801.98,Kochi,2019-11-30,23:32:20,Visa,Best Buy,Success,no
TX1015491,U2142,8370920743222776,1376.49,Darjeeling,2020-05-06,04:49:31,Visa,Starbucks,Success,no
TX4353283,U9248,5775124379777660,522.02,Darjeeling,2022-01-28,16:58:03,RuPay,McDonald's,Success,no
TX8011669,U6248,1683484795647762,380.66,Mysore,2025-04-16,20:48:04,American Express,Apple Store,Success,no
TX9962520,U138,5178089193262314,1240.33,Kochi,2022-03-20,22:48:57,American Express,Walmart,Failed,no
TX5226196,U8081,3675325861035726,918.98,Delhi,2019-04-17,09:21:08,American Express,Shell,Success,no
TX8884300,U3914,6842324607095954,421.17,Bangalore,2023-07-23,20:24:42,Visa,Amazon,Failed,no
TX9759592,U5820,5504384799473184,611.77,Shillong,2020-01-13,07:22:44,American Express,Amazon,Success,no
TX7520447,U2305,2728628008818370,531.79,Darjeeling,2021-02-11,15:15:08,MasterCard,Flipkart,Failed,no
TX4302615,U2735,5163902494264263,662.67,Mysore,2022-04-26,03:39:58,Diners Club,Apple Store,Failed,no
TX2021029,U8225,4829166794744476,145.81,Mandya,2025-05-30,15:38:12,Visa,Amazon,Success,no
TX6786066,U8771,9740207413004251,281.05,Bangalore,2024-10-08,16:37:08,American Express,Starbucks,Success,no
TX8959684,U7952,5202657341637857,1565.63,Mumbai,2025-06-12,04:24:38,RuPay,Apple Store,Success,no
TX7000852,U1282,2182005704248191,244.14,Mysore,2022-06-16,09:56:54,MasterCard,ExxonMobil,Success,yes
TX4329704,U6335,5843286096856768,889.47,Varanasi,2023-11-12,07:56:19,American Express,Shell,Success,no
TX1574690,U3411,6637667513739459,1881.54,Delhi,2022-01-25,15:43:39,RuPay,Target,Success,no
TX9968844,U1539,2498515072875343,659.32,Hyderabad,2022-04-11,22:58:46,MasterCard,Starbucks,Failed,no
TX3333799,U2340,7810511959276674,1598.31,Hyderabad,2021-11-02,02:07:59,RuPay,Starbucks,Success,no
TX1089923,U2779,1402035102686409,1083.76,Kochi,2023-03-14,08:46:10,Visa,Starbucks,Success,no
TX2499017,U9113,7843408116749508,1701.3,Darjeeling,2021-12-31,12:44:39,MasterCard,Flipkart,Success,no
TX1191824,U8952,1124570374137731,1140.9,Kolkata,2021-06-17,08:52:23,Visa,McDonald's,Success,no
TX7954319,U4622,5461040871729114,594.73,Hyderabad,2019-02-05,03:20:12,MasterCard,Best Buy,Failed,no
TX8940038,U2634,7058857390394913,1785.05,Goa,2019-07-31,00:58:58,Visa,Flipkart,Success,yes
TX7466869,U1282,3918827417161302,425.62,Jaipur,2024-03-29,11:18:11,Diners Club,Apple Store,Success,no
TX5893283,U434,9196401457791932,658.94,Mysore,2024-09-02,06:30:43,Diners Club,ExxonMobil,Success,yes
TX4709882,U6811,2133492502665345,1473.44,Goa,2020-06-24,15:20:31,RuPay,Walmart,Success,no
TX5150768,U2679,2771933803060101,1532.49,Kochi,2024-09-04,06:21:35,Diners Club,Walmart,Success,no
TX9815077,U4270,9282244140514096,1706.51,Delhi,2019-07-03,09:31:26,RuPay,Starbucks,Failed,no
TX9090983,U8309,2753668293641702,415.6,Udaipur,2021-04-07,02:45:10,American Express,Best Buy,Success,yes
TX6342212,U7723,5735525571734447,672.21,Delhi,2025-06-24,20:21:49,Visa,Apple Store,Success,yes
TX9193618,U5571,3310777163978368,279.45,Mysore,2023-04-14,13:13:25,American Express,Apple Store,Success,no
TX3667914,U2243,2457521730047199,1230.17,Mumbai,2018-05-31,03:03:10,Visa,Shell,Success,yes
TX3758816,U1532,7815997451904159,1312.06,Jaipur,2019-11-24,07:21:57,Visa,Shell,Failed,no
TX5628493,U6229,5749715707923605,1492.02,Leh,2024-05-31,06:13:03,MasterCard,Target,Success,no
TX5338359,U6067,8672278245695409,467.6,Mysore,2025-06-05,06:08:25,Diners Club,Best Buy,Success,no
TX6030859,U2074,1821903808588069,595.22,Hyderabad,2024-06-06,09:55:32,Visa,Flipkart,Failed,no
TX9477915,U4293,2159620940177657,300.07,Udaipur,2023-12-21,10:21:38,MasterCard,Starbucks,Success,no
TX4724070,U4284,0122891561084200,896.4,Delhi,2025-03-07,17:20:37,MasterCard,McDonald's,Success,no
TX8385466,U4667,2313082921307049,1379.75,Goa,2021-06-04,14:43:59,Visa,Starbucks,Success,yes
TX1829196,U5802,6849927840613041,1722.64,Bangalore,2024-07-05,00:42:59,Visa,McDonald's,Success,yes
TX4898905,U4133,2877854695340366,1731.73,Udaipur,2024-03-22,04:19:09,RuPay,Amazon,Success,no
TX7353728,U3667,3370799055707919,1208.17,Jaipur,2024-10-14,22:22:41,Visa,Shell,Success,no
TX9149236,U9613,3219998289431221,621.35,Mandya,2018-06-25,08:06:58,Visa,Shell,Success,yes
TX8196833,U2604,8863358175659620,1229.72,Bangalore,2022-01-31,21:36:12,Diners Club,Walmart,Success,yes
TX5567572,U7923,5848771799535016,1298.54,Delhi,2025-05-07,08:45:10,Visa,ExxonMobil,Success,yes
TX4569365,U3435,0811290300069063,1448.88,Kochi,2023-05-23,19:39:12,Diners Club,Amazon,Success,no
TX6108683,U1334,9054951721796799,84.88,Mysore,2024-10-06,12:58:12,American Express,Amazon,Success,no
TX6597300,U3133,0741101531455055,366.34,Mumbai,2022-08-14,21:31:57,RuPay,Amazon,Success,yes
TX2176622,U3551,5967828543275974,1414.54,Delhi,2023-07-11,01:57:36,Diners Club,Apple Store,Success,no
TX2446079,U1145,4165648946972762,1664.67,Leh,2021-05-21,11:41:39,MasterCard,McDonald's,Success,no
TX8404730,U983,7441692546218671,1524.4,Darjeeling,2018-10-06,04:05:21,Visa,Flipkart,Success,no
TX7186891,U8639,9573144243369532,372.9,Bangalore,2018-07-05,14:03:05,Diners Club,Walmart,Failed,yes
TX7239484,U8274,1529923490884736,84.26,Mumbai,2024-11-20,20:49:45,American Express,Shell,Success,no
TX4523176,U3563,9598502839984535,361.21,Bangalore,2018-09-27,18:43:17,American Express,Target,Success,no
TX8710134,U123,3688415449728952,1564.37,Goa,2023-02-15,19:04:49,Diners Club,ExxonMobil,Success,no
TX4390765,U9538,7851018737522692,446.36,Mumbai,2024-07-03,14:41:10,RuPay,Walmart,Success,yes
TX1262159,U3929,8028994262579990,325.26,Leh,2024-05-19,16:27:54,Visa,Shell,Success,no
TX6195504,U2168,4300422201821922,1217.27,Mysore,2019-01-11,20:32:27,Diners Club,Amazon,Success,yes
TX1301483,U7435,9882219163105057,1660.47,Hyderabad,2022-07-02,13:09:09,Visa,McDonald's,Success,yes
TX6862635,U3642,3813222294682726,535.58,Udaipur,2021-07-08,14:59:13,MasterCard,ExxonMobil,Success,yes
TX6639209,U9142,1711651937055381,1691.43,Chennai,2021-04-14,18:34:23,RuPay,Walmart,Success,no
TX8573862,U827,1568927928162111,1186.08,Hyderabad,2024-01-20,00:50:46,RuPay,McDonald's,Success,no
TX1701336,U4691,0742649475681081,1801.15,Jaipur,2022-03-24,05:10:25,Visa,McDonald's,Success,no
TX7112012,U2557,5932680156769157,737.25,Shillong,2019-01-26,01:46:42,MasterCard,Starbucks,Success,no
TX5609150,U1196,2619246540837875,769.23,Udaipur,2022-07-16,17:27:14,MasterCard,Flipkart,Success,no
TX7482667,U2545,1155748938896242,420.62,Bangalore,2024-08-31,05:45:29,MasterCard,McDonald's,Success,no
TX3787078,U873,7181461082988457,1661.75,Varanasi,2025-01-03,13:41:27,Diners Club,Shell,Success,no
TX4233543,U3776,5369537400526988,1499.56,Mandya,2020-07-25,22:53:27,American Express,Flipkart,Success,no
TX7589140,U5658,1337501208774266,97.51,Goa,2019-05-30,04:57:39,Diners Club,Walmart,Success,no
TX2471919,U9601,7678187879116797,1948.93,Jaipur,2018-11-28,16:16:23,American Express,ExxonMobil,Failed,yes
TX6583719,U5028,6892141156212116,240.65,Kochi,2021-02-03,13:32:25,American Express,ExxonMobil,Success,no
TX7083147,U9114,9313748400150272,1349.18,Varanasi,2022-05-28,07:36:33,Visa,Shell,Success,no
TX8675002,U4330,7849540011872541,1147.81,Varanasi,2025-02-16,09:00:41,American Express,Shell,Success,no
TX7232049,U7498,9103157917654903,694.87,Kochi,2025-01-07,02:54:46,RuPay,Flipkart,Failed,no
TX2348815,U4137,0128797459755252,1839.38,Mandya,2021-01-21,21:35:20,MasterCard,McDonald's,Failed,yes
TX9394806,U9332,6023263465096554,1444.92,Kolkata,2020-04-03,22:01:50,American Express,Apple Store,Success,no
TX8522716,U6526,3340414559301373,255.53,Goa,2025-01-30,23:03:51,Diners Club,Walmart,Success,no
TX5363791,U5121,9442798032340143,264.43,Mumbai,2020-10-01,03:06:59,RuPay,Flipkart,Failed,no
TX6586779,U4293,3373484614712867,878.2,Shillong,2025-03-03,08:33:29,RuPay,McDonald's,Success,no
TX1059017,U9347,0966164013782254,1477.26,Jaipur,2019-12-21,08:11:49,Visa,Shell,Success,no
TX5312049,U8120,4779081705678300,1776.61,Mumbai,2025-05-09,08:20:54,Visa,Amazon,Success,no
TX9353759,U3757,4493518581867507,1221.62,Delhi,2019-06-20,05:25:18,American Express,Apple Store,Success,no
TX1990638,U2958,7934986794234615,171.89,Hyderabad,2023-01-22,02:21:40,MasterCard,Walmart,Success,no
TX6740754,U780,2049608500143919,1206.11,Darjeeling,2018-05-28,22:56:49,Visa,Amazon,Success,yes
TX5603494,U6352,5789198447281218,257.38,Chennai,2024-11-19,05:20:39,RuPay,ExxonMobil,Success,no
TX6441332,U2561,4117941020819692,1921.66,Kochi,2024-03-13,05:15:15,Diners Club,Apple Store,Success,no
TX3893800,U8131,8813618555115382,1134.99,Mysore,2022-08-28,13:41:26,Visa,Walmart,Success,yes
TX5181384,U3916,9808688340081099,1142.28,Darjeeling,2021-04-13,04:02:06,Diners Club,Shell,Success,no
TX8825524,U6557,6926466821070836,1693.54,Leh,2021-12-30,02:06:23,RuPay,Best Buy,Success,no
TX3784687,U9268,0082658108413148,1488,Mumbai,2022-08-22,12:48:48,Visa,Target,Success,yes
TX2105239,U7750,7845898515232337,868.13,Mysore,2021-11-17,10:14:48,Visa,Target,Success,no
TX7566321,U7282,6678087023367292,372.19,Delhi,2025-03-14,07:30:52,RuPay,Walmart,Success,no
TX3692785,U6546,3585798075559730,797.62,Mandya,2024-09-10,10:16:41,RuPay,Amazon,Failed,no
TX5801532,U7060,5806406189761010,915.2,Mumbai,2023-02-01,22:44:51,Visa,Target,Success,no
TX2531958,U4772,1876436664125221,1028.16,Udaipur,2021-01-06,10:04:18,American Express,Best Buy,Success,yes
TX2266233,U7881,2201017090745894,1437.61,Kochi,2021-10-22,09:31:31,MasterCard,Flipkart,Success,yes
TX5485396,U2060,4530656675561618,742.36,Kolkata,2023-04-20,21:13:11,RuPay,Flipkart,Success,no
TX4197662,U9100,6977769878639461,1471.12,Kolkata,2023-08-09,08:24:40,RuPay,Shell,Success,no
TX6816395,U2119,4096310546883340,1088.03,Hyderabad,2019-05-02,21:09:12,American Express,McDonald's,Success,yes
TX4595192,U466,1922173737074231,708.21,Kochi,2019-02-19,20:57:14,American Express,Flipkart,Success,no
TX9135640,U4209,4876840215884977,1679.74,Jaipur,2023-07-28,08:37:15,Diners Club,Flipkart,Success,no
TX6579955,U2101,7706624438843672,502,Mumbai,2024-11-01,22:31:44,RuPay,ExxonMobil,Success,no
TX2399211,U6467,9768908044726718,1101.89,Delhi,2018-12-25,17:38:58,Diners Club,ExxonMobil,Failed,yes
TX2531222,U7895,8157687072738384,199.72,Chennai,2024-10-24,08:52:23,Visa,Amazon,Failed,no
TX3513175,U5086,0179584804239167,1860.5,Varanasi,2018-06-22,16:15:49,Diners Club,Starbucks,Failed,no
TX3219771,U290,5890883917061303,1974.82,Mandya,2019-02-11,18:28:59,MasterCard,Amazon,Success,yes
TX5044387,U861,0218814333581535,321.57,Mandya,2019-09-18,17:51:22,American Express,Flipkart,Failed,yes
TX5731726,U1704,3170437453110623,416.61,Bangalore,2019-02-26,19:50:06,Diners Club,Best Buy,Failed,no
TX6558492,U9842,2789442891131090,1022.12,Udaipur,2019-03-03,14:41:12,American Express,Apple Store,Success,yes
TX9503454,U1697,3560958705108422,466.51,Mysore,2025-01-31,05:47:25,Visa,ExxonMobil,Failed,no
TX5160847,U8397,7789300290660363,1379.11,Darjeeling,2023-12-28,06:16:39,RuPay,Walmart,Success,no
TX8075996,U22,3298159028811912,1971.8,Mysore,2021-02-04,08:04:27,MasterCard,Target,Success,no
TX6617752,U313,6791582381242350,72.92,Udaipur,2019-10-20,08:57:17,American Express,McDonald's,Success,no
TX4954793,U8731,6778166508768808,50.75,Kolkata,2020-03-06,14:06:12,MasterCard,Apple Store,Success,no
TX4484789,U8375,5468094264114725,594.85,Mandya,2018-01-27,04:31:54,MasterCard,McDonald's,Success,no
TX6092529,U2512,6271749382287977,887.71,Mysore,2018-03-14,17:09:28,American Express,Apple Store,Success,no
TX7355966,U4049,9220170900188930,1113.7,Mumbai,2022-04-15,05:21:36,Diners Club,Apple Store,Success,no
TX7353444,U9343,7054376709195253,395.36,Kochi,2023-08-12,07:19:44,MasterCard,Target,Success,no
TX5565893,U8178,7495537369240910,1779.6,Mumbai,2025-04-09,14:45:49,Diners Club,ExxonMobil,Success,no
TX6673913,U4403,2905985524722841,1172.14,Shillong,2023-04-06,16:34:20,American Express,ExxonMobil,Success,no
TX9509527,U875,1329197056663345,132.05,Jaipur,2024-10-26,18:03:10,Diners Club,Walmart,Failed,no
TX9251642,U437,0489175003058626,376.89,Goa,2024-06-05,14:58:27,Visa,Apple Store,Success,yes
TX1499705,U399,2786000910750521,1005.6,Kolkata,2022-12-28,00:01:52,RuPay,Target,Success,yes
TX4819070,U33,9770001485730950,557.87,Chennai,2022-04-16,19:02:21,RuPay,ExxonMobil,Success,no
TX8599353,U1781,1452568008070308,17.78,Delhi,2025-03-30,17:28:10,MasterCard,Best Buy,Success,no
TX4930866,U1983,1640403840575913,1725.71,Varanasi,2024-07-10,04:56:41,Diners Club,Apple Store,Success,yes
TX3748261,U4206,7248566529723706,1748.7,Delhi,2022-08-21,00:54:59,Visa,Best Buy,Success,no
TX5610252,U6218,6370277959239496,727.41,Hyderabad,2022-01-29,22:00:38,Diners Club,ExxonMobil,Failed,no
TX7955688,U5224,7583825422143384,77.07,Kolkata,2021-06-02,22:44:40,American Express,Best Buy,Success,yes
TX4948612,U2159,0372463200327313,304.92,Bangalore,2018-09-28,04:44:48,Visa,McDonald's,Success,no
TX3099675,U1228,6445570515697597,1738.77,Mandya,2019-02-07,01:10:05,MasterCard,Target,Failed,yes
TX5901096,U1110,2313908708233511,1725.85,Mumbai,2020-07-15,10:22:50,Diners Club,Target,Success,no
TX8481661,U1601,3293757554224409,606.25,Mumbai,2022-03-27,23:50:12,MasterCard,Flipkart,Success,no
TX5731429,U6713,3346800694459704,1284.99,Mumbai,2025-05-21,05:57:12,Visa,Amazon,Success,no
TX3316044,U5213,7078660329515009,106.22,Mumbai,2020-02-10,18:22:08,Visa,ExxonMobil,Success,yes
TX6393046,U6845,6287579873591989,1109.89,Udaipur,2024-10-16,01:05:31,RuPay,Apple Store,Failed,yes
TX3049148,U5015,4234077632160657,1730.78,Kolkata,2022-12-29,23:50:01,American Express,McDonald's,Failed,no
TX8104556,U5343,7177840660729193,1650.71,Varanasi,2021-04-26,07:43:46,Diners Club,Best Buy,Success,yes
TX5173671,U5318,9895249661012220,211.03,Mumbai,2020-07-07,19:36:44,MasterCard,Walmart,Success,no
TX2752360,U7789,1971711670535931,78.92,Leh,2021-05-10,16:41:39,RuPay,ExxonMobil,Success,yes
TX7510474,U8329,6863073350643280,36.33,Leh,2023-08-20,10:10:12,Diners Club,Walmart,Success,no
TX5005767,U3676,6206871655814620,397.82,Varanasi,2022-12-28,12:39:53,Visa,ExxonMobil,Success,no
TX2531476,U947,5075924698854957,1908.86,Chennai,2022-04-04,05:18:18,Visa,Target,Failed,no
TX6570538,U6683,1047954711365024,1125.49,Udaipur,2021-03-27,18:38:44,MasterCard,McDonald's,Success,no
TX1833997,U1547,7019523215218090,1259.56,Shillong,2022-12-02,02:30:50,American Express,Target,Success,no
TX4062326,U8947,1304506185153496,1173.48,Jaipur,2019-08-10,02:18:38,MasterCard,Flipkart,Success,no
TX3420351,U6941,1298720147133619,806.51,Kochi,2018-02-06,15:49:28,Diners Club,Amazon,Success,yes
TX2114453,U5093,3365838876323479,1915.58,Chennai,2023-09-09,19:33:29,RuPay,Starbucks,Success,no
TX7317595,U439,9284325674748922,1906.69,Hyderabad,2024-06-27,17:20:21,American Express,Flipkart,Failed,no
TX7940421,U2493,2448213833409703,1927.41,Jaipur,2024-05-20,23:24:57,Visa,ExxonMobil,Success,no
TX6962798,U3853,6346187047100364,1172.8,Darjeeling,2018-04-19,02:48:57,Visa,Walmart,Success,no
TX6859893,U2389,1060319165600590,1401.12,Mumbai,2023-03-04,12:11:50,RuPay,Flipkart,Success,yes
TX4516123,U6179,4731387300833807,1368.54,Kochi,2019-02-15,09:07:05,Visa,Target,Success,no
TX1982092,U265,4639103921273934,109.44,Mumbai,2025-05-19,02:36:56,Diners Club,Starbucks,Failed,no
TX7278709,U7807,9250671810189510,108.83,Kochi,2023-05-09,19:53:48,Visa,Apple Store,Success,no
TX4295055,U7841,7923767437450325,1743.49,Jaipur,2021-07-14,03:12:49,Diners Club,Best Buy,Success,yes
TX4603495,U8481,1994525611316412,1973.73,Kolkata,2022-08-12,01:34:00,RuPay,Best Buy,Success,no
TX8159847,U7348,5618729656599176,1300.4,Mandya,2022-01-26,20:29:39,Diners Club,Starbucks,Failed,no
TX1731410,U1855,9003575025490448,1742.45,Shillong,2020-01-03,20:54:02,American Express,McDonald's,Success,no
TX4214341,U1378,5187869774968433,935.72,Chennai,2018-04-14,09:24:38,MasterCard,Best Buy,Success,no
TX1534408,U7944,8854004702561759,1721.57,Varanasi,2024-08-10,03:00:14,American Express,Amazon,Success,no
TX2665707,U7386,3337570745863857,1567.46,Kochi,2021-10-24,09:43:02,Visa,Walmart,Success,no
TX5198833,U7305,6325736095700083,1248.41,Bangalore,2020-06-14,16:22:33,MasterCard,ExxonMobil,Success,no
TX3139062,U4454,3950292103123712,1885.87,Mandya,2019-05-19,01:37:45,American Express,Apple Store,Success,no
TX5013971,U3894,8922046106401695,954.88,Bangalore,2022-04-12,13:34:06,Diners Club,Flipkart,Failed,yes
TX1411116,U3200,9550210099453289,514.06,Darjeeling,2022-10-20,14:22:42,RuPay,Target,Success,no
TX8533924,U7514,4757224703155025,1534.04,Darjeeling,2020-01-13,20:29:57,American Express,Walmart,Failed,yes
TX7229692,U8027,6418887593211673,495.16,Goa,2023-06-28,15:31:04,Visa,ExxonMobil,Success,no
TX6710127,U4045,0528945765761599,328.29,Udaipur,2019-11-01,22:54:40,MasterCard,Walmart,Failed,no
TX9890559,U788,6795243399403689,312.28,Kolkata,2021-08-08,04:26:56,American Express,ExxonMobil,Success,no
TX4725998,U6494,5535875831801273,1882.86,Mumbai,2024-08-04,16:16:04,Diners Club,Walmart,Success,yes
TX1945656,U4824,9214830022542534,488.58,Kochi,2020-02-15,06:17:19,RuPay,Walmart,Success,yes
TX6855047,U2079,7804992246355526,795.76,Hyderabad,2020-05-15,07:13:54,American Express,Starbucks,Failed,no
TX6551602,U3691,7264603603346069,149.09,Jaipur,2020-04-26,04:34:46,Visa,Shell,Failed,no
TX5523341,U5853,6899096973994603,876.19,Shillong,2020-11-24,16:19:26,Visa,Apple Store,Success,no
TX7867957,U9264,5239278641553375,800.72,Leh,2018-01-03,12:00:49,Visa,Shell,Success,no
TX6747523,U9452,1506798794964630,207.09,Shillong,2018-03-07,20:10:13,RuPay,Flipkart,Success,no
TX9169195,U3427,7022836813948346,1912.17,Mumbai,2019-02-21,02:38:36,Diners Club,Walmart,Success,no
TX2811775,U1140,0135189101027840,26.1,Kolkata,2019-08-07,08:19:33,Visa,Shell,Failed,no
TX1163145,U8218,5310664227454661,213.75,Delhi,2018-10-29,07:12:44,MasterCard,Flipkart,Success,no
TX9854134,U5917,2974386574170246,1393.22,Kochi,2024-07-14,01:52:26,Diners Club,Flipkart,Success,yes
TX6235054,U213,2128208693429244,765.76,Darjeeling,2024-12-10,09:37:31,MasterCard,Amazon,Success,no
TX4740373,U283,6067344737390355,1419.89,Kolkata,2022-11-28,09:11:50,American Express,Flipkart,Success,no
TX4875717,U8903,2955128351627452,301.76,Darjeeling,2023-01-18,18:48:17,American Express,McDonald's,Failed,no
TX2202367,U4261,2418321013444288,1051.74,Delhi,2022-01-09,20:45:44,MasterCard,Apple Store,Success,no
TX2803248,U1592,3950642023977735,28.52,Mandya,2021-08-11,02:52:58,American Express,Starbucks,Success,no
TX1029239,U1326,3093017272156336,27.17,Bangalore,2018-01-11,06:56:57,RuPay,McDonald's,Success,yes
TX9893414,U7431,2969220749929743,1929.81,Goa,2024-05-24,07:44:13,Diners Club,ExxonMobil,Success,no
TX7018950,U6580,0606292907372688,1568.9,Kolkata,2024-07-27,19:50:28,American Express,McDonald's,Success,no
TX8888659,U2337,3151037426364499,30.77,Darjeeling,2023-11-02,02:52:32,Visa,Starbucks,Success,no
TX3076068,U2875,3238693510646684,967.6,Delhi,2025-04-05,12:01:32,American Express,Starbucks,Success,no
TX8692134,U9795,1878391197378910,71.3,Chennai,2025-05-18,04:24:05,American Express,Shell,Success,no
TX6891858,U4714,5676446700975133,886.12,Leh,2024-12-24,00:29:19,American Express,ExxonMobil,Success,no
TX8835275,U550,3698137781750267,1363.75,Hyderabad,2021-12-05,20:38:23,American Express,Best Buy,Success,no
TX9951027,U9461,6571425411118043,1924.99,Darjeeling,2021-05-30,02:45:52,Visa,Walmart,Success,no
TX7454811,U2797,0388661353303805,939.32,Leh,2021-01-16,18:03:35,American Express,Amazon,Failed,no
TX7456490,U2368,2550110514703277,42.98,Goa,2019-09-29,01:04:11,MasterCard,Best Buy,Success,no
TX5701594,U2705,2581809298934574,1767.67,Mysore,2021-07-24,18:23:34,MasterCard,Walmart,Success,yes
TX2234595,U1734,9374121374059034,662.3,Kolkata,2021-03-02,15:48:44,MasterCard,Walmart,Success,no
TX4467413,U7140,4816301980950172,1143.9,Bangalore,2019-12-19,08:48:59,American Express,McDonald's,Success,no
TX3887535,U4844,9022459260834710,1199.88,Darjeeling,2018-04-02,11:34:32,RuPay,Shell,Success,no
TX7539433,U5271,7901641841229412,524.35,Mumbai,2020-05-20,13:10:10,Visa,Flipkart,Success,no
TX4350893,U2508,0447259279048918,1603.3,Leh,2018-09-13,01:55:29,RuPay,Walmart,Success,no
TX2876451,U4193,0600836230507387,1242.91,Hyderabad,2023-09-19,04:33:42,RuPay,Amazon,Success,no
TX3885774,U8742,2945634937583340,1682.89,Leh,2018-12-25,06:52:16,American Express,Starbucks,Success,no
TX5108451,U3744,8010774506355265,1593.75,Darjeeling,2024-05-27,17:51:07,American Express,ExxonMobil,Success,no
TX7687129,U2852,1760560420240572,195.67,Udaipur,2024-04-09,06:11:32,Diners Club,ExxonMobil,Success,no
TX3137391,U2186,5828573496608813,600.25,Varanasi,2022-05-13,05:53:35,MasterCard,Walmart,Success,no
TX5906877,U8703,7496177352496039,1355.7,Mumbai,2021-10-23,09:38:00,Visa,Target,Success,no
TX1611736,U7362,0216461676071642,821.92,Kochi,2018-10-24,15:02:34,MasterCard,Apple Store,Success,no
TX3797250,U146,7672528611726305,1658.99,Mandya,2023-05-22,21:07:37,Visa,Flipkart,Success,no
TX2000008,U1435,0729512635624665,1282.91,Delhi,2023-01-09,08:55:05,MasterCard,Target,Success,no
TX2331612,U4579,1222175236319750,571.66,Kolkata,2022-09-05,18:45:56,Diners Club,ExxonMobil,Success,no
TX7451942,U7341,7124777230120191,1713.09,Delhi,2022-03-11,00:38:38,American Express,Target,Success,no
TX5774395,U8639,1614650720093293,1049.84,Udaipur,2021-02-16,18:19:33,American Express,ExxonMobil,Success,no
TX4066314,U1913,2717498380732367,903.2,Mysore,2023-08-29,23:45:13,MasterCard,Best Buy,Success,no
TX4923621,U2897,7183396099850073,1413.4,Mandya,2018-12-16,15:54:54,MasterCard,Apple Store,Success,yes
TX7697251,U833,8558353461440089,1450.34,Delhi,2022-10-20,07:31:10,Visa,ExxonMobil,Failed,no
TX6908250,U906,2378375860637394,991.28,Varanasi,2022-01-26,23:16:53,Diners Club,Amazon,Failed,no
TX8722452,U4066,7101033893865788,1355.44,Leh,2020-01-17,15:06:39,RuPay,ExxonMobil,Success,yes
TX6064735,U5573,6994975334339622,298.01,Goa,2022-04-18,09:18:00,RuPay,Starbucks,Success,no
TX8175554,U1064,0900138652537876,677.66,Leh,2020-08-15,08:31:52,RuPay,Flipkart,Success,yes
TX8925151,U5215,6621583722612457,1226.3,Delhi,2020-02-08,15:47:20,RuPay,Starbucks,Success,no
TX3353599,U2074,9844820303225171,1949.1,Leh,2023-09-18,05:56:34,Diners Club,Shell,Success,yes
TX8219733,U2161,1407415786920142,191.54,Hyderabad,2023-10-28,05:49:38,RuPay,Apple Store,Failed,no
TX7531285,U7529,7953002016047610,1497,Leh,2020-09-26,18:08:01,Diners Club,Best Buy,Success,no
TX4205303,U9378,7394591730661507,261.26,Chennai,2018-12-03,11:06:13,Diners Club,Target,Success,no
TX5852134,U6706,9992101943646085,639.18,Bangalore,2025-04-05,07:58:04,RuPay,Amazon,Success,no
TX4789409,U3607,0913621600766989,227.02,Kochi,2018-09-27,22:53:47,American Express,Walmart,Success,yes
TX3154480,U3345,0098130086500736,964.42,Goa,2022-09-20,15:57:39,MasterCard,Flipkart,Success,no
TX7647979,U1103,4463147592226149,86.79,Chennai,2023-02-11,07:43:59,MasterCard,Walmart,Success,no
TX7280239,U6727,4557334535653663,597.43,Delhi,2019-09-14,19:04:42,American Express,Apple Store,Success,no
TX6395218,U4714,8034290394612774,674.67,Goa,2018-06-18,10:52:25,Visa,Starbucks,Failed,no
TX8391121,U2247,5925037265892645,1336.47,Goa,2019-10-25,22:13:20,MasterCard,Apple Store,Success,no
TX8002455,U289,2587521650467710,907.35,Kochi,2020-06-15,14:55:14,American Express,Flipkart,Success,no
TX7724306,U1334,1356588705190820,1158.86,Jaipur,2019-07-26,09:21:50,MasterCard,McDonald's,Success,no
TX7974309,U4941,2755257908143927,1495.85,Shillong,2018-06-16,05:11:14,American Express,Apple Store,Failed,yes
TX2322918,U3575,9058553186766285,132.88,Bangalore,2024-08-08,14:22:23,RuPay,Walmart,Failed,no
TX6079839,U5454,5296584717241121,1448.84,Hyderabad,2023-07-23,14:45:08,Visa,Target,Success,no
TX2514084,U7410,0167738718947707,1325.92,Goa,2021-03-01,02:59:06,Visa,Apple Store,Success,no
TX4238738,U1593,4717134492698414,1768.69,Mumbai,2022-09-26,16:30:54,Diners Club,Best Buy,Success,no
TX3477792,U9425,1845911796964773,625.62,Kolkata,2020-05-11,19:10:25,Visa,Shell,Success,yes
TX4221883,U2481,1405015350800420,977.02,Leh,2024-03-08,18:57:01,MasterCard,Shell,Success,no
TX6400539,U1794,2402827350032091,1459.98,Leh,2018-02-01,00:09:20,MasterCard,Flipkart,Success,no
TX1891735,U701,9741573871138740,1193.8,Varanasi,2021-10-01,12:31:24,RuPay,Shell,Success,no
TX5153388,U4802,5832630687707426,833.04,Mysore,2023-09-20,02:10:51,Diners Club,Target,Success,no
TX8676899,U3833,8786218896660127,592.64,Hyderabad,2018-05-24,19:15:02,American Express,Best Buy,Success,no
TX1207702,U4055,9245807667734322,1650.94,Bangalore,2024-01-10,07:18:33,MasterCard,Target,Failed,no
TX7559170,U3533,2098267672811941,628.22,Chennai,2022-01-21,15:16:50,American Express,Shell,Success,yes
TX8377123,U315,2653568093995958,629.2,Delhi,2019-01-31,19:55:23,RuPay,McDonald's,Success,no
TX6916461,U9036,6161850532576798,402.56,Kolkata,2019-01-15,21:15:06,Diners Club,Walmart,Success,no
TX5097118,U4110,4926116244339831,232.05,Shillong,2024-08-07,21:11:14,MasterCard,Apple Store,Success,no
TX9728591,U1800,4379761293024121,1984.1,Leh,2022-01-30,22:31:17,MasterCard,Amazon,Success,no
TX5847856,U3305,6514766531762079,34.83,Bangalore,2022-08-14,14:36:13,Diners Club,Amazon,Success,no
TX8371454,U6270,0373193430817438,18.64,Kolkata,2019-04-09,21:14:53,Visa,Walmart,Success,no
TX8674347,U7086,9006445325875430,509.69,Darjeeling,2024-05-24,09:39:36,Diners Club,Shell,Success,no
TX3550537,U1288,9265452432673880,1214.38,Darjeeling,2018-08-06,03:05:45,RuPay,McDonald's,Success,no
TX7024390,U7180,6736595155151730,1672.13,Varanasi,2023-01-02,23:38:34,Diners Club,Target,Success,no
TX8702652,U1567,4236675027434991,924.12,Mumbai,2019-10-09,12:24:32,American Express,Starbucks,Success,no
TX5539887,U4894,0835044666774012,1180.63,Darjeeling,2022-12-14,15:14:52,MasterCard,Best Buy,Success,no
TX7999864,U7383,6602552281278839,1676.05,Kochi,2019-12-09,06:57:51,American Express,Walmart,Success,yes
TX1374257,U4887,6732836334176759,526.99,Mumbai,2020-03-09,06:34:48,American Express,McDonald's,Success,no
TX2350836,U4822,6200783681478254,895.92,Darjeeling,2024-12-25,12:36:58,American Express,Flipkart,Success,no
TX3498617,U6804,9962505592326479,856.26,Kolkata,2024-03-24,23:02:00,Diners Club,Amazon,Success,yes
TX7716317,U2893,2398685813966423,1844.05,Hyderabad,2020-11-12,01:22:18,RuPay,Flipkart,Success,no
TX3055731,U9006,7842215618139629,1417.46,Bangalore,2020-05-25,13:20:10,MasterCard,Walmart,Success,yes
TX1786136,U254,1663517031132884,1822.47,Chennai,2022-12-23,15:39:08,RuPay,Best Buy,Success,no
TX3322325,U4853,0698248129614012,103.21,Udaipur,2024-05-14,00:48:19,Visa,McDonald's,Success,yes
TX9505565,U4522,6402153087338631,1209.64,Leh,2019-10-15,09:26:13,American Express,ExxonMobil,Failed,yes
TX8314820,U7642,5635442827155346,1806.31,Shillong,2020-12-11,16:48:03,American Express,Shell,Success,no
TX7136777,U1292,7165319242798023,872.58,Mandya,2020-01-16,16:47:55,American Express,Target,Success,no
TX7040361,U3217,7574338037750916,522.97,Mumbai,2024-08-08,09:19:55,Diners Club,Walmart,Success,yes
TX4395698,U8752,5571620501838386,1740.35,Udaipur,2024-01-26,00:29:59,Visa,Shell,Success,no
TX5154336,U660,9905758640972440,1053.61,Udaipur,2025-03-16,22:07:35,RuPay,Walmart,Success,yes
TX4597650,U485,5215850447449392,1517.3,Kochi,2020-03-09,20:50:00,RuPay,Walmart,Failed,no
TX2462569,U1385,9271441044050643,1344.17,Kolkata,2023-05-28,14:51:34,Diners Club,Shell,Success,no
TX6259893,U2597,8457234016292937,1070.3,Mysore,2018-04-23,22:33:16,Diners Club,Flipkart,Failed,no
TX9900229,U4156,7104095076718761,890.51,Varanasi,2020-11-20,23:46:51,RuPay,Target,Failed,no
TX8670123,U7429,1073796834895110,243.23,Goa,2019-03-17,06:07:11,RuPay,Walmart,Failed,no
TX2207525,U9933,9851951837793231,55.87,Jaipur,2022-02-22,17:47:39,MasterCard,Walmart,Success,no
TX4058848,U97,2490548875709748,113.48,Mandya,2018-05-02,19:05:31,MasterCard,Amazon,Success,yes
TX7424975,U278,6165601780398946,1292.11,Chennai,2023-10-04,01:25:45,RuPay,Walmart,Success,no
TX4430180,U1031,3915521393440623,771.27,Mumbai,2021-11-10,22:49:40,Visa,Flipkart,Success,no
TX6869877,U7142,1425210629721965,1996.22,Leh,2019-09-24,08:24:19,Visa,Starbucks,Success,yes
TX9867377,U1996,5544028264445918,141.06,Udaipur,2024-07-28,15:03:58,Visa,Target,Success,yes
TX3125571,U4791,0652469038927393,784.04,Chennai,2022-05-25,09:50:00,RuPay,McDonald's,Success,no
TX8297401,U3597,2854838401211864,908.03,Kolkata,2021-06-27,02:20:05,MasterCard,Best Buy,Success,no
TX4590033,U146,4521152167843359,936.94,Goa,2018-02-28,03:59:38,Visa,Best Buy,Success,no
TX8643600,U913,2042487790810351,330.25,Delhi,2021-09-07,18:53:13,Visa,Shell,Success,no
TX7417401,U7604,4981988108080181,1505.57,Delhi,2021-02-14,08:00:48,Visa,Flipkart,Failed,no
TX7674902,U6242,8962741410128480,949.6,Chennai,2020-04-16,06:26:05,MasterCard,Flipkart,Success,no
TX1681824,U8417,4489852679920258,662.67,Bangalore,2023-04-11,21:36:04,MasterCard,Shell,Success,no
TX8351419,U4817,4370247530367603,724.81,Mandya,2022-09-15,00:55:49,Visa,McDonald's,Failed,yes
TX7036997,U2800,8544530898371821,434.86,Darjeeling,2023-03-22,00:48:37,RuPay,Amazon,Success,no
TX3136245,U1644,3231467138063261,1551.36,Bangalore,2018-07-29,22:23:09,MasterCard,Shell,Success,no
TX2988321,U1941,1787227428305670,1145.37,Bangalore,2024-12-25,20:52:42,MasterCard,Walmart,Success,no
TX8405213,U7716,0627722810690809,156.24,Bangalore,2023-10-20,23:56:48,American Express,Flipkart,Success,no
TX2070288,U6904,9686656582891787,964.53,Shillong,2025-02-06,07:22:10,Visa,Walmart,Failed,no
TX6269004,U7560,4064540379338750,626.7,Mumbai,2019-09-11,02:14:33,American Express,Shell,Success,no
TX8139598,U3355,1231214770647939,657.87,Hyderabad,2024-12-01,10:27:40,MasterCard,Apple Store,Success,no
TX1843544,U2477,6215182763686293,194.11,Leh,2020-06-01,18:39:17,Visa,Amazon,Success,no
TX8114902,U2359,1486516719734356,1567.98,Varanasi,2021-05-28,20:34:59,Visa,Walmart,Success,no
TX6810264,U3571,2454474684646397,1838.81,Chennai,2022-03-17,12:06:29,MasterCard,Best Buy,Failed,no
TX9681546,U6864,5869013997444036,905.93,Shillong,2021-03-24,15:35:05,American Express,McDonald's,Success,no
TX7431999,U4185,9250372307314558,555.1,Shillong,2019-07-31,03:03:22,MasterCard,Amazon,Success,no
TX1727101,U1765,8843135735689302,252.32,Delhi,2023-08-25,21:04:34,MasterCard,Amazon,Success,no
TX3271563,U3472,2016661461545429,1951.52,Bangalore,2019-04-03,17:13:49,Visa,Amazon,Success,no
TX5677739,U5845,6318669637006277,1750.24,Varanasi,2020-09-28,17:38:34,MasterCard,ExxonMobil,Success,no
TX6244872,U4123,6132156529969457,1884.17,Shillong,2023-03-11,06:43:46,Visa,Walmart,Success,no
TX1130267,U9440,1652494975991803,1565.61,Hyderabad,2021-04-10,02:15:12,RuPay,Apple Store,Success,no
TX8550179,U8865,0987138573517458,279.96,Varanasi,2023-06-04,18:12:24,MasterCard,Walmart,Success,no
TX4642696,U279,9007252982210588,1697.14,Shillong,2023-08-08,23:16:52,RuPay,McDonald's,Success,no
TX9845672,U8065,8970560932172612,1076.34,Jaipur,2020-07-13,02:32:36,American Express,Amazon,Success,yes
TX7085674,U3879,0701458166947697,374.49,Mandya,2021-09-27,22:22:06,Diners Club,Shell,Success,yes
TX1526576,U999,6436193418490359,1400.34,Kolkata,2018-04-28,00:53:17,Visa,Walmart,Failed,yes
TX3645454,U3733,1352245426972642,1517.11,Shillong,2022-01-10,16:36:59,Visa,Best Buy,Success,no
TX1484201,U6216,5602525462231394,1667.64,Mumbai,2022-12-04,21:34:20,American Express,Best Buy,Success,no
TX6516741,U5099,6934679482993714,618.91,Udaipur,2019-12-19,10:37:43,MasterCard,Target,Failed,no
TX9835716,U898,5974032787867551,945.99,Bangalore,2025-02-25,20:42:40,American Express,Starbucks,Success,no
TX6954896,U4762,8884217668077175,441.38,Goa,2021-10-17,20:15:01,MasterCard,Apple Store,Success,no
TX4511643,U9156,8056200598123825,725.29,Udaipur,2018-04-08,08:54:15,Visa,Shell,Success,no
TX5832835,U2784,8504129242205492,958.03,Varanasi,2018-12-10,02:19:53,MasterCard,Starbucks,Success,no
TX5580812,U5440,4677747937039234,936.78,Kolkata,2021-06-30,23:07:53,MasterCard,Walmart,Success,yes
TX2162895,U2157,4983280872908968,1171.1,Bangalore,2020-01-15,23:48:41,Visa,Target,Success,no
TX7290997,U4978,4060587441315012,273.46,Goa,2022-06-20,01:11:04,American Express,Flipkart,Success,no
TX7215441,U6070,3526899028564765,855.9,Jaipur,2022-04-02,06:43:59,MasterCard,Best Buy,Success,yes
TX4078783,U8375,4907749741884278,811.63,Mandya,2022-11-16,02:06:59,MasterCard,Best Buy,Success,yes
TX8132237,U6242,7033744868973914,1417.59,Mysore,2024-01-15,13:07:43,American Express,Flipkart,Success,no
TX3729541,U3931,4364619414844892,161.11,Kolkata,2023-02-19,20:41:39,Diners Club,Target,Success,no
TX1076449,U7646,8536442790052086,1368.48,Darjeeling,2024-02-06,14:52:03,American Express,Shell,Success,no
TX7867436,U4336,1814247389073372,38.17,Mandya,2018-05-17,00:53:32,MasterCard,McDonald's,Success,no
TX5068611,U7733,5227610289896076,1911,Darjeeling,2020-11-22,21:52:24,MasterCard,Apple Store,Failed,no
TX4884283,U2321,4496667808909257,667.62,Mumbai,2024-04-16,04:34:09,American Express,Amazon,Success,no
TX5068930,U4521,6737202076932843,584.96,Jaipur,2020-08-04,17:50:40,Diners Club,Flipkart,Success,no
TX4572371,U7320,3573955250653012,990.72,Varanasi,2024-06-05,07:37:35,American Express,Target,Success,no
TX6749759,U3256,7386409851499538,361.27,Mandya,2019-07-07,14:49:39,RuPay,Amazon,Success,yes
TX9758844,U8599,4002851990366032,1111.69,Chennai,2023-12-05,20:23:40,American Express,Shell,Success,no
TX1062940,U6804,7762275347872352,1425.83,Leh,2025-03-30,12:26:48,RuPay,Shell,Failed,no
TX6342830,U7142,6371236517862557,165.89,Shillong,2018-09-28,01:48:44,MasterCard,Walmart,Failed,no
TX7558154,U2234,9763036572433882,719.03,Mumbai,2024-07-28,06:17:16,MasterCard,Walmart,Success,yes
TX9642770,U4428,5489701616298315,1786.92,Bangalore,2024-12-08,18:33:33,Diners Club,Target,Success,no
TX8099125,U6449,3415919020717156,95.31,Bangalore,2021-03-21,02:42:28,RuPay,McDonald's,Success,no
TX4093194,U5846,0627877387435951,228.4,Bangalore,2018-01-01,07:28:04,Visa,Target,Success,no
TX5397953,U5561,7095461600142543,1595.66,Chennai,2025-04-19,06:21:08,American Express,Amazon,Success,no
TX4494757,U3736,8392066140331428,245.98,Varanasi,2021-02-06,00:30:03,American Express,Apple Store,Success,no
TX2711010,U8305,1334200386705271,203.86,Bangalore,2021-05-15,05:24:06,MasterCard,Best Buy,Success,no
TX6296188,U8832,7789971828400920,1115.72,Shillong,2021-03-21,20:26:17,Visa,Shell,Success,no
TX6622242,U4777,4482154419534069,421.68,Jaipur,2024-06-20,10:45:52,Diners Club,Shell,Success,yes
TX2492070,U8768,0498459580347407,1513.01,Chennai,2018-12-05,17:28:59,American Express,Walmart,Success,yes
TX2585560,U6264,3807541237063733,1598.36,Mandya,2022-08-09,23:15:22,American Express,Walmart,Success,no
TX7005890,U1373,4864796737490428,1805.52,Goa,2021-01-23,10:10:34,American Express,ExxonMobil,Success,no
TX3005148,U7165,3917005685558047,609.51,Jaipur,2021-10-03,19:37:12,Visa,Starbucks,Success,yes
TX2741237,U5749,3420933507019874,322.08,Kochi,2019-04-04,12:36:09,Diners Club,Flipkart,Success,no
TX4407294,U1233,0220629314211690,603.09,Mandya,2023-06-03,17:11:58,MasterCard,Walmart,Failed,no
TX3992083,U1570,9672336818573833,462.55,Mandya,2019-12-01,02:53:14,Diners Club,Target,Success,no
TX2179293,U6987,8867396900130657,82.39,Kochi,2018-11-26,15:22:27,Diners Club,McDonald's,Success,no
TX3870186,U3843,4118035918899716,1258.87,Leh,2023-03-31,03:33:38,American Express,Starbucks,Success,no
TX7727261,U6775,2404742236109210,715.51,Chennai,2023-09-14,13:10:54,American Express,Best Buy,Failed,yes
TX5314961,U6191,9437060598368680,297.78,Mysore,2021-07-31,12:43:44,American Express,ExxonMobil,Success,yes
TX5104629,U3973,5260013536686634,331.25,Bangalore,2022-02-02,05:04:39,MasterCard,Starbucks,Success,no
TX2254589,U2450,8972805525515695,385.25,Mysore,2024-04-30,13:53:09,American Express,McDonald's,Success,no
TX4851719,U1836,3776905893527197,1652.91,Kochi,2021-02-25,20:12:45,American Express,Target,Success,yes
TX4916871,U2017,7175305872581509,1913.72,Bangalore,2020-03-03,08:11:27,American Express,McDonald's,Success,no
TX6988347,U8201,3271143818345132,236.58,Mysore,2018-01-30,23:36:05,Diners Club,Walmart,Success,no
TX3597697,U727,3270339846593183,1482.92,Varanasi,2020-12-02,01:07:08,MasterCard,Amazon,Success,no
TX9471354,U5753,9350378138933669,952.74,Chennai,2023-07-27,19:49:57,American Express,McDonald's,Success,no
TX4077430,U92,6709143403957800,342.29,Hyderabad,2022-07-27,18:09:41,Diners Club,Starbucks,Success,no
TX1565648,U4076,2987753472535551,594.46,Darjeeling,2018-06-30,03:01:28,MasterCard,ExxonMobil,Success,no
TX1375966,U9200,4521282938419934,1017.53,Goa,2018-05-29,04:38:55,Diners Club,ExxonMobil,Success,no
TX7851252,U549,4466713012901297,1236.25,Hyderabad,2022-08-15,00:23:05,MasterCard,Shell,Failed,yes
TX7822382,U3300,0783781516303908,890.24,Varanasi,2020-09-29,18:15:29,American Express,Target,Success,yes
TX5253110,U8620,8981605683378337,1887.48,Udaipur,2020-12-21,00:04:55,American Express,Flipkart,Success,no
TX3353598,U9686,0679258561141793,531.67,Darjeeling,2021-05-23,10:30:42,American Express,Walmart,Success,no
TX3285842,U7061,3448089981244323,377.33,Bangalore,2024-04-11,20:07:38,RuPay,Walmart,Success,yes
TX7316159,U537,2874890212692518,1760.5,Goa,2023-04-18,01:08:25,RuPay,Best Buy,Success,no
TX7111601,U5510,1417911980335187,141.5,Chennai,2025-05-22,16:13:40,Visa,Amazon,Success,no
TX8344027,U3464,4004038186169664,827.7,Shillong,2021-01-06,01:22:46,Diners Club,Shell,Success,no
TX9857706,U6492,3734950961840868,1366.32,Mumbai,2018-06-02,16:17:23,Visa,McDonald's,Success,yes
TX8167869,U996,1065867532307273,576.55,Kolkata,2022-10-01,21:28:59,RuPay,Apple Store,Success,no
TX5006019,U1621,1750705093701183,1255.35,Mysore,2019-08-27,07:46:47,MasterCard,Amazon,Success,no
TX8405024,U2413,9339143283898935,16.54,Varanasi,2019-06-13,08:34:23,Diners Club,Flipkart,Success,no
TX9940409,U7575,8207500543091659,1506.32,Darjeeling,2023-03-03,19:55:45,MasterCard,ExxonMobil,Success,no
TX7555875,U5217,8310756220521473,1225.47,Shillong,2020-09-09,16:48:35,Visa,Shell,Success,no
TX3096505,U5425,5834898739517387,626.68,Kolkata,2024-06-10,23:36:09,Visa,Apple Store,Success,no
TX9076193,U5049,6684203392296312,1758.71,Kolkata,2022-03-27,20:48:43,Diners Club,McDonald's,Success,no
TX7875693,U2874,7425437390107107,1192.04,Kochi,2020-01-02,10:06:54,American Express,Target,Success,yes
TX4898023,U7624,9219390331684432,929.35,Mysore,2025-06-17,12:37:43,American Express,ExxonMobil,Success,no
TX4771540,U3946,5224867099967776,1650.88,Kolkata,2019-01-30,12:10:36,American Express,Walmart,Success,no
TX5199764,U7846,9499554410996011,790.87,Mumbai,2020-03-28,15:18:33,MasterCard,Shell,Success,no
TX3077916,U6519,6118505707647073,1818.85,Mandya,2020-07-21,11:35:13,RuPay,Flipkart,Success,no
TX8664916,U9636,9437713094736719,256.03,Chennai,2024-07-03,04:07:19,RuPay,Apple Store,Success,no
TX8118048,U6337,6364940386742086,1193.15,Varanasi,2024-07-28,09:11:09,Visa,McDonald's,Success,no
TX4539118,U169,2719572142240507,1472.61,Chennai,2018-03-25,20:05:35,Visa,Amazon,Success,yes
TX7547671,U9174,0315561939173328,1273.53,Shillong,2019-10-16,03:56:47,MasterCard,Starbucks,Success,yes
TX1033827,U9086,2405182534109967,1097.81,Mumbai,2024-04-25,01:28:23,MasterCard,Amazon,Success,no
TX2332178,U8226,1899065544262228,1981.42,Udaipur,2018-09-09,07:50:18,MasterCard,ExxonMobil,Success,no
TX1090180,U7658,7988737697602933,709.58,Goa,2023-11-05,03:57:51,RuPay,Apple Store,Success,no
TX8424437,U1572,5791673458420087,844.29,Udaipur,2022-06-12,17:46:46,Visa,ExxonMobil,Failed,no
TX1981505,U7837,7005900766481620,972.1,Kolkata,2018-12-03,09:08:27,American Express,Shell,Success,no
TX8762897,U7372,6604599947185606,1391.9,Hyderabad,2024-04-14,08:31:30,RuPay,Starbucks,Success,no
TX5900577,U3148,8064861356545165,1734.49,Mumbai,2022-06-14,00:45:49,Diners Club,Apple Store,Success,no
TX7953654,U998,0858394826391415,1462,Mumbai,2020-01-27,21:58:27,American Express,ExxonMobil,Success,no
TX9712255,U8071,4681659509865033,251.98,Udaipur,2019-04-29,17:10:02,Diners Club,Shell,Failed,yes
TX1882228,U6739,2318248032341655,1834.19,Udaipur,2021-06-25,12:26:40,Diners Club,Target,Success,no
TX9041029,U6223,7538771141083550,289.43,Mumbai,2018-04-29,15:09:22,Diners Club,Flipkart,Failed,no
TX5991327,U551,9115709880258506,359.72,Jaipur,2023-06-27,02:28:34,MasterCard,Target,Success,no
TX1828444,U6332,3206328083381781,954.26,Shillong,2020-03-14,20:19:26,Visa,Walmart,Success,no
TX7106371,U6706,4698506911456231,138.23,Goa,2021-05-28,22:58:27,Diners Club,Shell,Success,no
TX7539986,U4365,6272715069296073,153.52,Varanasi,2022-09-09,15:27:06,RuPay,McDonald's,Success,no
TX2706503,U4117,7074752670006325,423.48,Chennai,2021-08-06,19:50:11,RuPay,Apple Store,Success,no
TX6679451,U8472,1524049555818961,92.3,Chennai,2023-05-01,16:02:11,RuPay,Walmart,Success,no
TX5734812,U6903,8621173962028783,224.76,Kochi,2024-06-14,08:13:21,RuPay,Amazon,Success,no
TX5474709,U5580,3607862738824842,1198.26,Kochi,2024-02-10,06:46:19,Visa,Apple Store,Success,no
TX2932240,U8778,0039512388618490,869.24,Jaipur,2024-08-07,03:12:32,RuPay,Starbucks,Success,no
TX6490215,U8116,5903097408046969,1502.96,Mysore,2024-09-22,00:36:00,American Express,Target,Failed,yes
TX6378490,U479,7013394464533144,1525.89,Jaipur,2018-07-26,12:55:54,Visa,Walmart,Success,no
TX4263606,U9923,6169264056973622,1208.57,Shillong,2022-04-06,14:35:28,Diners Club,Apple Store,Success,no
TX4527806,U6627,4056927325492391,914.73,Kolkata,2019-06-28,20:15:24,MasterCard,Amazon,Success,no
TX3667195,U6631,7016936531854999,494.63,Hyderabad,2019-04-25,20:52:19,Diners Club,Target,Success,no
TX3811921,U4665,7415795981735476,1622.11,Delhi,2024-06-17,12:07:06,MasterCard,Apple Store,Success,no
TX9865648,U4789,7473816877582360,207.3,Delhi,2022-06-21,15:55:45,Diners Club,Apple Store,Success,no
TX8606626,U8009,9371941772163080,161.56,Kolkata,2021-09-11,08:32:03,Diners Club,Walmart,Success,no
TX4149571,U5721,8769091527336644,1667.33,Jaipur,2018-01-13,23:09:59,RuPay,Best Buy,Failed,no
TX5266806,U6235,2408040779426819,1778.81,Mysore,2018-02-26,23:28:58,Visa,Target,Success,no
TX4253744,U620,1542970618603867,1504.71,Hyderabad,2019-05-19,21:26:42,MasterCard,Apple Store,Success,no
TX4516550,U1507,5203829561548008,1276.19,Darjeeling,2024-08-23,11:47:39,American Express,Shell,Success,no
TX8656520,U8974,3390648877428093,1544.21,Varanasi,2021-12-20,13:53:52,MasterCard,Starbucks,Success,no
TX4832602,U3915,9774553388852595,1668.82,Chennai,2022-11-14,14:57:37,RuPay,Amazon,Success,no
TX8659956,U7157,3576156321976143,778.62,Chennai,2023-09-05,04:10:58,Diners Club,Flipkart,Success,no
TX7145370,U1586,6879102249178687,1328.61,Darjeeling,2024-03-31,06:46:06,Diners Club,Starbucks,Success,no
TX6424844,U4852,3321931193238432,768.69,Kochi,2018-10-08,05:01:24,RuPay,Apple Store,Success,yes
TX2601846,U9119,5458206045014952,1054.3,Mumbai,2022-08-22,10:27:51,American Express,Flipkart,Success,yes
TX2844188,U7668,1732834825849215,1653.15,Mysore,2021-11-18,08:52:15,American Express,Best Buy,Success,no
TX8695041,U2753,7947645189598070,1127.26,Jaipur,2021-01-22,16:10:09,American Express,Amazon,Success,no
TX5653978,U6408,6817142106527031,1425.48,Shillong,2025-05-11,20:27:43,Diners Club,ExxonMobil,Failed,no
TX6455636,U5542,3419435242669963,1668.75,Kochi,2024-05-15,01:41:56,American Express,McDonald's,Success,no
TX7324616,U8996,9384494657516250,1450.84,Mandya,2025-06-03,00:56:17,Diners Club,Shell,Failed,no
TX9355767,U454,6693087189445858,578.15,Kolkata,2018-07-13,08:10:54,Diners Club,Best Buy,Success,no
TX2557668,U2910,6529308958872084,68.02,Bangalore,2020-01-30,12:25:13,MasterCard,Amazon,Success,no
TX3564386,U6073,3948592113634077,1617.35,Leh,2020-04-01,12:35:53,MasterCard,Target,Success,no
TX6708366,U6843,0251485232807423,188.03,Hyderabad,2022-10-27,09:16:07,Diners Club,ExxonMobil,Success,yes
TX4331903,U9155,7121606828185338,863.19,Varanasi,2022-08-05,07:16:31,Visa,Starbucks,Success,no
TX2082786,U6214,9297219333595697,1079.28,Shillong,2018-12-28,09:57:19,Diners Club,Apple Store,Success,no
TX3475531,U4960,4813749356100040,1260.26,Mysore,2019-01-23,04:55:14,RuPay,Shell,Success,no
TX7428645,U2364,8579158640103489,1001.1,Kochi,2018-11-20,23:22:00,Diners Club,Walmart,Failed,no
TX8685708,U1643,7146154869812865,1929.12,Kochi,2022-07-05,05:21:29,RuPay,ExxonMobil,Success,no
TX9376059,U2115,2573372357799893,1012.41,Goa,2021-09-27,21:00:15,MasterCard,Shell,Failed,no
TX6388257,U4906,5537334036924172,192.39,Hyderabad,2025-06-12,16:51:17,MasterCard,Starbucks,Success,no
TX8959988,U1275,2377796001921732,260.99,Chennai,2020-08-08,15:00:17,Diners Club,McDonald's,Success,no
TX2091764,U4542,3652919677639376,1035.21,Darjeeling,2020-06-29,01:57:33,RuPay,Walmart,Success,yes
TX4787804,U1175,1316472664172429,314.92,Kolkata,2024-07-27,19:29:16,American Express,Target,Success,no
TX4250981,U7142,9528644652596289,144.96,Mysore,2019-10-07,10:30:24,Visa,Apple Store,Success,no
TX8269876,U1050,0502766655932358,637.17,Leh,2018-09-07,20:43:09,Visa,Starbucks,Failed,yes
TX3786721,U3266,6864773952731417,1115.02,Mumbai,2024-10-21,14:31:49,American Express,Shell,Success,no
TX3790735,U4135,1897589440970410,836.18,Mandya,2021-04-28,02:35:57,Diners Club,Target,Success,no
TX5372130,U5895,6076622440455651,873.4,Hyderabad,2020-05-26,10:16:18,MasterCard,Starbucks,Success,no
TX8692996,U6412,3530251015696343,1773.27,Leh,2022-08-17,04:28:26,Visa,Starbucks,Success,no
TX1279606,U149,0523229424359308,665.19,Varanasi,2022-05-16,18:24:20,MasterCard,Starbucks,Success,no
TX9405776,U7116,4732335615170794,850.29,Udaipur,2018-04-19,21:15:45,RuPay,Shell,Success,no
TX4175559,U7992,7341233120958052,1651.4,Shillong,2020-08-05,02:55:19,RuPay,Starbucks,Success,no
TX9913487,U7231,6581965694304710,1791.73,Hyderabad,2025-02-15,03:06:07,MasterCard,Target,Success,no
TX2903505,U1326,0173407786760425,1851.36,Udaipur,2024-12-02,15:46:33,RuPay,ExxonMobil,Success,yes
TX4216430,U2183,8128556331441041,1261.62,Kochi,2020-09-22,19:56:29,American Express,Shell,Failed,no
TX1531932,U8436,9228153480183376,346.14,Udaipur,2019-11-14,16:10:21,RuPay,McDonald's,Success,no
TX6690613,U7416,8603533288990404,399.41,Mumbai,2022-07-09,06:16:14,Diners Club,Walmart,Success,no
TX3676361,U4086,0869422741736634,1725.82,Mumbai,2021-05-13,08:05:23,MasterCard,Amazon,Success,yes
TX7314977,U1093,4095738319346330,1227.67,Bangalore,2018-08-20,04:01:33,American Express,Walmart,Success,no
TX9329532,U8150,4632007420739919,1963.15,Jaipur,2023-09-22,14:42:20,Visa,McDonald's,Success,no
TX7584269,U101,1076564742355471,1958.85,Chennai,2022-11-19,19:52:42,Visa,Amazon,Success,no
TX3622099,U2606,6729078358284155,1687.5,Darjeeling,2019-08-01,20:04:53,Visa,ExxonMobil,Success,no
TX7621323,U3444,7483155805710755,98.47,Varanasi,2019-04-06,06:47:04,Diners Club,McDonald's,Failed,no
TX9287487,U4452,2698510188128912,555.56,Jaipur,2024-08-30,20:46:51,Diners Club,Starbucks,Success,no
TX8986439,U2616,5931945257544294,1733.32,Goa,2021-08-02,17:59:08,RuPay,Apple Store,Success,no
TX1652631,U2551,6905880217234511,1070.39,Jaipur,2022-09-26,17:29:42,RuPay,ExxonMobil,Success,no
TX9373416,U7418,1282712675754923,1054.26,Hyderabad,2022-02-22,04:11:34,Visa,McDonald's,Success,no
TX1263087,U2137,2388178025548702,143.27,Jaipur,2024-06-04,20:05:43,MasterCard,Apple Store,Success,yes
TX5094312,U9915,9374997788170429,751.49,Leh,2018-12-14,20:26:01,MasterCard,Starbucks,Success,no
TX6948212,U5157,2183967066193150,631.31,Shillong,2018-11-27,01:44:58,American Express,Walmart,Success,no
TX3710722,U580,8226674488924600,1758.01,Kolkata,2019-01-03,06:37:52,American Express,Shell,Success,no
TX7700439,U8085,7925140480005008,1095.05,Goa,2022-08-01,02:46:17,Visa,Amazon,Success,yes
TX8069397,U5559,9051256362484744,740.77,Udaipur,2022-06-05,18:07:47,Visa,Target,Success,yes
TX2178737,U1451,0560808071044445,421.44,Mysore,2018-07-12,22:16:24,Diners Club,McDonald's,Success,no
TX8656684,U8243,9644956488198486,507.1,Delhi,2023-05-01,11:52:01,MasterCard,McDonald's,Success,no
TX6575927,U2115,8332416305568755,1976.94,Udaipur,2021-01-25,13:57:13,American Express,Best Buy,Success,no
TX6848707,U939,0331566949741666,1392.33,Udaipur,2019-09-30,01:50:55,MasterCard,Flipkart,Success,no
TX2643554,U3476,1484253010403248,1295.12,Kolkata,2022-03-02,21:39:58,Visa,Flipkart,Success,yes
TX2311497,U7315,0715615851548792,589.71,Kochi,2025-06-27,02:37:31,MasterCard,Best Buy,Success,no
TX1845522,U9765,8945793156674043,1735.38,Darjeeling,2024-10-04,10:19:06,RuPay,Target,Success,no
TX6864392,U1644,8986891231096537,1351.05,Chennai,2020-09-02,20:00:33,American Express,Starbucks,Success,no
TX9852234,U6852,9866277461214722,451.39,Chennai,2018-10-18,17:00:00,RuPay,Flipkart,Failed,no
TX3139520,U8137,6511540774983268,1298.45,Leh,2022-06-02,10:18:30,Diners Club,McDonald's,Success,no
TX9016140,U5199,8389981562765094,1033.65,Mumbai,2021-12-17,04:18:34,RuPay,Apple Store,Success,no
TX6569916,U8891,9180819073940699,1141.91,Chennai,2022-10-08,01:53:08,RuPay,Target,Success,no
TX9459714,U1788,1585715359644565,614.46,Goa,2020-04-26,02:33:50,Visa,Starbucks,Failed,no
TX6314470,U6269,1173377102245544,415.38,Kolkata,2020-12-30,15:09:18,American Express,Shell,Failed,yes
TX1167741,U935,6904813588241093,1327.91,Chennai,2021-12-03,10:23:16,MasterCard,Starbucks,Success,yes
TX4884161,U8363,7781519846403605,1656.56,Shillong,2023-01-10,17:36:19,MasterCard,Apple Store,Success,no
TX1032628,U5253,9390598411324532,603.52,Mysore,2020-12-19,17:59:54,RuPay,Apple Store,Success,no
TX6326768,U5797,5893982639119255,937.33,Delhi,2018-12-16,15:27:01,RuPay,Flipkart,Success,no
TX9008853,U8058,2892843330991246,544.09,Kolkata,2021-06-30,21:30:55,American Express,Flipkart,Success,no
TX7344845,U2871,0957260200975201,1709.73,Hyderabad,2021-07-01,20:24:07,American Express,Best Buy,Success,no
TX9044926,U7613,9146530481977577,577.81,Shillong,2020-06-13,01:25:54,Visa,Walmart,Failed,no
TX2621686,U5691,8408672992892178,1828.1,Jaipur,2022-06-15,01:13:56,American Express,McDonald's,Failed,no
TX8759410,U879,5652239143892259,1371.13,Bangalore,2021-08-14,14:58:52,American Express,Walmart,Success,no
TX4974800,U4505,2468193741853293,1172.47,Kochi,2024-08-16,03:08:21,American Express,Walmart,Success,no
TX7744115,U284,7095604969050709,1233.62,Hyderabad,2020-01-22,14:39:10,RuPay,Apple Store,Success,no
TX5881250,U5171,2787856266835311,1902.69,Udaipur,2018-03-02,01:28:11,American Express,Starbucks,Success,no
TX9794535,U7157,5470056233367181,882.74,Goa,2018-09-05,23:30:59,MasterCard,Best Buy,Success,no
TX8507272,U7469,1953433145909993,413.35,Varanasi,2023-03-03,13:46:09,MasterCard,Amazon,Success,no
TX7426183,U8205,5628293645539442,843.39,Mysore,2021-06-12,07:57:19,Visa,Amazon,Success,no
TX5922132,U8818,5623526083790654,1280.65,Delhi,2024-12-30,03:19:24,MasterCard,Best Buy,Success,yes
TX8465032,U1530,2938163455853096,1599.67,Bangalore,2018-04-25,22:13:36,RuPay,Starbucks,Success,no
TX5517582,U9980,7370374316561375,645.27,Shillong,2023-06-09,16:14:24,Diners Club,Target,Success,yes
TX2981887,U202,5016517876057992,878.01,Leh,2022-07-02,16:16:56,Diners Club,Walmart,Success,no
TX1278949,U7133,0047564315271209,1187.04,Varanasi,2019-11-30,00:06:50,Visa,Shell,Success,yes
TX7601398,U8163,6263201088880568,730.73,Hyderabad,2019-10-12,08:58:50,MasterCard,Amazon,Success,no
TX1292913,U6944,6880870612513211,1690.86,Varanasi,2024-04-26,01:26:35,RuPay,Best Buy,Success,no
TX5614733,U8926,2195062940473436,1644.18,Hyderabad,2020-09-28,19:02:23,American Express,Target,Success,no
TX3026335,U737,3758315361664865,641.08,Kochi,2020-05-17,22:05:50,Visa,Apple Store,Success,no
TX8533896,U2767,2949955198924782,607.91,Chennai,2019-09-23,20:45:57,RuPay,Apple Store,Success,yes
TX1315666,U4350,6340335183710927,242.44,Shillong,2018-10-25,09:15:22,Diners Club,Starbucks,Success,no
TX4356297,U8704,5639741895875932,556.34,Udaipur,2021-10-28,04:45:44,RuPay,Walmart,Success,yes
TX6958323,U3174,5415218084608145,426.07,Kochi,2019-06-22,14:33:31,RuPay,Target,Success,no
TX6059740,U132,6134406767385948,1351.83,Mysore,2020-04-30,19:25:43,American Express,Shell,Success,no
TX5702018,U6714,1502839257440102,726.16,Udaipur,2024-07-06,14:02:21,American Express,Best Buy,Success,no
TX7477203,U2677,9592730747650983,467.88,Bangalore,2021-06-12,19:41:45,American Express,Walmart,Failed,no
TX7946322,U1706,8083724509874708,117.47,Goa,2022-03-14,14:24:12,Visa,Flipkart,Success,yes
TX4792070,U7782,3065502383244502,394.59,Mandya,2019-11-01,16:56:49,Diners Club,Target,Success,no
TX1446751,U7135,0490400513933284,1106.85,Delhi,2020-05-04,12:21:41,RuPay,Apple Store,Failed,no
TX7445266,U2187,0567516455048278,1194.41,Udaipur,2023-09-21,04:32:43,RuPay,Best Buy,Success,no
TX5818891,U2097,3034067171542525,1141.01,Hyderabad,2025-03-12,04:37:50,RuPay,Starbucks,Success,no
TX4273804,U6505,6043929709041747,390.17,Delhi,2024-03-29,18:13:12,Diners Club,ExxonMobil,Success,no
TX6520700,U1038,8245352794959227,749.02,Bangalore,2024-01-17,17:17:23,Diners Club,ExxonMobil,Failed,no
TX1117926,U3711,4785095629972112,796.69,Darjeeling,2023-11-19,20:32:30,Visa,Starbucks,Success,no
TX7764237,U4630,9677501813955862,909.63,Kochi,2019-11-30,15:10:35,Visa,Shell,Success,no
TX8787616,U6661,2994430309822123,1057.23,Kochi,2018-12-19,07:05:20,Diners Club,McDonald's,Success,no
TX3112580,U9117,1145893956445685,708.87,Kolkata,2018-11-16,15:36:23,Diners Club,Shell,Failed,no
TX3381799,U3918,3409687698556134,630.29,Hyderabad,2024-08-14,11:35:23,American Express,Amazon,Success,no
TX2135906,U8610,8739202212526034,855.17,Chennai,2020-05-02,23:57:23,RuPay,Flipkart,Success,no
TX9118676,U7635,1668613184091171,328.67,Mumbai,2020-08-31,03:19:58,American Express,Walmart,Success,yes
TX9364467,U1425,2898661135859132,1571.85,Goa,2024-04-29,04:38:33,MasterCard,ExxonMobil,Success,yes
TX3517420,U4629,3755821864589481,776.68,Hyderabad,2023-10-12,03:59:26,MasterCard,Shell,Success,no
TX7640913,U8140,4014244799189339,1875.4,Bangalore,2022-12-14,21:06:01,Visa,McDonald's,Success,yes
TX5543070,U2624,1683129911688308,129.69,Delhi,2018-10-26,18:24:47,RuPay,Amazon,Success,no
TX1849423,U1358,7250203191004629,1058.69,Varanasi,2021-03-07,03:48:25,Visa,Flipkart,Success,no
TX2635099,U8871,1314720227036971,468.52,Hyderabad,2022-07-08,11:09:50,American Express,Starbucks,Success,no
TX7931027,U1171,6134817227489632,1658.16,Kolkata,2021-08-03,01:11:44,American Express,Best Buy,Success,no
TX8344348,U8076,8316658374556926,151.22,Varanasi,2019-07-08,18:55:39,Visa,Best Buy,Success,no
TX4986143,U5285,7530834325400130,708.45,Chennai,2020-12-13,12:01:30,Diners Club,McDonald's,Success,yes
TX7384266,U5655,5546580432444013,1600.03,Jaipur,2020-05-27,03:02:24,Diners Club,Target,Success,yes
TX6170263,U4397,7379490311201280,1192.5,Hyderabad,2019-03-24,05:27:20,RuPay,Walmart,Success,no
TX9265224,U5026,4773932018654343,519.5,Chennai,2019-08-20,18:52:05,MasterCard,Target,Success,no
TX3701955,U7195,4634601341791524,1930.32,Kochi,2021-03-30,22:19:04,Diners Club,ExxonMobil,Success,no
TX9312655,U9838,7301204807283093,98.68,Delhi,2022-03-30,03:42:06,American Express,Walmart,Success,no
TX9896984,U5447,4567768891878158,1594.84,Udaipur,2018-05-27,03:00:52,Diners Club,Target,Success,no
TX1811963,U2275,3034028233497899,554.79,Udaipur,2018-04-21,21:59:38,Diners Club,Apple Store,Success,no
TX7550506,U9179,6577674299213290,1453.42,Bangalore,2018-07-13,06:59:04,RuPay,Starbucks,Success,no
TX7269234,U7185,1234978132501049,1275.55,Mandya,2024-01-26,23:59:19,Diners Club,Starbucks,Success,no
TX6844066,U4807,7228692340911524,1791.91,Shillong,2023-01-24,07:54:32,RuPay,McDonald's,Success,no
TX8784182,U5035,4289473389123181,1968.48,Jaipur,2018-08-06,19:56:01,RuPay,Best Buy,Success,no
TX1884593,U9981,4886246398873117,705.35,Delhi,2020-01-29,16:29:47,American Express,Walmart,Success,yes
TX4732713,U2697,5138985359153037,596.72,Hyderabad,2018-10-25,13:39:52,Diners Club,Walmart,Success,no
TX7583924,U3214,5107030289232669,1933.06,Kolkata,2022-01-26,06:06:49,MasterCard,Starbucks,Success,no
TX7249142,U1702,5303244887392530,534.2,Goa,2022-04-30,05:01:54,RuPay,Best Buy,Success,no
TX4185223,U4731,1222706356640688,1885.56,Jaipur,2018-11-08,20:43:06,MasterCard,McDonald's,Success,no
TX1709007,U9631,2106875954141554,1305.55,Jaipur,2020-01-18,15:32:32,MasterCard,ExxonMobil,Success,yes
TX7425065,U3409,3251138201813745,1755.13,Mysore,2019-06-08,12:32:40,Diners Club,Walmart,Success,no
TX3551012,U651,8308685651102701,902.89,Kochi,2019-05-22,23:26:54,American Express,McDonald's,Success,no
TX9579874,U2909,4512137827367846,188.28,Kolkata,2018-09-07,13:18:08,MasterCard,ExxonMobil,Success,no
TX2235787,U5567,4736175204034781,408.53,Mysore,2023-02-17,16:17:57,Visa,Apple Store,Success,no
TX1540821,U3169,0001787207724122,1248.06,Goa,2019-05-23,04:04:41,Diners Club,Amazon,Success,no
TX4233504,U7071,8117265240081758,141.8,Delhi,2018-03-24,03:35:35,Visa,Starbucks,Failed,yes
TX9576531,U6709,1738088043152868,568.66,Hyderabad,2019-06-01,03:19:17,Diners Club,ExxonMobil,Success,no
TX7350538,U5857,6071332753487928,1229.84,Hyderabad,2018-02-11,01:47:33,American Express,Flipkart,Failed,no
TX3269436,U5430,5024523928993163,636.44,Shillong,2019-10-09,03:17:24,Diners Club,McDonald's,Success,no
TX1591236,U2114,6569439567686771,1993.99,Goa,2019-05-20,13:30:02,MasterCard,Flipkart,Success,no
TX3647657,U2559,7666624452075351,1010.68,Goa,2018-05-27,01:20:39,MasterCard,ExxonMobil,Success,no
TX5220096,U9452,2542082739066627,309.08,Udaipur,2021-09-15,03:53:31,American Express,Starbucks,Success,no
TX9170617,U2292,2767601994834804,1943.55,Chennai,2024-04-29,18:20:24,Visa,Apple Store,Success,yes
TX9304626,U5729,6472748333815328,1674.04,Jaipur,2021-09-05,23:53:10,Diners Club,McDonald's,Success,yes
TX4792393,U1329,3954370340353031,1522.61,Darjeeling,2020-06-29,06:16:08,MasterCard,Amazon,Success,no
TX2924510,U3741,3283434496394788,615.1,Mysore,2023-04-01,04:29:28,MasterCard,Starbucks,Failed,no
TX7574849,U8146,9335082095945394,1058.04,Leh,2019-06-04,19:07:21,RuPay,Walmart,Success,no
TX8319379,U5454,1954128366854089,1910.31,Varanasi,2024-09-18,04:13:11,RuPay,Apple Store,Success,no
TX2766685,U7796,0693943269133478,458.95,Darjeeling,2018-05-17,18:53:10,American Express,Amazon,Success,no
TX7798688,U888,7949622540238120,728.24,Jaipur,2022-02-08,00:52:03,Visa,ExxonMobil,Success,yes
TX2083015,U6185,0622983388191664,1595.16,Hyderabad,2024-08-05,20:45:35,MasterCard,McDonald's,Success,no
TX6036680,U8144,5009746515981252,1902.32,Shillong,2023-03-16,10:17:51,MasterCard,Flipkart,Success,no
TX5155851,U7308,4247090972965283,418.67,Bangalore,2019-10-15,08:32:55,Visa,Apple Store,Success,no
TX3099911,U9068,6784921133214374,1305.68,Udaipur,2022-11-18,18:23:27,MasterCard,Amazon,Success,no
TX1783230,U4696,5644934577296340,1020.36,Goa,2018-01-19,05:23:21,Visa,ExxonMobil,Success,no
TX1706361,U5501,1231635652449707,1828.97,Darjeeling,2020-01-26,10:54:46,MasterCard,Amazon,Success,no
TX9354592,U4898,3792123691003802,1211.57,Kochi,2023-02-12,04:10:52,American Express,Starbucks,Success,no
TX1014451,U7346,4033309789004901,1418.42,Delhi,2024-08-18,18:45:52,Diners Club,Target,Failed,no
TX7004525,U2526,6510909444738758,1847.84,Chennai,2020-12-16,17:26:56,RuPay,Target,Success,no
TX1423104,U4874,0448047816395265,610.13,Kochi,2018-02-07,09:41:11,Visa,ExxonMobil,Success,yes
TX5310016,U1515,4486238306670479,257.27,Varanasi,2021-06-01,23:00:12,Visa,Amazon,Success,no
TX5806706,U9151,3810126337145689,20.27,Bangalore,2018-03-10,07:02:06,Diners Club,Starbucks,Success,no
TX2813657,U6465,1128077957225757,1828.34,Mandya,2021-12-13,23:05:34,MasterCard,McDonald's,Success,yes
TX6220010,U1548,5882392930621965,1694.81,Jaipur,2024-08-13,18:03:13,American Express,Best Buy,Success,no
TX3783097,U3048,2152489470927192,977.42,Shillong,2023-08-30,11:10:25,Diners Club,Walmart,Success,yes
TX3564443,U6935,2999867583897436,1314.02,Kochi,2021-07-08,13:26:43,Diners Club,Walmart,Success,no
TX9667750,U6381,8427251611077910,1295.07,Udaipur,2018-06-13,07:50:49,Diners Club,Best Buy,Success,no
TX5816967,U7814,1444085565080168,1702.98,Jaipur,2024-05-25,05:32:16,American Express,McDonald's,Success,no
TX8390760,U2340,3732352157512918,1135.39,Leh,2019-01-14,05:01:18,RuPay,Amazon,Success,no
TX2963027,U1997,2778372050212666,226.33,Jaipur,2021-09-18,01:28:16,MasterCard,Apple Store,Success,no
TX2074130,U3319,9932022537768480,1603.82,Chennai,2021-02-22,11:24:59,RuPay,Apple Store,Success,yes
TX3883549,U4857,5649223901770695,515.95,Goa,2021-04-01,11:57:13,RuPay,Target,Success,no
TX8031962,U7372,8119895735213515,1793.34,Kochi,2024-04-21,11:32:37,Visa,Amazon,Success,no
TX6872076,U866,5009954061873236,1668.28,Hyderabad,2021-07-31,05:54:13,Visa,Best Buy,Success,no
TX7498942,U1491,7076927850168792,305.66,Mysore,2020-07-16,15:35:26,MasterCard,Apple Store,Success,no
TX7290133,U2634,3821324143422760,537.28,Delhi,2018-12-31,22:16:34,Visa,Starbucks,Failed,no
TX6339088,U5881,4858780737422099,1228.54,Hyderabad,2025-03-03,10:59:19,Diners Club,McDonald's,Success,yes
TX3969638,U6597,1525921598751786,1873.28,Jaipur,2024-07-23,11:41:04,American Express,ExxonMobil,Success,no
TX5142772,U8276,9804745953631931,1487.72,Hyderabad,2023-09-13,14:57:04,Visa,Flipkart,Success,no
TX4376847,U1569,5756008623748794,1248.92,Mysore,2021-11-19,05:02:32,Visa,Starbucks,Success,no
TX6653877,U7865,7436908592903874,871.1,Mysore,2021-11-09,23:04:08,Diners Club,Best Buy,Success,no
TX2523491,U3552,5218227907817443,1787.58,Shillong,2022-06-29,17:57:43,MasterCard,ExxonMobil,Success,no
TX9054441,U6901,8900932827741007,190.3,Kolkata,2021-06-20,15:59:33,Visa,Walmart,Success,no
TX7562286,U4875,6513473705661001,1566.91,Chennai,2024-09-08,04:56:27,American Express,Walmart,Failed,no
TX6955844,U1326,0892551651049553,875.36,Darjeeling,2023-08-04,14:44:29,RuPay,Best Buy,Success,no
TX3300350,U8030,3966432011471403,1057.57,Jaipur,2020-05-14,03:35:29,Visa,Flipkart,Success,no
TX4503236,U5873,3078644037695904,1731.49,Kolkata,2021-08-27,06:07:38,Visa,Apple Store,Success,no
TX4635314,U2314,3118423145130301,195.72,Kochi,2021-01-12,07:40:55,RuPay,Target,Failed,no
TX7646224,U9590,7116872162373096,1870.79,Darjeeling,2023-10-16,22:25:23,RuPay,Amazon,Success,no
TX3775086,U1569,3830946697844540,283.11,Chennai,2022-06-20,14:45:11,MasterCard,Best Buy,Success,no
TX6488879,U6207,3358093598193238,721.76,Chennai,2020-07-23,08:26:35,Diners Club,Amazon,Success,yes
TX8643744,U8379,5303936376018925,295.21,Mandya,2023-01-01,21:58:39,American Express,ExxonMobil,Success,yes
TX8106599,U7166,0005634333980999,1834.95,Goa,2021-02-26,12:18:02,Diners Club,McDonald's,Success,no
TX6721661,U24,8513752119867719,928.51,Goa,2024-08-01,02:48:44,RuPay,Apple Store,Success,no
TX8538337,U955,0759358071560233,358.34,Delhi,2024-01-03,02:31:50,American Express,Apple Store,Success,no
TX9309797,U7816,3890183486534348,1799.84,Kochi,2021-04-18,19:16:03,American Express,Apple Store,Failed,no
TX7777604,U8639,7756402983611541,873.24,Darjeeling,2019-11-17,23:29:58,MasterCard,McDonald's,Success,no
TX6982757,U6497,4022569571372852,1324.25,Goa,2024-12-29,15:02:37,Diners Club,Apple Store,Success,no
TX4732611,U9322,5269489048566210,399.71,Mandya,2020-01-03,12:44:54,Visa,McDonald's,Success,no
TX9081129,U942,4382879753441224,1232.65,Hyderabad,2018-12-22,04:52:32,Diners Club,Best Buy,Success,no
TX5107111,U672,7251915887325041,1417.47,Kolkata,2020-06-07,22:04:02,Diners Club,Apple Store,Success,yes
TX6340168,U6556,7700735225685033,204.68,Mumbai,2019-08-24,08:54:01,Visa,McDonald's,Success,no
TX4318309,U2510,1980902990130163,1788.54,Shillong,2019-09-09,23:55:07,Visa,Walmart,Success,no
TX2178401,U3237,7068878636573875,825.27,Leh,2021-05-13,08:14:22,American Express,Target,Success,no
TX8727960,U6043,6340813712245749,526.32,Kochi,2024-03-20,18:33:27,RuPay,Amazon,Success,no
TX5305459,U5963,0124016825158130,188.27,Mysore,2023-11-29,10:53:50,American Express,Target,Success,no
TX1781480,U842,9202068803823311,1097.11,Varanasi,2018-12-01,01:19:00,Diners Club,McDonald's,Success,no
TX8788898,U4174,0734574991708264,970.86,Udaipur,2020-08-24,05:40:26,American Express,Walmart,Success,no
TX7840865,U950,6521869376665553,1098.96,Varanasi,2018-09-26,05:46:29,RuPay,Best Buy,Success,no
TX5976300,U7516,5986931034176103,81.64,Jaipur,2018-10-03,03:46:06,Visa,Flipkart,Success,no
TX2834092,U4669,7063266838489978,1885.5,Darjeeling,2022-10-13,00:37:30,MasterCard,Target,Success,no
TX6783416,U5939,5143645484916967,1681.67,Chennai,2019-04-25,22:46:07,RuPay,McDonald's,Success,yes
TX6282872,U2251,0699231777329690,391.15,Kochi,2025-03-09,03:35:55,American Express,Shell,Success,no
TX8753072,U9016,2914629725406891,1926.57,Leh,2025-05-12,02:08:09,Visa,Flipkart,Success,no
TX9020230,U5472,9182595520613520,1781.94,Mysore,2019-09-22,23:04:23,Visa,Walmart,Success,no
TX3244277,U4545,2898324957020491,862.87,Mumbai,2023-06-20,07:10:22,RuPay,Starbucks,Failed,no
TX3071993,U5270,0946545014418670,156.97,Varanasi,2024-04-25,20:44:59,American Express,Shell,Success,no
TX1141995,U2333,9290560925665912,1670.93,Darjeeling,2025-06-17,03:17:36,Diners Club,Target,Success,no
TX2503243,U2687,2451684059185089,1873.49,Goa,2020-12-11,03:45:53,Visa,Apple Store,Success,no
TX7694315,U9448,3530756533602864,782.13,Goa,2022-11-16,11:35:26,Visa,Walmart,Success,no
TX4392404,U8238,5225311423689687,1079.21,Kolkata,2023-10-19,15:23:21,Visa,McDonald's,Success,no
TX9378724,U6158,7114877108399257,381.61,Mumbai,2023-01-03,16:52:34,American Express,Starbucks,Failed,yes
TX4940399,U7129,2382782315510674,1654.14,Kolkata,2024-03-03,17:46:08,American Express,Walmart,Success,yes
TX5000425,U7820,2194784676722325,687.32,Mumbai,2019-06-26,20:26:35,MasterCard,Flipkart,Success,no
TX5340493,U4200,1512557660241941,1998.85,Bangalore,2024-01-15,05:42:43,Diners Club,Starbucks,Failed,no
TX7270415,U1886,4758649383676372,1977.52,Mumbai,2023-03-29,03:35:27,RuPay,Starbucks,Success,no
TX3674326,U9358,4336846128901757,539.76,Goa,2019-12-30,17:56:12,American Express,Apple Store,Success,yes
TX7164521,U3081,1943921808393624,153.29,Udaipur,2021-10-14,09:44:48,RuPay,ExxonMobil,Failed,no
TX5103864,U177,4489891999324366,736.01,Goa,2024-06-02,07:58:04,Diners Club,McDonald's,Success,no
TX8952599,U180,3177627462905616,1268.03,Goa,2022-08-28,07:20:47,Diners Club,Walmart,Success,no
TX3912795,U8687,4544108826029892,1873.88,Leh,2024-04-17,03:51:44,American Express,Flipkart,Success,no
TX5241306,U4169,7683848134998502,1245.97,Mumbai,2018-08-20,10:18:54,MasterCard,Walmart,Success,no
TX3199172,U8994,6702394514046182,434.84,Kochi,2023-07-14,06:08:23,American Express,McDonald's,Success,no
TX7925431,U7205,7296379101090415,792.52,Mumbai,2021-11-27,09:34:37,MasterCard,McDonald's,Success,yes
TX7179109,U2257,8372713243634349,549.62,Darjeeling,2018-04-09,00:41:10,RuPay,Amazon,Success,no
TX6633486,U518,3484668862775449,399.06,Kolkata,2022-08-08,05:19:57,MasterCard,Apple Store,Failed,no
TX2703850,U6737,9057618086012115,195.27,Darjeeling,2025-03-21,04:42:22,RuPay,Amazon,Success,no
TX7762101,U4344,4850797435830809,570.37,Leh,2022-08-11,04:57:18,American Express,Best Buy,Success,no
TX6233652,U9409,5384184688062311,1561.93,Shillong,2020-11-15,15:54:03,American Express,Shell,Failed,no
TX3420965,U8003,7874527123214518,572.75,Darjeeling,2019-07-17,06:19:39,RuPay,Shell,Success,no
TX5458258,U6263,7976988329202207,1636.58,Bangalore,2021-07-16,00:21:08,American Express,McDonald's,Success,no
TX1044093,U2778,9373186290685643,1046.1,Delhi,2024-05-29,06:16:19,Diners Club,Target,Success,no
TX1922118,U9729,5762081817214780,200.26,Kochi,2024-08-19,08:53:10,American Express,Best Buy,Success,yes
TX2042138,U7253,5565954309698329,1598.38,Darjeeling,2021-06-04,21:59:03,American Express,ExxonMobil,Failed,no
TX3790209,U9455,8688386187449268,1540.07,Kochi,2018-07-09,19:41:11,American Express,Amazon,Success,no
TX5970976,U636,7443587561632150,360.12,Kochi,2022-10-23,22:04:50,Diners Club,Walmart,Success,yes
TX7798886,U6040,0014397349818738,520.95,Jaipur,2020-12-31,13:36:29,MasterCard,Flipkart,Failed,no
TX2570038,U6928,6136407465145469,291.85,Leh,2020-07-10,11:48:25,RuPay,Shell,Success,yes
TX8311559,U1069,6471692662073731,1973.94,Hyderabad,2019-03-29,17:20:36,Diners Club,Shell,Success,no
TX8878305,U4072,3961308736716654,1741.94,Kolkata,2020-05-09,05:11:53,Diners Club,Walmart,Failed,no
TX9083240,U1681,8803833495222358,561.74,Kolkata,2019-10-29,06:13:07,American Express,Amazon,Success,yes
TX2456656,U1713,4553649418139111,1578.48,Varanasi,2023-02-06,11:10:43,MasterCard,Flipkart,Success,no
TX3925019,U5773,0201070955724928,864.29,Mumbai,2022-06-27,10:33:19,American Express,ExxonMobil,Failed,no
TX3878368,U8055,1840973234186300,473.93,Chennai,2021-05-12,18:01:36,MasterCard,Shell,Success,no
TX3259775,U6300,3290223885860427,1165.1,Leh,2021-09-28,20:43:13,RuPay,Best Buy,Success,yes
TX7768177,U814,0801986785285113,220.02,Leh,2018-01-02,15:32:25,American Express,Amazon,Success,no
TX5484782,U2605,1910497092856044,111.63,Shillong,2022-12-27,06:43:39,Diners Club,Target,Failed,no
TX3976532,U2126,0310403431202342,1196.73,Mandya,2021-07-23,02:44:52,Diners Club,Walmart,Success,no
TX7030472,U4473,2426426636046909,1578.23,Leh,2022-01-31,18:44:01,RuPay,McDonald's,Failed,no
TX6795426,U9307,9347056843550824,971.75,Leh,2019-03-05,17:00:47,American Express,Starbucks,Success,no
TX9305770,U2417,5610072806393835,1439.06,Bangalore,2022-09-10,04:56:39,MasterCard,Starbucks,Failed,no
TX1027117,U7322,4774070956528296,443.4,Varanasi,2019-05-17,04:50:15,MasterCard,Flipkart,Success,no
TX4421727,U848,4066129922486594,736.66,Jaipur,2018-12-17,00:31:23,RuPay,Starbucks,Success,no
TX8188115,U3354,9975532885312963,941.16,Mandya,2022-10-10,02:28:13,Visa,Best Buy,Success,no
TX9831187,U9243,4282787765275740,1568.99,Kochi,2024-04-28,23:47:58,Visa,Starbucks,Success,no
TX2601544,U1139,6921294193973904,876.85,Hyderabad,2018-01-27,14:32:35,Diners Club,Shell,Success,no
TX4924191,U9014,9277797223225233,283.95,Mandya,2023-04-22,00:51:56,RuPay,Starbucks,Success,no
TX9119539,U7802,2581773852652497,244.59,Shillong,2023-07-27,12:49:39,Diners Club,Starbucks,Success,no
TX6386133,U3418,2500122495184340,1806.19,Darjeeling,2018-08-05,13:04:30,RuPay,Shell,Success,no
TX4605616,U8614,2287255790358691,1147.12,Delhi,2018-04-15,01:28:39,American Express,Target,Success,yes
TX2766700,U5673,1246523397358880,235.7,Jaipur,2023-07-10,10:22:16,Diners Club,Target,Failed,no
TX8351643,U1235,5330071879334319,577.41,Shillong,2024-07-03,18:55:20,MasterCard,ExxonMobil,Success,no
TX4450657,U3307,5749480332440191,1370.2,Mysore,2021-11-12,12:44:55,Diners Club,ExxonMobil,Success,no
TX5470159,U5847,1764414760731928,705.37,Kolkata,2023-11-17,13:43:17,MasterCard,Best Buy,Success,no
TX4304361,U6445,6024879638224910,1570.92,Goa,2023-04-28,17:22:45,American Express,Walmart,Success,no
TX2386357,U7803,5173981967500695,1439.54,Delhi,2022-12-15,20:54:47,Visa,Amazon,Success,no
TX3473264,U4406,6579511203256209,1514.11,Mysore,2021-11-25,17:51:49,RuPay,Shell,Success,no
TX8307290,U662,5846939640036842,927.12,Kochi,2023-09-22,18:21:06,American Express,Apple Store,Success,no
TX2451756,U762,8260597989192238,1541.44,Delhi,2019-10-24,08:42:43,American Express,Shell,Success,no
TX4373785,U9499,2893114122296427,1516.07,Bangalore,2022-12-29,00:44:47,RuPay,Amazon,Success,no
TX9626509,U7278,3517814195915103,968.39,Mumbai,2021-03-06,05:11:46,MasterCard,Flipkart,Failed,no
TX2771462,U4345,9489989366059877,1675.43,Mysore,2021-04-19,19:44:26,RuPay,Amazon,Success,no
TX5483666,U8287,0506886150475286,1973.98,Udaipur,2019-02-25,01:23:29,Visa,Shell,Success,yes
TX4695414,U6434,0662885902722597,289.99,Kochi,2024-09-30,20:25:30,Visa,Shell,Success,yes
TX5891449,U8421,6851785171056279,1899.24,Mandya,2019-02-16,02:31:20,Visa,ExxonMobil,Success,no
TX6613922,U42,0199713988929689,35.12,Jaipur,2021-12-04,08:42:49,Visa,Target,Success,no
TX4564798,U6975,0834998538875879,1238.02,Mumbai,2018-03-10,03:26:41,Diners Club,Starbucks,Success,no
TX5875318,U6519,7389096545828387,851.72,Goa,2023-06-10,03:08:17,MasterCard,Best Buy,Success,no
TX9545206,U5999,6567669574491176,1338.37,Darjeeling,2023-02-22,23:30:54,RuPay,Amazon,Failed,no
TX4652392,U7847,2960562255273385,1513.79,Mumbai,2024-09-27,04:44:32,American Express,Target,Success,no
TX5965233,U8264,3657787613006876,221.31,Goa,2021-09-04,00:14:58,Visa,Shell,Success,yes
TX9172076,U1811,1707973571959505,1836.47,Leh,2021-03-09,11:21:21,American Express,Best Buy,Failed,no
TX7403805,U6967,8873948927624824,816.44,Darjeeling,2023-05-15,12:05:48,Visa,Target,Success,no
TX6688515,U128,7906831918422345,1234.37,Darjeeling,2022-01-07,10:07:22,Diners Club,McDonald's,Failed,no
TX9871656,U6415,9169985216810563,1431.85,Delhi,2021-09-25,04:27:12,Visa,Target,Failed,no
TX9540529,U2941,5936122264483973,1596.67,Kochi,2022-03-03,14:23:46,Diners Club,Best Buy,Success,no
TX2617531,U363,1986789104790203,43.4,Leh,2018-01-25,00:52:23,Diners Club,McDonald's,Success,yes
TX4647765,U4829,9232392731687765,796.56,Mumbai,2021-03-29,00:40:21,American Express,Starbucks,Success,no
TX2718538,U8022,0488902923686095,1450.51,Darjeeling,2021-05-07,15:07:16,American Express,ExxonMobil,Failed,no
TX2919795,U7808,2781004346782947,843.53,Chennai,2024-09-02,03:59:42,American Express,Amazon,Success,yes
TX5617039,U7154,5294200246494700,1268.27,Mysore,2024-10-08,06:09:01,American Express,Apple Store,Success,no
TX8886030,U2754,9621701653572720,1059.77,Hyderabad,2021-03-21,08:32:21,American Express,Flipkart,Success,yes
TX6249181,U403,4348432358234634,1082.05,Leh,2020-08-16,07:09:49,Visa,Target,Failed,no
TX6538457,U5942,9194700395400823,368.92,Darjeeling,2023-09-21,04:17:48,Diners Club,Amazon,Success,no
TX8416523,U7563,7759684282555062,600.79,Shillong,2022-05-31,13:22:14,Diners Club,Shell,Success,no
TX2087076,U2060,1988232532272721,1866.62,Jaipur,2018-07-01,20:38:33,Visa,Apple Store,Success,no
TX6822935,U337,4746910429661924,1346.02,Jaipur,2025-05-16,22:22:42,MasterCard,Starbucks,Success,no
TX5414984,U7436,5861956807522990,1065.22,Mumbai,2020-10-25,16:19:51,MasterCard,Starbucks,Success,no
TX6954223,U5555,9125500111899107,1263.37,Mumbai,2020-07-08,20:04:18,Visa,Best Buy,Success,no
TX5903809,U5445,8683441276329779,1941.21,Shillong,2022-11-25,14:52:07,RuPay,Walmart,Failed,no
TX2446682,U503,7790337137334779,1285.98,Shillong,2018-08-01,23:01:10,Diners Club,Shell,Success,no
TX7631955,U3964,5225401718937181,749.68,Goa,2018-07-16,23:55:43,RuPay,McDonald's,Success,yes
TX4815804,U7110,6013531818856819,483.87,Goa,2022-12-03,17:11:54,Diners Club,Starbucks,Failed,no
TX2920527,U7559,9660746333149354,1204.5,Kochi,2023-07-02,23:08:48,Diners Club,Best Buy,Failed,yes
TX3038550,U7597,1562810583852549,1862.85,Chennai,2025-05-02,10:22:56,Diners Club,McDonald's,Success,no
TX9746354,U4102,0059668459531742,870.19,Goa,2025-01-12,07:11:08,Visa,Starbucks,Success,no
TX7990357,U6393,4602106188243661,770.84,Mandya,2018-10-18,12:13:36,Diners Club,Starbucks,Success,no
TX6673334,U1547,4644087928703100,1157.96,Varanasi,2021-03-17,11:17:17,American Express,Starbucks,Success,no
TX5870686,U3441,1202245496657368,1547.87,Bangalore,2018-07-20,13:53:44,Diners Club,Target,Success,no
TX1423155,U2059,1539426760451545,927.91,Varanasi,2022-11-12,09:18:04,MasterCard,Walmart,Success,no
TX1850059,U1145,5680426519259764,626.04,Mysore,2020-12-04,11:11:35,RuPay,Target,Success,no
TX2685522,U1595,9942992925906908,1399.54,Hyderabad,2022-12-23,06:49:07,MasterCard,Starbucks,Success,no
TX8377034,U3615,9753077366621225,1104.81,Goa,2019-08-05,18:08:02,RuPay,Shell,Success,no
TX3027349,U8067,8162970085128494,949.26,Mandya,2019-01-01,08:15:55,MasterCard,Best Buy,Success,no
TX1236546,U9682,7391377994568363,445.75,Mysore,2023-03-18,08:10:12,RuPay,Starbucks,Success,no
TX8229816,U410,4026219333015545,820.28,Kochi,2024-11-02,07:23:43,Diners Club,McDonald's,Success,no
TX7641965,U6251,7390664174995090,931.1,Delhi,2021-08-14,07:02:18,American Express,Shell,Success,no
TX7695809,U8219,4485396227350368,386.39,Delhi,2020-11-23,16:29:10,Visa,Amazon,Success,no
TX1027913,U1899,3279920171775773,1344.09,Goa,2021-07-22,01:34:44,Diners Club,Walmart,Failed,no
TX9574936,U5176,0845388387938888,173.06,Mandya,2023-09-16,14:40:53,Visa,Shell,Success,no
TX8713978,U1590,5948513387200541,168,Darjeeling,2022-12-24,12:29:42,MasterCard,Shell,Success,yes
TX9259631,U9754,5293096581895382,1384.41,Kolkata,2019-04-14,09:02:34,American Express,Shell,Success,no
TX3741427,U6920,5139980718079317,975.36,Udaipur,2019-07-18,09:25:30,MasterCard,Apple Store,Success,no
TX6809267,U9574,4450482402894405,1846.15,Darjeeling,2023-12-31,19:25:03,Diners Club,Shell,Success,no
TX8992059,U4548,3262887489020978,570.94,Mumbai,2021-03-29,22:14:31,American Express,Walmart,Success,no
TX3714089,U4689,0473380156506520,80.6,Kochi,2023-08-29,03:47:07,RuPay,McDonald's,Failed,no
TX9502783,U6709,0270864597230828,671.94,Chennai,2020-10-12,21:45:56,Visa,Starbucks,Success,no
TX8599421,U8460,9707000718677339,778.9,Kolkata,2020-03-15,19:30:37,MasterCard,ExxonMobil,Success,yes
TX9580753,U4788,3899094271183658,1192.59,Hyderabad,2020-12-27,05:48:34,RuPay,McDonald's,Success,no
TX2054558,U3049,1833270066714774,222.67,Jaipur,2018-12-16,12:55:38,Diners Club,ExxonMobil,Success,yes
TX2007481,U4794,6105964211272732,323.44,Mandya,2024-08-21,15:55:19,Diners Club,Apple Store,Success,no
TX5948237,U7647,5493323611305676,119.43,Mandya,2021-11-17,18:06:29,MasterCard,Starbucks,Success,no
TX7021123,U6913,5281576763360932,724.58,Bangalore,2022-08-03,20:22:43,MasterCard,Apple Store,Success,no
TX5749889,U2056,3673035318055254,769.75,Darjeeling,2018-09-17,05:56:14,Diners Club,Best Buy,Success,yes
TX9100114,U1434,8873860135979885,1640.14,Delhi,2018-02-13,20:30:54,Diners Club,Starbucks,Success,no
TX3158823,U2737,9055996207700102,1382.77,Bangalore,2024-10-26,23:54:04,RuPay,Apple Store,Failed,no
TX1993911,U5824,0847007027713153,19.56,Mandya,2020-10-30,21:30:35,MasterCard,Target,Success,no
TX4506726,U9444,9960651507958684,383.21,Jaipur,2024-04-17,03:32:29,Diners Club,Amazon,Success,no
TX1993625,U5802,2448549824354570,1879.24,Mysore,2019-12-18,15:49:24,Visa,Walmart,Success,no
TX3502968,U218,4424724861048612,1342.51,Darjeeling,2024-10-02,05:09:59,Visa,Best Buy,Success,yes
TX6615744,U5228,7278797824363112,1654.17,Jaipur,2019-08-20,18:49:12,Visa,Starbucks,Success,no
TX5311208,U8930,2899915766622857,1961.66,Chennai,2018-07-15,12:34:37,Diners Club,Shell,Success,yes
TX6643022,U5989,7376872055831424,779.78,Mysore,2021-05-31,01:01:25,MasterCard,Starbucks,Success,no
TX6588400,U7987,4240669269212363,996.3,Mysore,2020-09-20,07:27:43,American Express,McDonald's,Success,no
TX9365630,U4073,7183164643707150,1898.04,Varanasi,2025-04-07,09:30:02,MasterCard,Starbucks,Success,no
TX8529707,U2020,6994047712839551,1716.66,Mysore,2022-07-26,18:39:34,Visa,Walmart,Failed,no
TX4925712,U4832,0677470682894882,1074.75,Hyderabad,2018-10-06,06:37:38,Visa,Shell,Success,no
TX3761854,U3048,1071218326331937,1677.8,Darjeeling,2018-10-22,13:19:05,Visa,Shell,Success,no
TX5290074,U3290,1480542855462258,1404.85,Hyderabad,2019-09-04,12:02:32,MasterCard,McDonald's,Success,no
TX8766828,U7256,5823314219468171,1135.07,Bangalore,2023-01-06,13:37:12,RuPay,Target,Success,no
TX8977519,U3399,0996877528910798,872.32,Shillong,2018-01-26,08:24:16,Visa,Shell,Failed,no
TX2396795,U9809,8973893962709586,558.69,Mumbai,2019-03-01,21:37:03,Visa,Flipkart,Success,yes
TX1052367,U4932,0853652447248515,384.57,Mysore,2018-07-24,13:39:26,RuPay,Best Buy,Failed,no
TX4859885,U6024,3515579233804390,405.43,Varanasi,2019-11-23,11:05:23,RuPay,Target,Success,no
TX5926337,U2493,6711338943233389,1310.39,Jaipur,2023-02-05,16:47:48,RuPay,Flipkart,Success,no
TX6024736,U1038,8939812447025918,682.58,Leh,2022-08-06,00:15:45,MasterCard,Amazon,Success,yes
TX1611734,U7705,7945249424548040,761.19,Mumbai,2018-09-15,11:23:57,MasterCard,ExxonMobil,Failed,no
TX2833527,U4540,4023252131646624,1845.47,Shillong,2019-05-05,20:36:26,Diners Club,Target,Success,no
TX4424868,U3459,5822381581094188,332.82,Bangalore,2025-02-06,19:38:03,Diners Club,ExxonMobil,Success,no
TX2118849,U3603,4375774438296845,1270.52,Shillong,2020-12-29,13:40:53,American Express,Starbucks,Success,no
TX3233670,U9836,3416791195221884,1180.7,Kolkata,2018-05-28,06:16:01,Diners Club,Amazon,Success,no
TX1056949,U1769,9232845565984689,36.7,Udaipur,2018-11-05,07:37:17,Visa,Starbucks,Success,no
TX8070435,U1605,2686973700258504,524.71,Bangalore,2019-10-30,23:20:20,American Express,Target,Success,no
TX1496427,U3549,8826706734466277,1957.19,Mysore,2022-05-09,07:58:04,Diners Club,Target,Failed,no
TX5854664,U1645,7399229861575645,1037.36,Goa,2022-01-20,12:43:10,Visa,Starbucks,Success,no
TX8170704,U1961,8971876829379440,417.28,Hyderabad,2024-12-07,11:47:14,Visa,Target,Success,no
TX4656851,U7323,3179173423621075,449.46,Kochi,2021-04-16,09:17:35,American Express,Target,Success,yes
TX3354659,U4400,6215109899626706,548.84,Shillong,2018-01-14,11:41:09,RuPay,Best Buy,Success,no
TX6320866,U3741,5315513222112456,937.26,Varanasi,2018-05-05,03:38:47,RuPay,McDonald's,Success,no
TX8254729,U5796,8080909206971769,1943.2,Goa,2018-04-08,03:56:14,MasterCard,Amazon,Success,no
TX1177212,U1744,7239317837534953,1894.8,Mysore,2023-05-02,11:23:44,Visa,Apple Store,Failed,no
TX6973471,U7734,7675395782617955,207.55,Darjeeling,2020-01-15,02:00:44,Visa,Starbucks,Success,no
TX9998189,U8652,3391181611727179,1609.36,Hyderabad,2023-02-16,21:29:37,Diners Club,Best Buy,Success,no
TX5495222,U6061,3419578650130664,909.1,Mumbai,2018-07-02,02:17:43,Diners Club,Shell,Success,no
TX2413823,U2030,4618628100550104,12.91,Mandya,2022-08-26,08:37:27,American Express,Amazon,Success,no
TX4261903,U9484,8108505319845637,1884.34,Varanasi,2019-02-21,09:07:42,RuPay,McDonald's,Success,no
TX7865790,U2702,7246986315191401,1225.87,Mysore,2018-03-30,08:14:33,RuPay,ExxonMobil,Success,no
TX7304054,U7669,4756990650802301,1167.25,Goa,2020-01-17,16:47:22,Visa,McDonald's,Success,no
TX9910920,U7661,5183719087474792,1121.93,Varanasi,2021-07-21,19:12:39,Visa,Shell,Success,no
TX8013705,U9129,6870859436846072,1868.78,Darjeeling,2024-12-15,14:46:19,American Express,ExxonMobil,Success,no
TX4552693,U8322,6337499691514613,1813.84,Mandya,2024-09-11,12:32:41,Diners Club,Flipkart,Failed,no
TX9081871,U4132,3805720886647657,348.68,Mumbai,2025-03-14,06:17:45,MasterCard,ExxonMobil,Success,yes
TX6473240,U6526,7244332187411734,873.16,Udaipur,2021-01-01,13:07:05,MasterCard,Amazon,Success,no
TX6864342,U9865,0445843676446671,1554.1,Delhi,2018-02-26,20:53:03,RuPay,Flipkart,Success,no
TX3603008,U8597,9884647791927157,659.09,Udaipur,2023-11-17,23:32:38,RuPay,ExxonMobil,Success,yes
TX2999966,U1678,5454388770575123,914.02,Kochi,2018-09-03,13:13:24,Visa,McDonald's,Failed,no
TX7038366,U1641,8618069592399375,1806.64,Mumbai,2021-05-11,23:30:07,RuPay,McDonald's,Success,no
TX2928906,U7217,8932360027122575,532.94,Kochi,2023-08-10,19:52:43,RuPay,ExxonMobil,Success,no
TX1398101,U9206,5910552268231319,211.85,Bangalore,2021-07-27,00:40:12,American Express,Best Buy,Success,no
TX4488391,U6614,9065562541677228,69.46,Mysore,2023-10-08,13:05:04,MasterCard,Best Buy,Success,no
TX1522779,U8243,8162118631071394,284.66,Darjeeling,2022-03-04,21:53:04,Visa,Best Buy,Success,yes
TX4066703,U6955,2607340340153456,1368.1,Udaipur,2023-01-24,22:33:15,Visa,ExxonMobil,Success,no
TX5439164,U1950,8398039402689818,1723.78,Kochi,2019-10-31,02:23:54,American Express,Flipkart,Success,no
TX5645629,U8387,0855883258838987,1965.07,Leh,2022-01-03,06:42:23,American Express,Walmart,Success,no
TX8275726,U7288,5415504840007430,1557.7,Delhi,2023-05-24,22:53:56,RuPay,Apple Store,Failed,no
TX6592759,U2238,4986709464545075,495.28,Hyderabad,2023-08-19,18:42:17,Visa,Best Buy,Success,no
TX6779435,U939,0498020888295564,1796.77,Leh,2018-05-29,14:34:11,American Express,Target,Success,no
TX7296271,U831,3985684414642023,71.6,Bangalore,2018-01-07,17:55:00,Diners Club,Apple Store,Success,yes
TX8412919,U3003,4961161615139974,1989.12,Mysore,2018-06-16,14:55:37,RuPay,Apple Store,Success,no
TX2059492,U5944,8906085505483706,633.3,Kolkata,2025-03-24,20:56:46,Visa,Walmart,Success,yes
TX7807440,U8770,3268905816606750,1963.78,Mumbai,2024-02-26,04:50:38,MasterCard,Apple Store,Success,no
TX2777301,U3046,3873386966900299,1659.86,Darjeeling,2022-04-02,17:59:09,RuPay,Shell,Failed,yes
TX9195860,U4843,3745887787551868,50.2,Leh,2024-12-01,04:36:55,American Express,Shell,Success,yes
TX1608069,U3143,7164918556038106,1466.42,Goa,2022-12-29,18:08:09,RuPay,Target,Success,no
TX1632454,U1005,8131209197335901,79.94,Hyderabad,2024-04-15,22:05:25,Visa,Walmart,Success,no
TX9529572,U4042,8939224446704098,589.47,Mandya,2023-11-06,17:12:03,RuPay,Walmart,Success,yes
TX9867996,U4125,4045860842453272,1605.8,Shillong,2020-10-30,03:03:09,MasterCard,Target,Success,no
TX1574793,U5612,0195487779276733,1501.59,Shillong,2018-02-05,07:00:10,MasterCard,Shell,Success,no
TX3599410,U2888,0720261142406178,525.62,Leh,2018-09-09,20:34:47,American Express,McDonald's,Failed,no
TX1879785,U1613,9784555813440086,800.54,Mumbai,2023-12-23,07:07:48,American Express,Walmart,Success,no
TX2614808,U6918,6533460244362578,400.25,Bangalore,2025-01-28,18:13:22,Diners Club,Walmart,Failed,yes
TX6710863,U2051,7467525095375258,1538.59,Shillong,2023-10-16,03:05:22,Diners Club,Starbucks,Failed,no
TX9167580,U7615,6033832691154012,345.97,Leh,2021-10-18,20:01:00,American Express,Amazon,Success,yes
TX9384834,U9746,9836427482935469,1959.32,Mysore,2023-05-03,18:23:14,MasterCard,Amazon,Success,no
TX3110615,U7637,9645896996901269,533.04,Varanasi,2021-05-26,18:53:09,Diners Club,Best Buy,Success,no
TX6808549,U8887,6076583700283494,616.51,Mysore,2018-11-24,12:52:09,RuPay,Apple Store,Success,no
TX5725846,U8790,3597678942446111,302.72,Mysore,2020-06-27,02:05:13,RuPay,ExxonMobil,Success,no
TX4342235,U1390,0539563335813843,1674.66,Kochi,2025-01-09,06:20:20,Visa,Flipkart,Success,yes
TX4657105,U399,1060553275791321,778.9,Udaipur,2022-03-24,22:36:54,Visa,Target,Success,no
TX6632604,U8089,1329593967966364,1102.37,Goa,2020-02-04,19:28:51,MasterCard,McDonald's,Success,yes
TX5179644,U8040,9580265900279943,109.04,Mumbai,2024-02-14,06:15:43,American Express,Target,Success,no
TX3469587,U7554,4364324535618877,1904.59,Udaipur,2022-01-06,11:01:29,MasterCard,Flipkart,Success,no
TX1556990,U1810,0292834092610783,1564.4,Chennai,2020-02-10,04:02:51,American Express,McDonald's,Success,no
TX4581968,U8558,4096245793776865,732.5,Bangalore,2025-01-17,13:00:07,RuPay,Flipkart,Success,no
TX6727631,U8980,9876892912011621,903.2,Hyderabad,2021-08-30,03:56:10,RuPay,Target,Success,no
TX7405059,U1428,1875651142595128,1153.07,Leh,2024-04-09,06:11:39,RuPay,ExxonMobil,Failed,no
TX5620931,U3131,5225262428645226,362.44,Mumbai,2019-10-14,13:06:06,RuPay,Flipkart,Success,no
TX3204663,U8984,0864595275036522,1934.4,Jaipur,2020-10-07,20:22:21,MasterCard,Apple Store,Success,no
TX5831221,U8939,2118922781734445,727.11,Hyderabad,2019-12-22,18:20:23,Diners Club,Starbucks,Success,yes
TX9186571,U4637,8632852739315216,1131.06,Bangalore,2024-12-05,20:04:21,American Express,Starbucks,Success,no
TX8734927,U388,5992063438247340,1572.89,Darjeeling,2020-10-28,21:34:35,MasterCard,Starbucks,Success,no
TX5369026,U4837,1204453831446617,377.75,Udaipur,2022-08-08,23:26:21,American Express,Flipkart,Success,no
TX5849122,U1886,6952089332352630,1733.86,Varanasi,2024-08-16,05:54:57,American Express,ExxonMobil,Success,no
TX5160385,U7839,9215835612877680,576.97,Mandya,2023-06-22,23:16:11,Visa,Amazon,Success,no
TX4495688,U6784,1109454779868109,641.64,Bangalore,2025-03-07,14:06:31,RuPay,Shell,Success,no
TX3755710,U142,6196732212035088,1869.15,Delhi,2023-06-10,16:28:19,MasterCard,Flipkart,Success,no
TX3928831,U3386,5898503504763530,1413.06,Kochi,2024-08-08,10:57:01,Diners Club,Walmart,Success,no
TX4135357,U4694,7766420015962701,1498.31,Kolkata,2018-01-15,22:30:35,MasterCard,Amazon,Success,no
TX6793793,U5783,2813236103685547,1332.15,Delhi,2022-09-10,07:57:15,MasterCard,Walmart,Failed,no
TX7326159,U2639,2211074156737331,1856.55,Mandya,2022-06-13,21:36:53,Diners Club,Amazon,Success,no
TX7660317,U8632,1169931054670047,1344.6,Jaipur,2021-08-08,23:48:31,American Express,McDonald's,Success,no
TX1002759,U7208,6337492966333904,205.46,Leh,2024-05-29,06:21:59,American Express,McDonald's,Success,no
TX4071409,U3075,9654638676190537,640.02,Udaipur,2021-10-14,20:35:38,Diners Club,Best Buy,Success,no
TX5385609,U7228,4190080733813413,1186.93,Varanasi,2023-03-07,09:39:47,RuPay,ExxonMobil,Success,no
TX8335501,U5650,9770089600422633,1251.95,Mandya,2018-11-18,12:36:25,Visa,Apple Store,Success,no
TX8062428,U8608,9016189775625270,1111.38,Mumbai,2019-05-20,17:40:19,MasterCard,Walmart,Failed,no
TX6502257,U5985,1767816521602019,782.03,Hyderabad,2019-09-20,16:21:09,Visa,Best Buy,Failed,no
TX4890201,U9214,2367828759207779,1125.74,Bangalore,2024-01-29,22:56:30,RuPay,Best Buy,Success,no
TX9643399,U1116,5495171259785858,713.38,Goa,2025-01-09,22:37:31,Visa,Shell,Success,yes
TX3259477,U5202,7944476027963424,1014.07,Hyderabad,2023-06-17,17:35:58,RuPay,Shell,Success,no
TX7843055,U6826,0925234721785401,1193.33,Udaipur,2019-04-19,04:31:13,RuPay,McDonald's,Success,yes
TX1040216,U2775,1627938833616261,1746.57,Mumbai,2024-12-12,12:57:24,Visa,Walmart,Success,no
TX1495737,U7554,7451312311024344,752.5,Chennai,2019-01-10,10:45:34,MasterCard,Shell,Success,no
TX9893584,U9991,2621027894010989,851.38,Jaipur,2022-07-18,15:40:26,MasterCard,Apple Store,Success,no
TX4843294,U2,4876593204061481,1278.05,Shillong,2018-10-12,02:18:03,American Express,Walmart,Success,no
TX8165349,U3705,0143537565507875,1014.46,Kolkata,2025-05-13,01:59:29,Diners Club,McDonald's,Success,no
TX6754075,U3575,3835039238158688,1489.1,Varanasi,2025-03-16,07:09:55,MasterCard,Walmart,Success,yes
TX9355650,U6040,9491933076603011,1442.2,Kochi,2021-07-23,11:44:20,American Express,Target,Success,no
TX5242880,U1940,0638206735439780,216.17,Chennai,2018-04-27,15:31:03,MasterCard,Best Buy,Failed,no
TX8219926,U3947,8240748840751707,1165.1,Mysore,2022-10-21,03:18:30,Visa,Starbucks,Failed,yes
TX7010852,U9788,5007140818046095,889.37,Darjeeling,2020-02-03,03:11:33,Diners Club,Target,Success,yes
TX6679927,U4975,7646812582718974,1460.24,Mysore,2018-10-22,15:21:19,RuPay,Flipkart,Success,no
TX5706807,U1614,2007749685754859,1437.34,Hyderabad,2021-10-26,05:10:03,RuPay,Target,Success,yes
TX3378689,U4785,6042117571032002,1935.09,Jaipur,2021-07-25,22:39:52,RuPay,McDonald's,Success,yes
TX2308089,U7161,6675142871114466,108.91,Mysore,2024-07-23,08:52:21,RuPay,Apple Store,Success,no
TX4179497,U1739,7095275484069064,1096.47,Kochi,2020-08-20,16:26:17,American Express,Best Buy,Success,no
TX9888284,U2781,1885700667428009,492.07,Kolkata,2024-02-10,17:22:29,Visa,Apple Store,Success,no
TX3153902,U4700,2114324991826755,809.98,Kolkata,2024-05-21,02:47:16,RuPay,Amazon,Success,yes
TX3278604,U3933,3201313375499945,1535.47,Mysore,2019-04-23,21:04:43,RuPay,Target,Success,no
TX9000228,U5003,1799504085402444,1869.51,Goa,2020-03-04,22:25:58,Diners Club,Amazon,Failed,no
TX9627491,U1339,7491981303613571,743.25,Mysore,2018-04-30,21:35:17,MasterCard,Amazon,Success,no
TX5421729,U9588,2786597574800129,785.89,Hyderabad,2019-01-29,11:13:44,Visa,Flipkart,Failed,no
TX1155868,U8275,0137858921504295,250.13,Jaipur,2018-12-05,05:14:09,MasterCard,Flipkart,Success,yes
TX1561540,U1008,9446367830689567,1569.68,Bangalore,2025-05-26,03:21:09,Diners Club,McDonald's,Success,no
TX4554137,U5336,7114089535464216,1835.31,Mumbai,2023-11-26,06:39:51,MasterCard,Apple Store,Success,no
TX3639722,U1320,8274521734789514,341.65,Jaipur,2019-11-03,10:38:30,MasterCard,Amazon,Success,no
TX5873202,U399,8832743958981432,1510.75,Varanasi,2022-06-25,18:18:48,Diners Club,ExxonMobil,Success,no
TX1606277,U6594,9012264079665878,26.87,Goa,2023-06-14,09:59:41,MasterCard,Apple Store,Success,no
TX8854080,U4834,5293703976004836,689.79,Chennai,2023-09-25,02:10:34,RuPay,Apple Store,Success,no
TX2540672,U3779,9157687987674715,978.53,Delhi,2025-03-28,09:39:10,MasterCard,ExxonMobil,Success,yes
TX7782632,U1145,5690543879047658,1761.72,Jaipur,2020-02-06,06:09:45,Visa,Shell,Success,no
TX9475274,U3518,6404281527385982,1816.43,Delhi,2020-05-10,19:09:53,RuPay,Shell,Success,no
TX9787743,U4587,1495062696301065,727.93,Chennai,2024-09-06,18:53:58,MasterCard,Walmart,Success,no
TX5121152,U8302,1902758084664928,1806.85,Varanasi,2022-06-14,15:47:36,MasterCard,Walmart,Success,no
TX2800285,U2227,6226169669734417,1543.58,Shillong,2022-04-11,16:08:51,MasterCard,Best Buy,Success,no
TX6655905,U196,8801443854055957,1625.85,Jaipur,2019-08-30,06:38:02,American Express,Apple Store,Success,yes
TX6805604,U809,2488723689540961,1665.75,Mandya,2022-10-06,15:03:44,MasterCard,Shell,Success,no
TX4776866,U7180,7624021599749021,731.66,Udaipur,2023-03-23,01:03:28,Visa,Apple Store,Success,no
TX6188303,U4761,8570532065136989,918.03,Chennai,2018-02-18,18:11:57,Diners Club,Target,Success,no
TX8707343,U6871,4009355219173955,1217.3,Mandya,2024-05-03,04:28:48,Visa,McDonald's,Failed,no
TX1784721,U1694,2298806715528820,185.03,Delhi,2018-07-17,02:25:37,American Express,Flipkart,Success,no
TX4086298,U8963,0724807950145326,35.99,Goa,2018-01-29,16:10:23,MasterCard,ExxonMobil,Success,yes
TX2110739,U7887,5858937611526037,277.82,Leh,2021-12-27,12:48:09,Diners Club,Flipkart,Success,yes
TX8974365,U5060,1818039890787428,1199.72,Kochi,2024-07-16,14:38:11,American Express,Walmart,Success,yes
TX1088161,U638,5506158707217738,1104.43,Jaipur,2019-03-07,11:45:37,Diners Club,Apple Store,Failed,no
TX1848457,U7598,5679138230947700,164.29,Darjeeling,2020-05-09,05:22:17,American Express,McDonald's,Success,yes
TX3283288,U9221,2475501031744728,1874.06,Jaipur,2024-05-24,11:26:15,MasterCard,Amazon,Success,yes
TX4484342,U9022,3373744056900777,1850.75,Varanasi,2021-01-14,14:27:32,American Express,Walmart,Success,no
TX6238934,U1800,5177485053041323,536.25,Bangalore,2023-03-17,15:15:25,American Express,Flipkart,Failed,no
TX5365844,U7414,4646460555752821,821.38,Darjeeling,2022-11-07,08:38:57,MasterCard,Walmart,Success,no
TX4665076,U2130,6805286019643021,1116.08,Chennai,2020-05-08,18:13:11,American Express,Shell,Failed,no
TX4154562,U4586,8880153245390723,1500.25,Mysore,2020-09-01,00:39:51,Visa,Shell,Failed,no
TX4488531,U1713,4807967060277184,961.52,Mandya,2019-08-10,19:55:52,Diners Club,Apple Store,Success,no
TX3563039,U350,1886554724091414,1302.03,Bangalore,2021-09-22,11:09:46,American Express,Walmart,Success,no
TX3353658,U9189,5589754094426116,448.72,Kochi,2024-02-05,20:29:29,Diners Club,McDonald's,Failed,no
TX5956854,U3263,1404388587700815,265.77,Udaipur,2023-04-08,23:41:14,RuPay,Walmart,Success,no
TX5057820,U5287,8969562118763529,520.1,Mumbai,2021-05-23,09:00:16,MasterCard,Walmart,Success,no
TX4970519,U4690,4972497016028142,659.66,Bangalore,2019-02-26,18:39:16,RuPay,Best Buy,Success,no
TX4745165,U4583,5279529077180712,1127.39,Chennai,2019-03-01,23:04:34,Visa,Best Buy,Success,no
TX6280809,U3363,6522919527818531,892.99,Kolkata,2020-12-17,23:17:58,Visa,Amazon,Success,no
TX3926960,U5008,1747741621033002,1261.41,Mandya,2025-03-21,05:07:20,MasterCard,Target,Success,no
TX9486189,U2569,6435218915306142,470.89,Delhi,2021-09-01,03:36:41,Diners Club,Target,Success,no
TX6713057,U7897,5004060592858742,1925.95,Kolkata,2023-03-10,22:29:50,MasterCard,Apple Store,Success,yes
TX1097979,U8163,8189876544360463,383.76,Varanasi,2024-08-09,10:48:57,MasterCard,McDonald's,Success,no
TX4063274,U2608,5845829396403672,1453.72,Jaipur,2018-08-31,20:26:04,RuPay,Starbucks,Success,no
TX7961295,U722,0990638014367978,1813.46,Goa,2018-01-30,21:44:48,MasterCard,McDonald's,Success,no
TX6444150,U4277,2890989915288034,1863.36,Mysore,2023-01-15,21:44:29,Visa,McDonald's,Success,no
TX5170933,U6998,7832940443262023,1147.79,Goa,2022-04-07,00:18:57,MasterCard,Amazon,Success,no
TX5219733,U1687,7718691118171895,900.46,Leh,2024-02-09,09:49:33,MasterCard,Flipkart,Success,no
TX6687541,U5889,7882658007165471,189.73,Udaipur,2025-06-03,17:00:59,Visa,Flipkart,Success,no
TX1048684,U2362,9101331175858506,1157.03,Mandya,2024-07-30,20:45:17,Visa,McDonald's,Success,no
TX6823154,U1105,1430077274455860,449.02,Mysore,2022-12-09,19:01:26,Diners Club,McDonald's,Success,no
TX9497947,U6205,3531865613980098,1398.08,Bangalore,2018-03-14,14:54:01,Diners Club,Apple Store,Success,no
TX9817351,U6936,5243331324195108,687.28,Mysore,2019-08-09,14:40:13,Visa,Best Buy,Success,no
TX2946950,U5220,9239626178465082,1664.87,Mandya,2023-10-18,17:02:02,MasterCard,Shell,Success,no
TX8271987,U3529,2711917567378990,458.84,Bangalore,2025-01-20,00:34:00,RuPay,ExxonMobil,Success,no
TX7198898,U264,9839229219145896,1918.79,Kochi,2025-05-24,13:27:05,Diners Club,Starbucks,Success,no
TX2918293,U574,3859756957972478,1488.29,Darjeeling,2019-02-06,22:24:52,Visa,Walmart,Success,no
TX2100461,U846,6569456478693127,1122.59,Bangalore,2018-06-23,13:48:41,Diners Club,Walmart,Success,yes
TX1854673,U318,4703139479428403,616.69,Hyderabad,2022-08-29,22:22:12,MasterCard,McDonald's,Failed,yes
TX1791653,U6499,3207663860023532,1149.95,Mandya,2022-06-05,12:52:59,Diners Club,ExxonMobil,Success,yes
TX6672858,U1303,0820331824464086,1432.29,Kolkata,2024-07-09,08:43:40,MasterCard,Amazon,Success,no
TX2503968,U7664,6633403104599361,1614.44,Leh,2022-03-07,02:48:56,Diners Club,Starbucks,Success,no
TX9286753,U6363,4357250032123843,51.61,Jaipur,2025-03-16,14:52:56,Diners Club,ExxonMobil,Success,no
TX9668370,U1252,8340049193788781,761.15,Kochi,2021-12-20,18:29:59,RuPay,Flipkart,Success,no
TX2311999,U1926,4607680181806679,1100.21,Delhi,2020-05-27,22:52:30,Visa,Best Buy,Success,yes
TX8888801,U9872,3663766010164429,1740.08,Jaipur,2024-03-08,04:01:10,Diners Club,Target,Failed,yes
TX9407104,U4982,5237920475468733,1629.6,Shillong,2022-02-25,10:09:28,MasterCard,Apple Store,Success,no
TX2139818,U9097,2885421502696695,505.08,Kolkata,2018-07-14,23:58:33,Visa,ExxonMobil,Failed,no
TX6378141,U4896,9574686116680645,950.57,Varanasi,2022-02-14,23:38:38,American Express,McDonald's,Success,no
TX9394948,U8655,9128226729333416,1896.66,Chennai,2021-06-10,07:55:49,MasterCard,McDonald's,Success,no
TX8549407,U1362,9539936468665852,1402.98,Mumbai,2020-11-15,04:30:29,MasterCard,Walmart,Success,no
TX9988180,U1017,7621153605214489,1309.17,Goa,2023-05-17,11:18:02,MasterCard,Amazon,Success,yes
TX8225018,U8651,1845552159815964,1854.31,Mandya,2023-07-28,07:09:27,Diners Club,Shell,Success,yes
TX4252013,U6608,3130808933571701,650.57,Kolkata,2018-04-21,19:10:55,American Express,Apple Store,Success,no
TX2219961,U4446,4610937794045003,1504.67,Kochi,2018-12-20,07:13:15,Diners Club,Flipkart,Success,no
TX2716322,U4394,6108154936693247,90.35,Darjeeling,2020-07-18,15:59:25,Visa,Apple Store,Failed,yes
TX3726196,U7359,6295970665073417,396.84,Mandya,2020-10-30,02:51:59,Diners Club,Starbucks,Success,no
TX1605742,U1129,6733204113389102,1089.42,Delhi,2023-02-22,05:31:44,RuPay,Amazon,Success,no
TX4612456,U1901,1880944868381234,851.51,Kolkata,2024-06-30,12:06:09,Visa,Amazon,Success,no
TX7274448,U6742,0032371052797292,679.36,Chennai,2022-07-28,11:41:19,American Express,Amazon,Success,no
TX7423480,U6602,9668726452502344,653.35,Mandya,2020-07-16,06:54:31,Visa,Flipkart,Success,no
TX7092842,U9532,4132244477864994,1776.94,Mandya,2023-12-02,15:32:46,MasterCard,ExxonMobil,Success,no
TX5701054,U3144,5696679477029685,973.54,Bangalore,2019-05-29,22:56:23,MasterCard,Shell,Success,no
TX9990356,U499,4451335593551489,1994.93,Shillong,2020-04-20,12:04:35,RuPay,Apple Store,Success,no
TX7420555,U6000,6243577768780933,625.57,Delhi,2019-07-07,02:56:52,American Express,Amazon,Failed,no
TX7364300,U4985,5070895931914223,46.84,Jaipur,2024-03-27,08:05:05,MasterCard,Walmart,Success,yes
TX3977199,U3093,7071100162335632,140.33,Varanasi,2024-08-11,08:03:30,Visa,Walmart,Success,no
TX9696349,U4014,1034574681581010,667.1,Hyderabad,2021-11-17,23:33:06,MasterCard,Amazon,Success,no
TX3590135,U5578,9013009879182154,98.02,Bangalore,2023-09-21,10:31:14,Diners Club,McDonald's,Success,no
TX7036845,U1373,8895300881871107,608.79,Kochi,2018-02-16,01:14:39,Diners Club,Flipkart,Success,no
TX4453212,U4152,6003064388054460,1326.81,Kochi,2023-01-27,15:25:14,Visa,Apple Store,Success,yes
TX5903695,U1718,9218340057206830,1573.17,Delhi,2024-07-15,17:20:20,RuPay,McDonald's,Success,no
TX8762189,U545,7438176690126342,1569.33,Mandya,2019-08-28,09:26:32,Diners Club,Starbucks,Success,no
TX3458991,U6261,4714198997972807,659.74,Delhi,2023-08-01,18:28:30,Visa,Amazon,Success,no
TX8908493,U7725,7592752786599439,1463.71,Goa,2024-06-16,09:06:50,RuPay,Target,Success,no
TX4960851,U9557,0167221173950184,924.83,Delhi,2022-10-07,08:43:59,American Express,Shell,Success,no
TX6594047,U8860,9073035860670894,898.07,Bangalore,2019-09-05,22:41:54,MasterCard,Walmart,Success,yes
TX7914744,U2620,3543427277741405,931.55,Shillong,2024-03-20,15:33:31,RuPay,Apple Store,Success,no
TX8869837,U4207,1674453809073729,562.06,Delhi,2020-03-28,10:13:28,MasterCard,Walmart,Success,no
TX7659464,U725,5495572180855565,1962.44,Jaipur,2021-11-13,15:31:55,Visa,Starbucks,Success,yes
TX4049612,U8081,8642913165650726,106.56,Kolkata,2023-05-12,02:35:22,RuPay,McDonald's,Success,no
TX3896055,U7326,2599594241376642,1435.68,Kolkata,2018-08-08,14:39:11,RuPay,Walmart,Success,no
TX3864430,U5860,5708116415021812,648.65,Mysore,2020-12-11,15:08:05,Visa,Shell,Success,yes
TX7009994,U3609,0089935527547390,23.41,Goa,2023-11-30,02:57:15,RuPay,Target,Success,no
TX9505142,U2551,4808612429922004,884.53,Darjeeling,2023-08-18,08:30:45,American Express,Amazon,Success,no
TX9562326,U6889,2904053075947782,321.28,Mandya,2018-05-28,13:27:06,RuPay,Target,Success,no
TX6262454,U7579,0089406204358393,445.92,Goa,2024-04-24,09:49:44,American Express,Shell,Success,no
TX2171292,U4733,0849336732026897,842.44,Mumbai,2018-11-08,20:50:51,RuPay,Flipkart,Success,no
TX1417829,U3784,0913876728720306,1772.64,Leh,2022-11-22,01:23:34,American Express,Target,Success,yes
TX7870693,U306,2674632328610859,420.53,Udaipur,2024-01-03,07:14:06,Diners Club,McDonald's,Failed,no
TX2306106,U3236,2078467881840773,1111.49,Udaipur,2024-10-28,00:19:58,Diners Club,Starbucks,Success,no
TX2640818,U6969,1518548911903224,1548.45,Udaipur,2022-01-09,12:17:59,RuPay,ExxonMobil,Success,no
TX7544598,U1959,0968385794073645,35.66,Kolkata,2020-03-21,01:59:17,MasterCard,ExxonMobil,Success,yes
TX6116668,U5085,6091890149414705,1145.67,Kochi,2022-04-05,20:43:52,Visa,Walmart,Success,no
TX2454853,U9631,7927814486322730,201.93,Leh,2025-05-08,12:57:19,American Express,Starbucks,Failed,no
TX1466736,U2586,1953295635056538,1403.13,Kolkata,2023-06-24,07:33:55,Visa,Best Buy,Failed,no
TX5853808,U9893,2263858352730995,1781.39,Delhi,2024-07-18,03:00:02,Diners Club,Apple Store,Success,no
TX1736021,U3026,6545654617783761,433.89,Hyderabad,2020-10-30,13:12:36,Visa,Flipkart,Failed,no
TX4336566,U298,3583050387282696,1444.45,Udaipur,2024-07-29,12:00:17,Visa,Walmart,Success,yes
TX4869012,U8799,0382541087821724,985.6,Mysore,2019-07-28,16:48:14,RuPay,Flipkart,Success,no
TX6293738,U9378,8411612008835959,964.32,Mysore,2020-07-08,10:38:28,Visa,McDonald's,Success,no
TX8402962,U5103,3980568948820762,1324.81,Mysore,2022-02-16,17:08:00,MasterCard,Amazon,Success,no
TX8741489,U5319,5714438870630768,350.25,Jaipur,2018-11-22,13:41:04,Visa,Starbucks,Failed,no
TX1160595,U9919,3056246563849800,1909.09,Bangalore,2025-04-19,00:29:20,RuPay,Flipkart,Success,no
TX2017097,U5010,4220012861109138,1799.33,Leh,2024-10-08,17:36:21,American Express,Starbucks,Success,no
TX5246319,U1423,6795223072204569,1313.5,Udaipur,2019-04-06,20:01:16,American Express,Target,Success,no
TX3616838,U5442,7177613262459235,1341.15,Goa,2019-10-04,17:42:47,MasterCard,Starbucks,Success,yes
TX4978100,U9129,2383849770129072,633.67,Chennai,2024-12-06,10:17:48,American Express,Shell,Success,no
TX1317343,U4470,1286986844812765,856.96,Goa,2018-01-02,14:08:51,RuPay,Flipkart,Success,no
TX3081871,U1587,8423123642113579,1589.93,Mumbai,2019-02-05,15:10:18,RuPay,Walmart,Success,no
TX1990279,U6373,2504486070104088,1822.84,Bangalore,2019-11-10,21:41:49,Diners Club,ExxonMobil,Success,no
TX8094962,U4767,5491111807989626,1329.34,Hyderabad,2018-09-10,16:45:17,Diners Club,Starbucks,Failed,yes
TX5456332,U1504,1194813537025701,675.55,Udaipur,2024-09-15,12:05:24,RuPay,Apple Store,Success,yes
TX7140660,U1997,9677824570055988,515.64,Chennai,2019-06-30,06:42:52,MasterCard,Apple Store,Success,no
TX7919555,U4730,9912518667721566,637.56,Shillong,2025-05-26,14:58:37,American Express,Amazon,Success,no
TX8109798,U6412,4496953113264153,1047.01,Mumbai,2025-04-27,11:30:29,American Express,Amazon,Success,no
TX1077175,U2189,5365982406908469,1978.62,Goa,2019-01-26,14:38:04,MasterCard,McDonald's,Success,no
TX3165243,U1893,6233991541099167,292.65,Mandya,2024-08-11,18:32:57,Visa,Target,Success,no
TX1643504,U464,1088273688157953,1316.09,Varanasi,2019-05-10,17:28:02,American Express,Walmart,Success,yes
TX3399412,U4441,5091682234429297,1025.49,Goa,2021-05-18,11:24:01,MasterCard,Apple Store,Success,no
TX7394767,U3159,9550260901742205,1342.32,Mandya,2020-11-27,01:04:51,RuPay,Walmart,Success,no
TX2104830,U8626,3518076470486804,1983.15,Bangalore,2022-06-28,06:15:37,RuPay,Flipkart,Success,no
TX6125088,U9787,7057856620684316,1161.64,Kolkata,2021-04-21,09:06:57,American Express,Target,Success,no
TX7095888,U5768,9456503287494406,1944.79,Chennai,2020-02-05,13:12:29,RuPay,McDonald's,Success,no
TX7169552,U1929,8458289855140827,1967.02,Darjeeling,2022-03-15,14:56:00,RuPay,Apple Store,Success,no
TX4421587,U4097,8810831275780478,1768.81,Darjeeling,2018-05-24,20:16:21,MasterCard,Amazon,Success,no
TX9542606,U8665,7872840087251926,1181.46,Chennai,2024-11-06,22:43:46,MasterCard,Shell,Success,no
TX4793302,U7075,9907526555730243,43.78,Goa,2023-01-17,11:30:11,RuPay,Shell,Success,no
TX9947405,U1748,3200339802791686,1126.99,Jaipur,2022-04-22,13:21:10,American Express,Walmart,Success,yes
TX8435253,U5301,6760692882380294,335.5,Hyderabad,2024-05-08,09:05:55,Visa,Starbucks,Success,no
TX4396822,U5974,1876283221505893,860,Hyderabad,2024-11-29,08:10:43,RuPay,Starbucks,Success,no
TX5221510,U4119,5022864748209684,780.88,Hyderabad,2022-11-11,08:52:58,MasterCard,Best Buy,Success,no
TX7822726,U7687,1450227723556866,586.89,Udaipur,2020-01-31,11:01:19,MasterCard,Amazon,Failed,no
TX9298446,U606,7948703072196079,1786.15,Chennai,2025-02-14,04:14:52,RuPay,Shell,Success,no
TX3809621,U1596,2987637678015608,1818.29,Udaipur,2021-02-10,14:10:15,RuPay,Walmart,Success,no
TX7314604,U9440,0740044082269511,723.54,Bangalore,2024-06-03,19:45:22,Visa,Apple Store,Success,no
TX1716766,U6471,4301066104992644,56.98,Mumbai,2020-03-04,07:03:37,MasterCard,McDonald's,Success,no
TX9408950,U7417,0751771430086590,1446.06,Darjeeling,2025-04-07,08:00:17,MasterCard,Flipkart,Success,no
TX8534219,U9382,7216941956236055,1855.19,Mumbai,2024-12-11,06:57:13,RuPay,ExxonMobil,Success,no
TX2820671,U5636,0437805039603042,281.37,Mumbai,2020-11-03,09:24:32,Visa,ExxonMobil,Success,yes
TX9701610,U6210,0308489907548463,1275.57,Hyderabad,2018-03-07,15:28:20,American Express,Starbucks,Success,no
TX5719592,U8373,4589483546525123,812.28,Goa,2020-11-05,09:15:39,Visa,McDonald's,Success,no
TX2377296,U9677,6383711006136315,1755.24,Jaipur,2018-03-18,21:23:43,RuPay,ExxonMobil,Success,yes
TX6788834,U8626,2572940082021895,918.15,Kolkata,2018-07-07,04:53:43,American Express,Apple Store,Success,yes
TX6502482,U1253,0374600744372101,439.54,Goa,2020-12-15,11:04:45,American Express,McDonald's,Success,no
TX5584623,U3269,2481429571273560,402.37,Shillong,2025-01-12,05:49:34,Visa,Flipkart,Success,no
TX8173752,U4892,0340752186555081,853.28,Kolkata,2018-09-28,12:04:46,Diners Club,Shell,Success,yes
TX8874685,U8008,5170561043243965,1254.59,Jaipur,2020-03-20,17:34:28,Diners Club,Starbucks,Success,no
TX3257785,U6198,8028710605329610,472.14,Darjeeling,2018-12-02,06:51:54,Diners Club,Flipkart,Success,no
TX1394778,U5161,2953416151389389,1250.08,Chennai,2018-12-04,23:45:46,Diners Club,Best Buy,Success,no
TX1772580,U6049,0531213670980277,693.66,Hyderabad,2021-10-23,12:33:44,RuPay,ExxonMobil,Success,no
TX8358310,U9420,2823669959510443,1701.26,Leh,2020-05-31,05:10:52,Diners Club,Starbucks,Success,no
TX7637778,U2530,4275918920111611,1014.24,Jaipur,2019-11-10,11:22:59,American Express,Target,Failed,yes
TX1864331,U7591,0892942194348642,1544.48,Chennai,2022-03-18,22:29:56,American Express,Apple Store,Success,no
TX5071852,U5287,4672064151503409,1799.54,Chennai,2025-02-11,14:18:08,American Express,Apple Store,Success,no
TX2121922,U9018,8904141957705349,857.55,Hyderabad,2022-03-04,16:48:34,Visa,Apple Store,Success,no
TX7932963,U3402,7301131204135268,314.12,Bangalore,2020-03-12,15:07:44,Visa,McDonald's,Success,no
TX9144461,U6025,3043570499317908,1457.07,Udaipur,2022-01-14,12:13:15,MasterCard,Walmart,Failed,no
TX9018421,U4361,1885640191497680,498.57,Delhi,2023-02-14,06:45:38,RuPay,Starbucks,Success,no
TX6776647,U5838,5134812436015629,1478.34,Kolkata,2024-12-21,21:22:35,Visa,ExxonMobil,Success,no
TX7207413,U4635,3116922284015097,614.51,Leh,2020-02-03,15:37:49,RuPay,Apple Store,Success,no
TX9986938,U57,1867255086497289,1509.76,Shillong,2021-08-16,23:43:00,American Express,Walmart,Success,no
TX3394825,U4601,4775581503404519,346.46,Kochi,2018-08-02,00:02:22,RuPay,Amazon,Success,no
TX7552464,U5480,7574503696297588,1451.41,Delhi,2023-12-02,23:30:52,MasterCard,Apple Store,Success,no
TX2923525,U8929,5297142135882598,506.62,Goa,2019-07-26,07:43:00,American Express,Target,Success,no
TX9234032,U6826,6323180790902438,898.58,Hyderabad,2023-05-12,11:12:45,American Express,Target,Success,no
TX9313533,U6121,7186664374922146,802.36,Mandya,2018-05-05,20:34:52,Visa,Walmart,Success,no
TX5307143,U1796,3461123113328491,844.27,Kochi,2023-02-15,19:29:27,RuPay,Target,Success,no
TX8124629,U8228,9670065056095086,370.76,Mysore,2020-08-10,10:27:16,Visa,Starbucks,Success,no
TX6209356,U2401,3791263615897418,880.45,Goa,2022-02-24,09:54:44,Visa,Target,Success,no
TX4195930,U4116,9829032244220542,885.2,Varanasi,2018-06-18,12:08:30,MasterCard,Walmart,Success,no
TX8416410,U5079,6014965499930474,1797.1,Mysore,2019-10-04,03:03:01,Visa,Apple Store,Success,yes
TX1584076,U7205,2236661727716091,1683.87,Delhi,2023-12-24,00:34:54,American Express,Target,Success,no
TX4522714,U741,8964681450325428,729.62,Shillong,2024-08-06,08:58:43,RuPay,McDonald's,Success,yes
TX3857209,U8390,5657704887926530,1933.95,Chennai,2020-06-30,13:31:28,Diners Club,Starbucks,Success,yes
TX5085674,U2389,0028626111509189,994.36,Delhi,2020-12-01,20:26:02,Visa,Best Buy,Success,no
TX3307102,U7942,6868017619866422,896.96,Jaipur,2022-09-21,11:35:34,Visa,Apple Store,Success,no
TX8213484,U915,1450862240009844,1861.85,Jaipur,2022-08-02,06:55:22,Diners Club,Flipkart,Success,no
TX8924358,U9848,6963548944533204,284.04,Kochi,2018-07-17,00:08:44,Visa,Best Buy,Success,no
TX7925504,U3390,7176675565118348,795.58,Delhi,2020-05-29,02:58:40,MasterCard,Flipkart,Success,no
TX4731335,U7026,0857371171884399,1502.29,Shillong,2020-08-26,18:25:10,Diners Club,Walmart,Success,no
TX7040679,U7949,1043012829187145,62.78,Mandya,2018-07-09,03:50:20,Visa,McDonald's,Success,yes
TX7831351,U8387,4559279344539281,820.58,Goa,2019-03-19,16:45:18,American Express,ExxonMobil,Success,no
TX8523834,U2816,7856794145968649,49.71,Jaipur,2019-02-03,20:58:05,Visa,Apple Store,Success,yes
TX4249763,U1829,0187187515516042,865.15,Udaipur,2019-03-10,14:31:53,Diners Club,Flipkart,Success,yes
TX5452911,U2418,6348691496169858,501.51,Mandya,2018-08-16,00:27:52,RuPay,Shell,Success,no
TX7213873,U1621,1988696565363239,110.57,Mysore,2025-06-22,03:57:26,Visa,Flipkart,Failed,no
TX5723939,U5001,0455733856689286,1570.02,Kochi,2019-08-24,02:27:45,MasterCard,McDonald's,Success,no
TX2555557,U7147,8268147351492675,621.25,Shillong,2024-06-30,13:44:00,MasterCard,McDonald's,Success,no
TX1029605,U9237,2104134993921540,1422.05,Delhi,2024-11-21,08:47:46,MasterCard,Amazon,Success,no
TX2832899,U7624,9516068467104745,1371.65,Udaipur,2021-12-14,04:37:27,American Express,Target,Success,yes
TX1747584,U9244,9062751209517937,621.35,Jaipur,2021-08-15,19:18:27,American Express,Apple Store,Success,no
TX1508979,U9255,0466382623926282,1894.78,Mysore,2024-07-01,10:34:53,MasterCard,Walmart,Success,no
TX9900975,U4958,1739948935411784,1559.05,Udaipur,2025-05-09,16:39:26,American Express,Apple Store,Success,yes
TX4511890,U797,5343592189694857,1960.47,Bangalore,2019-11-19,05:46:50,MasterCard,Starbucks,Success,no
TX5729846,U317,8929260659672616,927.37,Mysore,2023-03-28,11:44:54,American Express,Starbucks,Success,yes
TX8536263,U7136,3429171957556474,1744.67,Delhi,2021-11-21,11:43:15,RuPay,Flipkart,Failed,yes
TX9412747,U9239,2670791981332036,688.44,Mysore,2023-12-30,19:50:03,Diners Club,Best Buy,Success,no
TX3195212,U5796,3231490483766647,707.05,Darjeeling,2025-04-12,01:49:07,RuPay,Walmart,Success,yes
TX9552309,U6008,9962011778588560,1512.17,Mumbai,2019-06-16,17:26:36,Diners Club,Amazon,Success,no
TX1848853,U9425,4675785609550024,513.51,Delhi,2020-12-06,11:32:39,Visa,Walmart,Success,no
TX1615838,U529,7005636613029098,494.73,Udaipur,2020-08-10,06:51:27,American Express,Flipkart,Success,no
TX8656133,U8965,3853244777439408,306.17,Jaipur,2021-12-29,08:01:44,MasterCard,Starbucks,Failed,no
TX5177536,U1416,5835928553346079,448.58,Udaipur,2023-10-17,17:30:05,Diners Club,ExxonMobil,Success,no
TX5956347,U1990,0203476860518869,826.52,Jaipur,2023-05-28,10:12:28,Visa,Starbucks,Success,no
TX4768674,U9718,1083118560165384,579.76,Shillong,2020-08-01,00:58:25,RuPay,ExxonMobil,Failed,no
TX3971005,U6334,4394345641140785,1604.72,Hyderabad,2022-05-23,05:16:30,American Express,Starbucks,Success,no
TX9902196,U7444,0412342251517519,1462.57,Varanasi,2024-05-22,10:48:40,Diners Club,Target,Success,yes
TX1351895,U2784,1329428940832569,1288.73,Darjeeling,2018-07-05,20:13:27,MasterCard,Flipkart,Success,no
TX1352102,U8035,5528931814297288,1985.23,Hyderabad,2020-07-22,04:29:36,Visa,Apple Store,Success,no
TX6631974,U3151,3773008385090657,1754.01,Hyderabad,2021-05-24,13:26:27,Visa,Flipkart,Success,no
TX6525012,U5890,6924501506165729,82.75,Mysore,2020-08-19,15:36:02,Diners Club,Amazon,Success,no
TX1542558,U8316,9086775212114987,813.73,Mysore,2018-08-01,14:00:57,American Express,Best Buy,Success,no
TX3672414,U3070,7541214085243676,1856.09,Chennai,2023-03-09,14:11:58,Visa,Shell,Success,yes
TX9033416,U3748,7574321717718161,1132.53,Varanasi,2025-05-09,18:30:44,American Express,Target,Success,no
TX7759826,U853,1383982893185708,1215.9,Shillong,2023-10-30,14:59:09,MasterCard,Apple Store,Success,no
TX2575423,U275,5507197615627588,309.87,Mysore,2023-09-25,11:31:33,MasterCard,Shell,Failed,yes
TX6179199,U1640,0333621596291296,1641.85,Shillong,2025-04-09,01:03:58,American Express,Target,Success,no
TX9277386,U9815,4470884181078135,1192.78,Bangalore,2019-04-27,08:06:30,American Express,ExxonMobil,Success,no
TX6880147,U4853,0835274454380587,1884.03,Mandya,2019-11-23,04:53:55,MasterCard,Apple Store,Success,yes
TX1200502,U8081,5940819719960306,1949.59,Jaipur,2018-09-05,19:47:20,MasterCard,Flipkart,Success,no
TX5790831,U4224,7826619407237984,1661.4,Shillong,2023-11-03,06:09:36,MasterCard,Shell,Success,no
TX2219997,U9369,7616095302811385,483.37,Udaipur,2022-08-15,06:33:33,Visa,Amazon,Success,no
TX5624534,U3721,2944635803019990,500.69,Bangalore,2019-12-13,16:47:49,MasterCard,ExxonMobil,Success,no
TX4752305,U4072,8823799356522342,881.5,Shillong,2024-09-18,02:12:58,Diners Club,ExxonMobil,Success,yes
TX4521144,U1999,0548572190673302,1071.02,Hyderabad,2022-09-16,03:21:57,American Express,Flipkart,Success,no
TX2374604,U3391,7568150479817809,1629,Kolkata,2021-09-02,11:46:12,MasterCard,Amazon,Success,no
TX5928268,U2749,1683104174331970,801.06,Leh,2021-08-24,02:48:56,American Express,Target,Success,no
TX9290809,U1741,1343047811197856,1021.2,Chennai,2022-11-01,09:40:41,Diners Club,Starbucks,Success,no
TX4287227,U936,7765067372123993,1539.98,Kolkata,2019-02-02,10:36:30,Visa,Target,Success,no
TX6825418,U330,2863202709949147,1223.32,Kolkata,2023-06-18,09:39:41,American Express,Starbucks,Success,yes
TX2683076,U7927,5120669794299533,1821.78,Mumbai,2019-01-27,06:05:21,Diners Club,Amazon,Success,yes
TX6608502,U5819,3615162453626173,964.31,Udaipur,2021-02-05,02:03:23,Visa,Walmart,Success,no
TX2413754,U7391,4574535365068571,233.69,Kochi,2018-06-24,15:02:11,Diners Club,Best Buy,Success,yes
TX4142076,U6371,9839278226218692,840.45,Jaipur,2019-10-02,05:43:37,American Express,Flipkart,Success,no
TX7615974,U941,9386096732770987,1329.83,Udaipur,2025-03-14,18:57:16,Diners Club,Target,Failed,no
TX4072390,U3115,8893056803734612,178.44,Jaipur,2023-11-29,20:47:55,American Express,Flipkart,Failed,no
TX8908757,U6614,4381439842815871,1326.4,Kochi,2023-05-24,11:15:09,Diners Club,Amazon,Failed,no
TX7504466,U2911,0311224074970143,1504.22,Leh,2021-12-11,02:18:17,American Express,Shell,Success,no
TX9995341,U4603,5811374388156987,515.77,Shillong,2020-01-10,21:03:16,MasterCard,Walmart,Success,no
TX5080008,U2181,9729291251597512,831.51,Goa,2020-03-24,09:23:58,American Express,Flipkart,Success,no
TX6406165,U5097,6670383300921396,1805.09,Delhi,2021-08-16,09:19:05,RuPay,McDonald's,Success,yes
TX8897957,U8747,2951947705115475,724.89,Kolkata,2019-10-06,11:02:54,American Express,Best Buy,Success,no
TX1605923,U8596,7353446625612975,491.21,Jaipur,2020-03-31,15:36:38,Visa,Apple Store,Success,no
TX3326538,U9997,9798534047126481,1753.84,Mysore,2022-09-19,21:28:05,American Express,Flipkart,Success,yes
TX4349176,U7486,4460235500048115,108,Varanasi,2022-04-01,16:21:16,Diners Club,Amazon,Success,no
TX8612612,U2923,9312042821239380,1693.46,Varanasi,2019-05-11,08:45:16,RuPay,Amazon,Success,no
TX1693106,U8799,4924012129729601,818.8,Leh,2020-05-14,03:02:58,Diners Club,Walmart,Success,yes
TX2459078,U3652,3614282597790977,143.4,Delhi,2021-09-28,16:25:41,RuPay,Apple Store,Success,no
TX3053125,U9839,3790696734919297,1582.6,Varanasi,2024-09-30,13:56:42,Visa,Starbucks,Success,yes
TX7602951,U457,6823493850964329,408.16,Mumbai,2019-09-02,11:08:48,RuPay,Starbucks,Success,yes
TX7557812,U4592,5213915275928211,39.72,Jaipur,2024-05-11,20:44:38,MasterCard,Apple Store,Success,no
TX7338884,U4061,5299999977074804,873.52,Chennai,2019-05-19,20:56:36,MasterCard,Target,Success,no
TX7020056,U1575,1614139118808545,1142.38,Leh,2022-09-26,00:37:41,RuPay,McDonald's,Success,no
TX7721004,U6515,8895231782507839,1776.43,Mandya,2021-05-29,14:00:41,American Express,Walmart,Failed,yes
TX1878856,U7719,4535452443882471,736.35,Leh,2021-12-10,23:39:12,MasterCard,Shell,Success,no
TX2471830,U8112,0150355754749690,1423.7,Kochi,2019-06-26,02:47:23,Diners Club,Amazon,Success,no
TX6394751,U8869,9427658460520819,1092.36,Udaipur,2020-10-19,11:31:44,MasterCard,Flipkart,Success,no
TX5952448,U7205,4995742591989867,1476.85,Delhi,2024-07-29,12:33:25,Visa,Starbucks,Success,no
TX1625770,U1195,7345703298142087,474.11,Kolkata,2020-05-19,09:00:05,MasterCard,McDonald's,Success,no
TX9949228,U1433,3234183190834899,1807.05,Bangalore,2021-06-08,19:24:07,Diners Club,Best Buy,Success,no
TX1786421,U1264,7727349687574771,1896.46,Hyderabad,2025-03-16,12:16:43,MasterCard,McDonald's,Success,no
TX6851880,U5319,8801789688738056,413.26,Mandya,2022-11-27,14:44:25,RuPay,Apple Store,Failed,no
TX1876824,U495,1985147260224702,315.66,Mumbai,2018-07-04,09:12:23,RuPay,Flipkart,Success,yes
TX3599311,U7472,0451958540407557,953.84,Chennai,2022-11-18,04:06:12,Diners Club,Target,Success,yes
TX6100272,U7988,7184004414181223,947.98,Hyderabad,2023-02-12,03:54:50,American Express,Shell,Success,no
TX5381865,U1125,4325038439008057,754.97,Goa,2024-07-24,20:14:12,American Express,Flipkart,Failed,no
TX1696954,U5438,4782763354810227,799.67,Kochi,2024-09-27,08:54:01,RuPay,Apple Store,Success,yes
TX9071432,U7392,0767709259796782,967.66,Goa,2021-10-24,16:59:17,MasterCard,Flipkart,Success,no
TX3908287,U3611,2715597064325932,117.94,Udaipur,2019-07-13,13:31:42,Diners Club,Apple Store,Success,yes
TX8656860,U9295,6892180369349999,1223.16,Jaipur,2022-08-04,09:12:47,American Express,Starbucks,Success,no
TX1945183,U4751,3444856015095701,951.47,Mandya,2023-05-02,04:09:32,MasterCard,McDonald's,Success,no
TX6783202,U9828,4016048436688181,1330.23,Mandya,2024-02-28,18:09:34,RuPay,Target,Success,no
TX3195878,U6387,5343522307327285,1935.47,Hyderabad,2020-02-25,11:16:01,Diners Club,Starbucks,Success,yes
TX5885457,U6145,1088371777793998,157.36,Mumbai,2019-03-23,15:41:47,MasterCard,Apple Store,Success,no
TX9512106,U6392,5153433907349101,516.24,Chennai,2021-05-23,22:59:25,Diners Club,Target,Success,no
TX6332847,U5753,2142989695280971,191.95,Mysore,2020-06-17,03:03:54,Visa,McDonald's,Success,no
TX8968622,U2505,6971355612072299,306.14,Mandya,2024-03-25,06:15:32,RuPay,Amazon,Success,no
TX2960589,U6599,3240138480866981,406,Mandya,2021-09-26,11:47:26,American Express,Best Buy,Success,no
TX7020459,U6038,6535697167971081,676.95,Leh,2021-10-23,20:54:25,American Express,ExxonMobil,Success,no
TX2560007,U9519,6889875648369993,856.07,Kolkata,2020-05-20,23:37:40,Diners Club,Walmart,Success,no
TX8604082,U4397,7314746822402571,850.05,Delhi,2019-07-24,02:17:22,MasterCard,Best Buy,Success,no
TX9842692,U675,2788740283284801,1742.02,Shillong,2022-02-16,12:29:52,RuPay,Amazon,Failed,no
TX1994228,U3447,0284027925960047,52.49,Jaipur,2020-11-15,05:33:08,RuPay,ExxonMobil,Failed,yes
TX6915352,U4300,3045383622731777,376.08,Chennai,2019-07-20,18:17:07,Visa,Walmart,Success,no
TX8727208,U1963,6848137003896231,965.97,Hyderabad,2021-07-03,10:08:45,MasterCard,Flipkart,Success,no
TX8978844,U76,3597382290262867,295.42,Varanasi,2020-01-13,15:43:53,Diners Club,Target,Success,no
TX5537603,U6257,2018857931386171,415.85,Leh,2019-08-19,01:36:40,Visa,Target,Success,no
TX3236459,U3917,6547858512143167,474.83,Chennai,2021-08-13,21:11:50,MasterCard,McDonald's,Failed,no
TX9838480,U8797,8065721889177079,1788.7,Leh,2019-11-04,09:07:39,Diners Club,Flipkart,Success,yes
TX8006792,U6124,8008748597455700,511.88,Udaipur,2025-04-10,17:26:57,Diners Club,Shell,Success,no
TX2830173,U6830,7404443015704701,1485.01,Kochi,2018-02-11,10:01:59,American Express,Starbucks,Failed,yes
TX8182352,U6869,3641264958020986,243.92,Varanasi,2018-03-13,05:50:13,RuPay,Best Buy,Failed,no
TX1765167,U875,8234754493650960,1979.7,Goa,2023-07-12,08:57:42,American Express,Best Buy,Success,no
TX4429815,U612,8996478103130009,404.76,Goa,2023-06-13,13:55:46,MasterCard,Flipkart,Success,no
TX3552600,U7009,6792546932453121,292.67,Leh,2018-08-07,15:06:28,Visa,Flipkart,Success,yes
TX1586899,U7922,7431865042961122,1433.66,Hyderabad,2023-01-15,07:14:28,American Express,Shell,Success,yes
TX5347310,U5631,1999417165228550,1550.97,Mandya,2021-03-03,05:31:05,American Express,Amazon,Success,yes
TX5928159,U4359,4644782269063285,884.55,Goa,2019-07-06,14:13:27,Visa,Shell,Success,yes
TX1879917,U5701,3680090341824744,747.2,Goa,2019-04-11,02:16:55,Diners Club,Starbucks,Success,no
TX6697999,U5502,3366104302119881,81.62,Kolkata,2020-11-22,19:07:22,RuPay,Amazon,Success,no
TX9641131,U9831,5360170429642045,1217.33,Kochi,2020-03-22,05:59:17,American Express,McDonald's,Success,no
TX5700462,U2349,9306483871289290,1572.9,Varanasi,2018-07-05,23:20:08,American Express,McDonald's,Success,no
TX1351410,U4654,1781212291054524,906.05,Delhi,2022-07-30,16:29:19,American Express,Starbucks,Success,no
TX9702698,U5459,2430047421695173,849.28,Mysore,2024-01-25,21:11:47,Visa,Amazon,Success,no
TX4947799,U2172,0540244062189923,691.19,Kochi,2018-07-27,01:54:27,Diners Club,Walmart,Success,no
TX5175362,U7404,1435492236894482,415.16,Jaipur,2022-08-08,04:26:19,Diners Club,Walmart,Success,no
TX1543455,U8530,1598339656185501,1501.01,Varanasi,2018-09-02,15:32:51,MasterCard,Starbucks,Success,no
TX1395854,U5684,1964239130613214,1388.44,Chennai,2022-01-01,09:44:52,Diners Club,Best Buy,Success,no
TX5818999,U8837,2673923777268000,1897.06,Mysore,2018-04-14,11:42:17,Diners Club,Flipkart,Success,no
TX8463039,U8252,7689600407081755,1783.86,Mandya,2021-02-14,01:16:35,Visa,Flipkart,Success,no
TX3614074,U8789,6229832378870561,1419.19,Kochi,2022-01-19,08:17:09,RuPay,Starbucks,Success,no
TX9554987,U9688,7806610441580549,798.6,Goa,2018-02-07,00:12:57,Diners Club,Flipkart,Failed,yes
TX5491622,U5601,0943145422919689,704.99,Goa,2021-07-06,16:27:15,Visa,ExxonMobil,Success,no
TX9661529,U7928,8536998327585119,1095.04,Hyderabad,2025-02-17,17:13:01,Visa,Amazon,Success,no
TX2019455,U7575,2877430410371897,976.95,Mandya,2020-06-02,05:49:19,Diners Club,Walmart,Success,no
TX3683717,U6604,7580911023897036,222.92,Leh,2024-04-08,11:34:21,Diners Club,ExxonMobil,Success,no
TX2389698,U3284,5101886499572706,502.98,Mumbai,2023-05-29,13:38:54,MasterCard,McDonald's,Failed,no
TX4202225,U83,8938878059650158,12.29,Hyderabad,2023-08-20,17:44:17,MasterCard,Walmart,Success,yes
TX3592179,U1460,7207936491993545,502.37,Varanasi,2019-10-20,22:38:26,MasterCard,Amazon,Failed,no
TX5588156,U3041,2762197494123664,1368.7,Hyderabad,2019-09-18,05:52:48,American Express,Target,Success,yes
TX4304541,U723,3481526802137298,1008.09,Chennai,2024-05-03,17:25:01,RuPay,Flipkart,Failed,yes
TX6724753,U8971,3760849922621357,1151.13,Varanasi,2018-05-23,23:55:26,MasterCard,McDonald's,Success,no
TX2229709,U146,0325866451300526,278.53,Goa,2025-04-11,15:03:47,RuPay,Starbucks,Success,yes
TX6957421,U7646,8236334164137406,1590.48,Delhi,2023-02-16,16:01:53,American Express,ExxonMobil,Success,no
TX2026788,U2082,0998433842063274,1626.66,Mandya,2024-10-23,17:09:57,Visa,Best Buy,Success,no
TX8932715,U4605,5668884679469954,1831.85,Udaipur,2020-11-04,00:48:59,American Express,Flipkart,Success,no
TX3503045,U238,3076460253468876,150.52,Leh,2024-12-17,23:03:43,RuPay,Starbucks,Success,no
TX7238094,U4032,2517202149479527,1094.17,Shillong,2018-09-02,21:45:22,Diners Club,Target,Success,no
TX7462517,U3949,2008876732139049,737.23,Varanasi,2021-06-28,17:08:20,Visa,Shell,Failed,yes
TX6341420,U4090,1077431154764121,833.9,Delhi,2023-10-26,13:05:04,RuPay,McDonald's,Success,no
TX2722688,U6958,1496018599894893,1240.02,Chennai,2018-08-06,17:09:48,American Express,Best Buy,Failed,no
TX2203797,U2985,3539687907688783,761.22,Bangalore,2025-02-18,10:23:03,American Express,Shell,Success,no
TX4671087,U4962,7316485101705898,1908.08,Varanasi,2023-08-13,16:15:27,MasterCard,Starbucks,Success,yes
TX6748836,U3682,2937091879502136,72.04,Delhi,2018-02-26,09:45:33,RuPay,Starbucks,Success,no
TX8742391,U5230,9368237905415991,928.98,Mandya,2023-02-10,04:46:19,RuPay,Apple Store,Success,no
TX6512974,U5187,4152157636311323,1962.94,Kolkata,2022-02-23,04:46:11,RuPay,Target,Success,no
TX6117738,U7820,8327408279133629,1573.62,Kochi,2020-06-21,07:39:22,Diners Club,McDonald's,Success,yes
TX2293652,U7242,9070260074416995,136.6,Hyderabad,2023-03-24,00:19:27,Visa,Amazon,Success,yes
TX6751462,U1583,2775542072099015,1873.49,Shillong,2024-06-14,07:16:56,RuPay,Walmart,Success,no
TX5594878,U7420,9478078449603989,10.8,Delhi,2019-11-10,21:22:09,Visa,Flipkart,Failed,yes
TX3935780,U2838,7304397728478100,936.7,Darjeeling,2022-09-14,00:32:42,Visa,Apple Store,Success,no
TX7135536,U1794,6946686067592810,294.8,Delhi,2023-03-29,00:07:32,RuPay,Apple Store,Success,no
TX1055240,U4144,5938520007079928,904.53,Mumbai,2019-10-14,07:26:37,RuPay,ExxonMobil,Success,yes
TX3387037,U8781,1191637770698067,791.73,Delhi,2020-11-23,23:55:58,Visa,Apple Store,Success,no
TX7101980,U4209,5266708552562066,198.71,Mandya,2022-02-02,18:06:39,RuPay,Amazon,Success,yes
TX1061698,U6713,1324239067330532,678.76,Udaipur,2020-11-17,15:41:45,Diners Club,ExxonMobil,Success,no
TX7326895,U3146,5215960249941122,983.86,Leh,2024-01-14,05:38:22,American Express,Starbucks,Success,no
TX4167726,U5399,4667933689828772,305.96,Darjeeling,2018-12-17,00:59:00,American Express,Amazon,Success,no
TX2001611,U8309,3249022275067432,100.92,Leh,2022-04-16,08:54:37,Diners Club,ExxonMobil,Failed,no
TX4102365,U7811,2612153812779964,1505.81,Mysore,2018-10-02,19:30:29,American Express,Best Buy,Success,no
TX8710953,U131,0099565786549415,20.91,Delhi,2018-03-06,07:45:48,American Express,ExxonMobil,Success,no
TX8803871,U7631,3383516061281472,1351.91,Mumbai,2024-04-17,06:13:41,American Express,Amazon,Success,no
TX3721560,U2580,4588118563686646,148.02,Goa,2024-05-26,05:22:34,Diners Club,Amazon,Success,no
TX2407417,U5135,1631542702836018,104.26,Kochi,2025-02-12,00:23:02,Visa,Shell,Success,no
TX3826875,U3164,0740372983101590,545.75,Kochi,2024-05-05,18:19:17,MasterCard,McDonald's,Success,no
TX7464815,U87,7597161582258213,1186.11,Mandya,2025-03-21,00:24:34,Visa,ExxonMobil,Success,no
TX6946168,U8897,1768529815832349,1243.6,Leh,2024-10-08,06:01:39,Visa,Shell,Success,no
TX1329045,U1304,5198778944302508,556.07,Kolkata,2022-10-25,09:05:41,American Express,Walmart,Success,no
TX8525334,U2023,8928772427633150,1708.78,Kolkata,2023-11-26,22:23:30,Diners Club,Walmart,Success,no
TX3834299,U849,6118773835305442,1578.87,Udaipur,2019-07-17,20:46:15,American Express,Starbucks,Success,no
TX6046387,U5253,1989734515321315,482.32,Mysore,2020-06-06,02:50:57,Visa,Target,Success,yes
TX8522269,U104,6895768492964490,823.44,Chennai,2020-05-14,10:43:33,Visa,Best Buy,Success,no
TX8959481,U9666,7919469538378595,522.36,Jaipur,2018-12-02,01:30:19,Diners Club,ExxonMobil,Success,no
TX1337029,U6207,6826900752915652,855.87,Mandya,2018-01-15,20:32:30,American Express,McDonald's,Success,no
TX4197372,U3510,4760108524636762,480.38,Goa,2018-11-11,21:32:47,MasterCard,Target,Success,yes
TX3135869,U3187,9592018746000570,1002.55,Shillong,2024-07-10,22:44:17,Diners Club,Flipkart,Success,no
TX9868707,U2819,4170684934502792,913.23,Delhi,2021-03-29,22:30:21,American Express,Flipkart,Success,yes
TX4468459,U5363,2983966245008917,1304.01,Mumbai,2020-12-19,22:35:09,MasterCard,ExxonMobil,Failed,no
TX3457112,U983,2853605713047226,1509.94,Kochi,2023-04-18,17:05:50,American Express,Shell,Success,no
TX2103254,U3967,3537670985091958,1429.64,Mysore,2019-02-01,06:53:55,RuPay,McDonald's,Success,no
TX5989885,U7154,3200230020992970,504.62,Jaipur,2024-02-13,04:22:37,Diners Club,Shell,Success,no
TX8217304,U4343,2629877763574256,1507.85,Mysore,2018-02-16,23:45:56,Diners Club,Target,Success,yes
TX7484444,U8129,8147796920393650,1527.52,Delhi,2023-02-03,19:52:13,Diners Club,Walmart,Success,no
TX8582295,U4085,1769564309819067,1215.09,Bangalore,2021-08-23,10:52:19,RuPay,ExxonMobil,Success,yes
TX1216269,U759,1347629796257680,1643.66,Mysore,2023-05-03,10:03:53,Diners Club,McDonald's,Success,no
TX8535851,U4780,8665529446527537,630.66,Mandya,2021-10-21,16:25:09,RuPay,Apple Store,Success,no
TX3874018,U7909,5462228333338310,178.74,Chennai,2024-09-24,15:10:23,MasterCard,Starbucks,Success,no
TX1862455,U2540,2758723662084963,731.53,Udaipur,2019-12-31,21:43:17,Visa,McDonald's,Success,no
TX8915892,U2957,3510947986808940,754.45,Leh,2018-11-05,11:47:31,Diners Club,ExxonMobil,Success,no
TX9814589,U9989,3064345894405985,853.55,Varanasi,2019-06-01,09:24:49,American Express,Starbucks,Success,no
TX1966720,U6388,2154127609681832,1041.68,Shillong,2023-06-16,14:07:10,Diners Club,McDonald's,Success,no
TX3132309,U3036,2931912989727857,732.59,Mandya,2025-05-13,22:19:03,American Express,Flipkart,Success,no
TX2116636,U5243,2710151799590916,363.28,Bangalore,2025-01-26,02:52:41,Visa,Target,Success,yes
TX9256829,U6564,5740995976275160,1975.72,Mysore,2024-11-19,15:10:00,MasterCard,McDonald's,Success,no
TX8170274,U6560,2191684768683019,823.21,Goa,2018-04-21,15:24:48,RuPay,McDonald's,Success,no
TX3655748,U9445,3599294341554229,80.08,Kochi,2019-12-04,10:16:25,American Express,Starbucks,Failed,no
TX6746712,U2146,7965263620332445,1816.44,Udaipur,2022-05-12,18:33:47,RuPay,Starbucks,Success,no
TX6697636,U6090,1568145730524912,1389.53,Udaipur,2021-11-19,08:33:35,MasterCard,Shell,Success,yes
TX4948764,U1960,3878743955036469,1882.68,Jaipur,2020-07-04,14:04:50,Visa,Starbucks,Success,yes
TX6417582,U3097,0291851232798769,1678.59,Mandya,2020-09-18,22:22:57,RuPay,McDonald's,Success,yes
TX6819052,U9022,0263789595331202,615.55,Jaipur,2019-02-26,21:27:24,Visa,Flipkart,Success,no
TX1076149,U3343,3826397611831841,388.7,Chennai,2021-04-11,05:42:09,RuPay,McDonald's,Failed,yes
TX8381561,U2990,2495693840218446,154.46,Goa,2021-02-18,16:49:39,Diners Club,Flipkart,Success,no
TX2415274,U4333,6742743877269612,1813.35,Leh,2019-08-31,00:45:29,Diners Club,McDonald's,Success,no
TX9235765,U2918,5529544773026645,341.98,Darjeeling,2020-07-15,17:15:26,Visa,Walmart,Success,no
TX9256805,U394,6391613144383023,1446.2,Varanasi,2023-09-05,22:02:27,American Express,Target,Success,yes
TX6507518,U2643,3581771338966285,723.91,Kolkata,2021-09-23,23:21:02,Diners Club,Walmart,Success,no
TX5782617,U5349,4626881991951678,1345.73,Mandya,2024-09-23,00:05:22,Visa,Shell,Success,no
TX2305890,U7830,5239592597884459,1794.73,Leh,2023-07-05,00:36:06,Visa,Flipkart,Success,yes
TX7302960,U9028,1541700046710643,508.05,Mysore,2024-04-08,13:59:34,RuPay,Starbucks,Success,no
TX4603113,U8136,0904171538302655,880.77,Leh,2024-07-05,17:01:59,Diners Club,Amazon,Success,no
TX8691678,U7049,2378644958947617,1757.56,Hyderabad,2022-04-22,22:37:30,RuPay,Best Buy,Success,no
TX8834128,U9093,2386610903400500,423.35,Darjeeling,2019-03-04,08:36:57,MasterCard,ExxonMobil,Success,no
TX2173195,U2685,5729891616666378,1559.1,Kochi,2025-03-08,14:00:03,RuPay,Flipkart,Success,no
TX4943122,U337,9814395102454783,1312.9,Varanasi,2021-02-18,05:08:19,RuPay,McDonald's,Success,no
TX9271643,U1992,3785260336300902,1517.01,Mumbai,2019-10-06,06:45:40,Diners Club,Apple Store,Success,no
TX5624940,U4232,8242241618420718,1922.1,Mumbai,2019-02-03,15:22:30,Visa,Flipkart,Success,no
TX7898655,U7628,5211060406383400,1517.5,Goa,2020-09-29,12:26:57,Visa,Amazon,Success,yes
TX1117727,U2234,0566853700912043,1270.39,Mandya,2025-05-15,17:02:03,American Express,Best Buy,Success,yes
TX5769803,U8520,8446172605492791,1850.28,Jaipur,2021-08-22,16:37:20,MasterCard,McDonald's,Success,no
TX8375618,U8307,7636057809650896,185.89,Mandya,2023-02-21,01:34:31,Visa,ExxonMobil,Success,no
TX9100831,U5637,5450658271289480,603.71,Shillong,2024-09-17,18:02:09,RuPay,Amazon,Success,no
TX5342372,U5262,7114623451643390,369.99,Varanasi,2021-07-12,19:19:16,American Express,Shell,Success,no
TX1333530,U656,8055357391575474,98.04,Kochi,2023-05-31,05:15:40,Visa,Walmart,Success,no
TX2461164,U2716,7974451976451297,1114.64,Varanasi,2020-09-06,09:38:24,Visa,Apple Store,Success,no
TX8928543,U6940,2875442644485620,686.48,Chennai,2020-09-24,16:05:41,RuPay,Flipkart,Success,no
TX6437964,U8046,9849608219985756,1752.97,Darjeeling,2018-06-08,01:55:42,Visa,Apple Store,Success,no
TX8555726,U5383,3299651405992542,245.49,Goa,2018-03-29,16:52:52,Diners Club,Best Buy,Success,no
TX1117687,U5199,8883832175594137,715.73,Varanasi,2022-03-23,09:32:28,Diners Club,McDonald's,Success,no
TX2239787,U5945,3201447139646083,443.58,Kochi,2024-05-23,19:04:06,Diners Club,Target,Success,no
TX1257063,U1813,4973738676701565,1495.81,Mandya,2023-11-26,11:58:43,MasterCard,Apple Store,Success,yes
TX4596616,U7160,7780995410033162,848.24,Kochi,2020-01-27,08:51:32,American Express,Target,Success,no
TX9081842,U2096,6236729304434499,979.72,Udaipur,2020-11-15,16:39:02,Diners Club,Target,Success,no
TX2419314,U7556,1725367433882286,63.11,Chennai,2023-01-04,18:58:00,MasterCard,ExxonMobil,Success,no
TX1532593,U9354,4136749093134977,1483.98,Mumbai,2023-04-25,16:17:33,Diners Club,Target,Success,no
TX7884931,U6108,4676473147552231,346.91,Leh,2023-02-18,09:16:06,American Express,ExxonMobil,Success,no
TX3579735,U3391,6791095338770342,758.83,Bangalore,2021-11-12,07:29:21,RuPay,Best Buy,Success,no
TX5544361,U6427,2186282192287740,1490.9,Bangalore,2023-11-05,06:05:59,American Express,Shell,Success,no
TX2997683,U4953,0344073147524669,1153.22,Varanasi,2022-05-19,20:48:47,Diners Club,Walmart,Success,no
TX8080805,U4569,6814492298411018,1647.69,Shillong,2021-07-23,00:02:22,Diners Club,Shell,Success,no
TX6583162,U8189,0751842663007042,1298.58,Leh,2024-05-22,13:55:20,Diners Club,Shell,Success,no
TX6045610,U5875,0206112380170789,789.63,Udaipur,2022-04-22,18:28:40,Visa,Walmart,Failed,no
TX1084961,U1546,4549393569679445,82.97,Varanasi,2018-04-03,10:41:20,Visa,Starbucks,Success,no
TX2693932,U1512,5704674837563503,626.89,Kolkata,2018-04-16,09:19:24,RuPay,Flipkart,Success,no
TX6100012,U6086,5059245298368025,990.1,Delhi,2024-11-15,09:05:24,American Express,Best Buy,Success,yes
TX2150770,U2077,6149657288742424,1421.31,Kochi,2022-06-14,02:59:19,MasterCard,Walmart,Success,no
TX9786534,U8239,8295980763134978,1278.52,Darjeeling,2023-03-03,01:23:24,RuPay,ExxonMobil,Failed,no
TX4952817,U4635,1145079026746061,1975.65,Udaipur,2024-11-06,16:34:15,RuPay,Apple Store,Success,no
TX8757433,U2064,2830884495606685,1165.68,Mandya,2019-10-28,02:26:33,Diners Club,Best Buy,Success,no
TX6224046,U9885,3831110375618143,994.54,Chennai,2020-11-02,16:48:32,MasterCard,Starbucks,Success,no
TX6614142,U2025,1630004173011403,221.86,Goa,2018-10-30,09:39:30,Visa,Walmart,Success,no
TX2345567,U9823,7782066447303435,1541.3,Hyderabad,2020-08-07,08:28:09,RuPay,Apple Store,Success,no
TX7954119,U5840,8608279024850485,1711.64,Kolkata,2023-09-21,02:48:00,RuPay,Walmart,Success,no
TX4083642,U796,0468822702801238,209.8,Goa,2022-10-25,01:23:43,Diners Club,Shell,Success,yes
TX6745404,U6627,4445227886474289,255.63,Kochi,2021-09-21,21:24:21,RuPay,ExxonMobil,Success,no
TX8159500,U7963,5799809262452029,119.27,Hyderabad,2018-02-24,04:05:44,Diners Club,ExxonMobil,Success,no
TX4562551,U7640,7153426228155395,254.22,Goa,2021-12-08,20:20:42,Diners Club,Target,Failed,no
TX3047058,U1538,3260781639623643,232.24,Chennai,2020-04-26,15:53:03,Visa,McDonald's,Success,no
TX6344630,U2919,9911847813953488,504.99,Shillong,2023-11-12,08:12:36,RuPay,Apple Store,Success,no
TX8561006,U1335,8922016292561319,798.11,Kolkata,2020-05-20,17:49:05,Diners Club,McDonald's,Success,no
TX4610488,U7304,0827305366152289,551.94,Shillong,2020-02-18,08:00:56,MasterCard,ExxonMobil,Failed,yes
TX8279131,U9974,0668214170594486,212.01,Jaipur,2022-10-05,10:06:55,American Express,Apple Store,Failed,no
TX1833916,U9038,1581648294854480,952.53,Delhi,2021-10-24,14:03:55,American Express,ExxonMobil,Failed,yes
TX3139582,U5608,3792370860650285,1723.9,Chennai,2018-06-08,12:15:06,Visa,Walmart,Success,yes
TX4118871,U270,1890350205682307,506.73,Darjeeling,2018-03-24,11:20:17,American Express,ExxonMobil,Success,no
TX8983467,U3153,3635488546972777,998.22,Jaipur,2019-02-14,04:54:34,MasterCard,Amazon,Success,no
TX2007696,U540,9661685537351654,1544.83,Kolkata,2021-03-29,05:27:24,American Express,Starbucks,Failed,no
TX2998958,U6619,1672944987353108,116.95,Udaipur,2025-02-17,21:30:34,American Express,Best Buy,Failed,no
TX1401799,U1930,2772401884974087,948.38,Leh,2019-11-13,16:10:10,American Express,McDonald's,Success,no
TX9785058,U7686,2000645621169281,1805.29,Kochi,2019-04-20,15:50:08,American Express,Flipkart,Success,no
TX1703107,U3797,6711915657858969,763.25,Shillong,2019-07-16,09:12:47,RuPay,Flipkart,Success,no
TX9406589,U8378,1360437275092635,262.91,Jaipur,2021-04-10,12:19:43,RuPay,Best Buy,Success,no
TX5761887,U962,8068709616071270,1369.66,Leh,2018-10-13,18:29:11,Visa,Apple Store,Failed,yes
TX4259421,U2399,9498978198396987,1998.97,Darjeeling,2025-03-26,08:44:43,Diners Club,ExxonMobil,Success,no
TX3720355,U5739,1499919065054476,1467.05,Varanasi,2021-12-17,17:20:21,American Express,Best Buy,Success,no
TX8722471,U2829,6293016902381161,1402.44,Kochi,2021-09-07,10:32:18,Visa,Shell,Success,no
TX3584878,U9068,5947662108847797,1928.13,Kolkata,2018-06-03,10:55:01,American Express,Best Buy,Success,no
TX1823393,U4595,5456136306065856,1303.26,Goa,2021-06-22,01:08:00,Diners Club,Flipkart,Success,no
TX2448366,U234,3620049756958894,1564.11,Hyderabad,2020-10-25,18:50:56,MasterCard,Walmart,Success,yes
TX1856470,U5758,3672119408378301,93.99,Bangalore,2021-11-02,21:10:21,American Express,Shell,Success,yes
TX5531412,U7492,7753559477968629,80.81,Goa,2021-04-21,15:34:37,MasterCard,ExxonMobil,Failed,yes
TX2270397,U8343,3253501941136205,558.83,Mysore,2018-05-17,15:26:55,American Express,Target,Failed,no
TX8096343,U7171,7553241989761582,529.43,Shillong,2019-04-23,07:52:37,RuPay,Best Buy,Success,no
TX3671358,U9730,8688519330324347,444.53,Goa,2018-12-06,17:03:59,American Express,Shell,Success,yes
TX6382520,U98,3380176855304611,1859.18,Udaipur,2018-03-16,05:59:25,Diners Club,Amazon,Success,no
TX7423285,U8398,6625726542389128,1970.04,Mumbai,2019-08-25,04:40:01,Visa,Starbucks,Success,no
TX9444430,U8578,4434490169015387,1369.99,Hyderabad,2024-05-26,20:20:10,Diners Club,ExxonMobil,Success,yes
TX4065601,U6656,8175539710102453,866.23,Udaipur,2023-10-30,06:05:15,MasterCard,ExxonMobil,Success,no
TX1146995,U1658,3247433658714222,323.43,Udaipur,2022-09-30,11:25:30,American Express,Flipkart,Success,no
TX2984697,U5002,0652411574916372,309.47,Varanasi,2023-12-13,18:59:33,RuPay,Apple Store,Success,no
TX6606273,U1076,6025516181977028,568.77,Delhi,2022-11-16,12:35:42,Visa,ExxonMobil,Success,no
TX9015030,U8413,9522968841653447,1958.98,Leh,2023-06-06,23:57:06,RuPay,Walmart,Failed,no
TX5924302,U5099,5301414463073988,1622.44,Kolkata,2024-09-13,08:12:45,MasterCard,Best Buy,Success,no
TX2526087,U1289,1348867088647472,750.83,Mumbai,2018-01-19,22:31:35,RuPay,Shell,Success,no
TX4196569,U1514,5006692667157080,1496.68,Kochi,2025-02-24,05:00:49,MasterCard,Amazon,Success,no
TX1164623,U3743,0671112650226834,1111.29,Udaipur,2019-06-12,06:55:38,MasterCard,Amazon,Success,no
TX9757742,U3197,5672841905589689,270.88,Darjeeling,2019-09-25,22:07:54,American Express,Shell,Success,no
TX2287286,U5216,7340882314275436,1495.87,Delhi,2023-02-16,23:32:30,RuPay,Walmart,Success,yes
TX8401463,U9934,1352249870271719,792.34,Varanasi,2018-02-11,00:34:03,Visa,Best Buy,Failed,yes
TX3602086,U5935,3647258618216647,994.21,Jaipur,2018-09-27,04:11:15,Visa,Apple Store,Success,yes
TX4174242,U1888,0065108071698793,755.94,Kochi,2020-04-22,11:41:19,Visa,ExxonMobil,Failed,no
TX1375704,U8504,5191171415458248,562.05,Varanasi,2019-01-30,04:33:44,RuPay,Shell,Failed,no
TX6871478,U4182,8624634821287387,1800.45,Varanasi,2023-04-06,01:51:58,American Express,Target,Failed,no
TX9341377,U8196,3057830265986676,1740.27,Goa,2025-06-28,13:28:52,RuPay,Flipkart,Success,no
TX8902273,U620,5687384786949664,1785.03,Chennai,2025-06-09,14:41:53,MasterCard,McDonald's,Success,yes
TX2911260,U3810,1287123934554044,505.68,Goa,2018-05-31,22:23:09,RuPay,Amazon,Success,no
TX5766352,U7310,0987308640529672,747.63,Chennai,2021-10-21,02:24:47,American Express,ExxonMobil,Success,no
TX7159097,U1341,0053700704559248,1424.36,Varanasi,2020-03-01,08:33:37,MasterCard,Starbucks,Failed,no
TX8715691,U9865,9936132049485740,1876.09,Shillong,2022-05-22,10:51:33,Diners Club,Best Buy,Success,no
TX3870870,U3785,9312107531762644,1385.91,Mumbai,2020-01-17,19:11:04,Visa,Target,Success,no
TX4624555,U4259,6332599927826603,122.84,Kolkata,2018-01-01,03:07:37,RuPay,ExxonMobil,Success,yes
TX6517215,U5263,8981055395157579,1448.75,Goa,2021-07-17,13:31:34,American Express,Shell,Success,no
TX9945621,U142,3020880520293929,1244.83,Jaipur,2019-01-19,22:23:12,MasterCard,ExxonMobil,Success,no
TX5976662,U6453,1406666161683213,1836.47,Leh,2022-05-26,21:32:29,MasterCard,Target,Success,no
TX2268563,U6859,3634443915320627,1646.28,Goa,2024-01-24,04:46:42,Visa,Shell,Success,no
TX3938852,U2828,6329721726572730,1687.22,Goa,2022-01-27,19:03:09,MasterCard,ExxonMobil,Success,no
TX8074896,U396,7368786878549257,220.26,Kochi,2018-04-26,03:03:48,American Express,McDonald's,Success,no
TX2451345,U9928,0753981230477302,322.98,Mysore,2021-01-08,00:21:54,Visa,Apple Store,Success,no
TX1826949,U9573,5646715370938458,1617.87,Mumbai,2020-06-01,15:46:05,MasterCard,McDonald's,Failed,no
TX7163015,U7911,1468846181511439,1411.9,Kolkata,2018-12-16,08:34:55,MasterCard,Flipkart,Success,yes
TX3004604,U311,0266190331591426,1322.41,Hyderabad,2020-09-30,16:42:56,MasterCard,Best Buy,Success,no
TX2535161,U875,4033090217770501,309.9,Goa,2024-08-04,04:56:37,Diners Club,Target,Success,no
TX8551184,U3740,3882510586994006,1097.66,Leh,2020-10-18,07:52:45,RuPay,Apple Store,Success,yes
TX7916330,U2501,2832057464746389,1578.21,Mumbai,2020-05-16,16:57:09,Visa,Amazon,Success,no
TX5089533,U5343,3728230486341212,463.69,Kolkata,2018-02-08,09:54:15,American Express,Target,Success,no
TX4224690,U8786,0151711184930508,377.29,Mumbai,2020-03-14,12:48:25,MasterCard,McDonald's,Success,no
TX7981923,U9594,3952821764763222,118.28,Jaipur,2019-10-01,12:32:31,Diners Club,Starbucks,Success,no
TX8044880,U3264,9736205062118277,501.3,Shillong,2021-08-06,14:14:09,American Express,Flipkart,Success,no
TX9265999,U5021,5723384817534624,1982.39,Jaipur,2018-08-28,14:37:05,Diners Club,Walmart,Success,no
TX9882069,U6469,2316721719771649,1993.91,Mumbai,2018-06-22,09:37:58,Visa,Shell,Failed,no
TX1816781,U3016,9486829140814819,435.01,Mumbai,2021-09-20,03:33:54,Visa,Flipkart,Success,yes
TX7284671,U2177,2322651169719626,1308.04,Shillong,2023-11-29,07:27:45,MasterCard,ExxonMobil,Success,no
TX2561798,U3691,7548187218362373,1788.04,Jaipur,2025-05-30,11:40:58,Visa,Walmart,Failed,no
TX7775004,U3378,8894850017151700,1781.99,Varanasi,2018-04-29,20:03:25,American Express,Amazon,Success,no
TX9573572,U5254,9555568219029587,226.27,Bangalore,2023-10-21,07:17:29,American Express,Flipkart,Failed,no
TX7955995,U6789,0567414190548022,307.65,Goa,2018-07-13,07:40:50,American Express,McDonald's,Success,yes
TX8298189,U5415,9384850229125153,1542.57,Mysore,2023-10-05,03:38:54,MasterCard,Amazon,Success,no
TX3043570,U6189,3912924872853737,1833.76,Mandya,2019-01-21,07:27:53,Visa,Apple Store,Success,no
TX4199998,U3510,2082196843645343,24.7,Delhi,2022-03-14,09:07:07,MasterCard,Starbucks,Success,no
TX3475997,U1874,0867884936437783,195.26,Bangalore,2019-01-01,20:54:55,MasterCard,ExxonMobil,Success,no
TX7252377,U7074,9915429393912115,12.6,Delhi,2022-08-01,22:54:57,MasterCard,Flipkart,Success,no
TX6993789,U2157,2284032353873433,512.24,Hyderabad,2020-08-01,10:21:27,American Express,Shell,Success,no
TX1257233,U2289,9517185460457920,1977.13,Delhi,2022-09-21,02:24:04,American Express,Target,Success,no
TX4460233,U3238,7677076586248489,535.15,Jaipur,2019-09-27,18:50:15,Visa,Amazon,Success,no
TX9664535,U3911,6458737661416859,1424.91,Hyderabad,2024-06-28,04:38:43,Diners Club,Shell,Failed,no
TX8149810,U7845,7823617888475737,457.78,Chennai,2020-09-10,10:13:16,MasterCard,Apple Store,Success,no
TX3985972,U3369,6906037633794223,1413.2,Shillong,2023-10-27,07:04:34,RuPay,Shell,Success,no
TX5435071,U9857,9205052820714406,1024.96,Mysore,2020-12-01,09:23:50,RuPay,McDonald's,Success,no
TX3537100,U8798,0797427335993905,1233,Udaipur,2021-05-24,21:29:41,MasterCard,Target,Success,no
TX9042483,U2353,4694804458388854,1593.95,Goa,2022-05-12,06:05:25,MasterCard,Apple Store,Success,yes
TX1390960,U6956,2830756630193559,1253.03,Goa,2024-10-01,22:14:48,RuPay,Amazon,Success,no
TX4120357,U2523,5752059174467532,1138.83,Kolkata,2023-07-30,15:02:16,RuPay,McDonald's,Success,no
TX4116998,U8216,3368217430049890,256.74,Kolkata,2018-04-19,21:50:54,American Express,Best Buy,Success,no
TX6366998,U1323,9575435436144467,767.83,Kochi,2024-12-23,23:35:23,MasterCard,Shell,Failed,no
TX4735388,U3607,5486600480551155,280.06,Mandya,2021-02-09,11:47:49,Visa,Apple Store,Success,no
TX4312002,U3376,5953549608568783,38.39,Darjeeling,2024-04-12,08:58:07,MasterCard,McDonald's,Failed,no
TX5941962,U3814,2213242972415769,1028.91,Udaipur,2024-04-21,22:54:47,MasterCard,McDonald's,Success,no
TX5448299,U3826,8678647425118704,1977.18,Goa,2022-06-08,14:57:22,MasterCard,Apple Store,Success,no
TX4780475,U5258,7163324125888508,549.21,Varanasi,2018-12-17,02:44:55,MasterCard,Shell,Success,no
TX7398166,U3799,1852110959306180,1926.22,Mysore,2024-07-21,14:56:20,Visa,Apple Store,Success,no
TX6938514,U5183,5683299087009403,1328.94,Udaipur,2021-04-20,15:45:59,RuPay,Target,Failed,yes
TX9150585,U6156,1359712160221690,1901.28,Mandya,2020-09-18,22:38:10,Diners Club,Walmart,Success,yes
TX5918517,U9932,3160554307795962,1884.52,Jaipur,2018-10-13,07:51:27,RuPay,Starbucks,Success,no
TX1578492,U7690,8512678492874740,882.98,Bangalore,2018-05-27,18:24:00,RuPay,Shell,Success,yes
TX8890590,U1153,6032920704276058,205.51,Delhi,2020-02-17,09:38:03,MasterCard,Target,Success,yes
TX4344406,U7582,3057561716365439,1668.96,Goa,2020-07-02,16:12:23,Visa,Best Buy,Failed,no
TX7263302,U4142,7497831751335407,289.93,Shillong,2022-03-17,05:46:07,RuPay,Walmart,Success,no
TX6366324,U4822,7565525442572168,1373.13,Hyderabad,2021-08-31,19:35:58,RuPay,Amazon,Success,no
TX6293784,U7912,8323667714266833,1938,Goa,2018-12-31,22:18:16,MasterCard,Shell,Success,no
TX8160060,U4880,1637137165084541,501.56,Jaipur,2024-12-25,00:04:07,American Express,Flipkart,Success,no
TX4675810,U7866,8545866232248031,861.94,Goa,2020-10-27,04:40:47,MasterCard,McDonald's,Success,no
TX9919943,U4286,4303968525296172,213.61,Mandya,2021-02-11,14:11:30,American Express,Best Buy,Failed,yes
TX2486084,U5285,4457910454691020,1527.17,Kochi,2019-09-02,00:19:01,American Express,McDonald's,Success,no
TX8387328,U2253,0767749027249149,934.92,Bangalore,2019-08-26,05:57:08,Visa,Walmart,Success,no
TX3766743,U5755,8671489815992641,181.97,Mysore,2018-10-04,13:21:45,RuPay,ExxonMobil,Success,no
TX8714522,U7148,3579159288792251,578.44,Leh,2023-06-30,07:14:31,MasterCard,McDonald's,Success,no
TX4634360,U3434,9403219642333621,1124.01,Mandya,2021-02-01,06:12:44,RuPay,Best Buy,Success,no
TX4649606,U3394,2454177296821217,405.27,Chennai,2019-10-29,00:14:07,RuPay,McDonald's,Success,no
TX4162692,U1405,6307162829764233,975.26,Udaipur,2021-08-26,01:05:01,MasterCard,Flipkart,Failed,no
TX1921678,U4369,1268224576332049,154.9,Mandya,2023-08-14,09:31:02,Diners Club,Best Buy,Success,no
TX5910461,U2624,3228432516667973,505.84,Udaipur,2021-07-04,13:54:00,MasterCard,Amazon,Success,no
TX7216171,U7706,8909833310159010,86.91,Jaipur,2025-05-24,18:40:33,Visa,ExxonMobil,Success,no
TX4001191,U3035,9461807877178670,359.35,Kochi,2019-03-10,22:04:19,MasterCard,Walmart,Success,no
TX4199698,U3447,2951165043326728,1596.81,Varanasi,2018-02-23,05:30:42,Visa,Shell,Success,no
TX9963406,U7573,4191556530361496,408.38,Udaipur,2020-11-18,01:20:38,Diners Club,Apple Store,Success,no
TX1995672,U4997,2380229087227314,1380.51,Shillong,2020-09-08,21:05:19,MasterCard,Amazon,Success,no
TX2965888,U3353,3807727887044968,1832.56,Goa,2020-02-17,20:22:11,Diners Club,Target,Failed,no
TX9789325,U8563,0962335321889309,1480.88,Hyderabad,2020-11-03,23:04:03,Visa,Best Buy,Success,no
TX3609448,U8176,9939308647440235,521.37,Shillong,2024-03-12,19:50:41,RuPay,Flipkart,Failed,yes
TX3454121,U9953,2182702537148269,1855.08,Darjeeling,2024-02-27,01:07:39,Visa,Starbucks,Success,no
TX9189728,U1698,4365765081730867,916.43,Goa,2022-07-17,04:01:32,RuPay,Shell,Failed,no
TX1239665,U1116,4285646132391072,1140.84,Mumbai,2025-03-15,08:49:02,Visa,McDonald's,Failed,yes
TX6185325,U1659,7699791340525275,1167.56,Udaipur,2024-12-30,08:37:21,American Express,Amazon,Failed,yes
TX4593757,U9612,7825898050967625,1112.95,Chennai,2018-10-13,04:05:57,MasterCard,Apple Store,Success,yes
TX2026571,U5128,9051718510511518,1144.05,Goa,2018-09-09,00:30:13,RuPay,ExxonMobil,Success,no
TX6645623,U4031,0121575619022740,1845.61,Chennai,2022-07-20,03:24:15,MasterCard,McDonald's,Failed,no
TX9863571,U5612,5422867085541719,1545.54,Goa,2024-01-23,14:02:24,Diners Club,McDonald's,Success,yes
TX5935261,U9763,4587319974750644,1855.77,Chennai,2019-05-06,03:11:22,Diners Club,Amazon,Failed,yes
TX4443841,U7128,7532769802163523,1064.91,Delhi,2019-10-13,12:36:11,Diners Club,Target,Success,no
TX7244590,U2188,3284752834383373,1333.29,Leh,2025-05-27,13:05:45,MasterCard,Amazon,Success,yes
TX8492680,U5508,8467433402543830,181.76,Hyderabad,2018-06-16,21:14:41,MasterCard,Walmart,Success,no
TX4850466,U6783,5856858365642800,358.78,Shillong,2019-01-05,00:03:04,Visa,Shell,Success,no
TX5102356,U1436,1939071761162289,331.98,Mumbai,2021-03-19,08:08:14,RuPay,Amazon,Failed,yes
TX2572150,U1684,7991417422160739,1726.91,Jaipur,2018-03-23,15:47:46,Visa,Shell,Success,no
TX1366684,U3807,2396587153504356,932.42,Mandya,2024-03-08,06:25:55,RuPay,Apple Store,Success,yes
TX5685290,U2983,3928631148510373,317.26,Kochi,2022-01-01,21:00:32,RuPay,Flipkart,Failed,yes
TX8532838,U3452,8770425600936776,1375.17,Leh,2018-09-16,20:46:48,MasterCard,ExxonMobil,Success,yes
TX8684102,U4222,4016005766067213,837.94,Mandya,2023-12-28,18:05:44,Diners Club,Starbucks,Success,no
TX7232907,U8299,2858264414802561,247.93,Kochi,2023-06-07,06:10:29,Diners Club,McDonald's,Success,no
TX6772061,U2998,1227461139527271,678.68,Mumbai,2018-02-04,22:03:23,Diners Club,Apple Store,Success,no
TX5038062,U7957,5105919282219046,347.84,Varanasi,2018-08-16,01:54:53,American Express,ExxonMobil,Success,no
TX6025956,U2530,8399444855800546,1767.77,Varanasi,2019-05-11,03:44:54,Visa,Apple Store,Success,yes
TX9799451,U5995,4760849592958741,1807.25,Delhi,2018-05-08,00:40:19,RuPay,McDonald's,Success,no
TX3570151,U2100,4819958659922897,591.16,Leh,2018-09-21,17:32:20,RuPay,Walmart,Success,no
TX4714327,U9563,0007791562147320,1603.07,Hyderabad,2023-01-21,04:33:38,Diners Club,Target,Success,no
TX1074119,U3251,5923880969781694,864.72,Kochi,2023-08-16,00:43:12,Visa,Target,Success,yes
TX5479873,U1713,6901189590485253,502.75,Hyderabad,2021-06-12,21:48:17,American Express,Shell,Failed,no
TX9881988,U3785,0636403538772695,159.82,Bangalore,2021-12-23,14:56:13,Diners Club,Starbucks,Success,no
TX7269181,U608,8007279460881786,1451.45,Mysore,2018-04-23,19:14:49,Visa,Starbucks,Success,no
TX7037837,U7436,9164874118461522,1286.17,Mandya,2024-10-23,22:33:04,Visa,ExxonMobil,Success,no
TX4633719,U8896,0048334877713442,1389.07,Chennai,2018-04-29,22:26:31,RuPay,Target,Success,no
TX5219939,U5539,7366736122181072,190.96,Kochi,2018-04-10,19:11:38,Visa,McDonald's,Success,no
TX8322967,U7226,8493496765991411,1140.7,Kolkata,2024-07-28,23:28:32,RuPay,McDonald's,Success,no
TX9034646,U5628,9299176024561678,115.71,Mumbai,2020-01-13,06:47:05,MasterCard,Amazon,Success,no
TX6707256,U1787,1815177026418788,883.54,Goa,2021-03-13,17:49:47,Diners Club,Best Buy,Success,no
TX8702575,U5536,7528109633250122,1115.75,Chennai,2018-02-08,05:05:13,RuPay,Flipkart,Success,no
TX6184759,U2889,4082724119052308,1220.58,Leh,2020-04-27,09:48:02,RuPay,Best Buy,Success,no
TX8990986,U3586,4189283671053414,462.88,Mysore,2018-05-26,15:41:42,Visa,Amazon,Success,no
TX5318005,U4391,5430258365854915,605.17,Kochi,2019-12-29,05:53:34,Visa,ExxonMobil,Success,no
TX1303539,U6380,3302783352317324,347.16,Mandya,2024-11-26,09:12:52,American Express,Walmart,Success,no
TX4502564,U532,7470237713929056,341.53,Leh,2020-04-09,11:48:17,American Express,Starbucks,Success,no
TX3294006,U3088,8910487264028853,334.94,Shillong,2023-07-29,20:51:06,American Express,ExxonMobil,Success,no
TX5538253,U740,3866817916638436,1569.79,Hyderabad,2024-01-22,01:35:30,Diners Club,Starbucks,Success,no
TX4221442,U4060,7924799887149910,608.66,Mysore,2025-01-05,01:16:07,Diners Club,Flipkart,Success,no
TX8424998,U4805,4339592549275202,134.17,Mandya,2024-05-31,21:35:27,Visa,McDonald's,Success,no
TX6386311,U8673,7557820527313937,361.33,Chennai,2024-06-09,20:54:35,MasterCard,Flipkart,Success,no
TX5580373,U1946,9037772383540814,1063.96,Kochi,2022-09-10,19:25:36,American Express,ExxonMobil,Success,yes
TX5926256,U2281,9888035720278122,1862.04,Kolkata,2020-05-26,09:08:02,American Express,Amazon,Failed,yes
TX6800281,U7360,2698459291378335,30.28,Varanasi,2019-05-07,20:44:04,RuPay,ExxonMobil,Success,no
TX4488721,U236,2308834345164718,315.96,Mumbai,2020-05-08,21:22:54,Diners Club,Starbucks,Success,yes
TX3153982,U5337,3052740421994062,949.53,Udaipur,2018-03-05,18:11:00,Diners Club,Shell,Success,no
TX1147660,U5319,3162184693254171,476.95,Bangalore,2019-08-10,17:27:02,RuPay,Target,Success,no
TX8651555,U1886,1289335608346337,1367.14,Hyderabad,2018-09-23,06:28:32,MasterCard,McDonald's,Success,no
TX6867104,U5620,4847633494817929,893.1,Hyderabad,2023-01-15,20:46:22,MasterCard,Target,Success,yes
TX9575891,U5697,8162538588043883,594.8,Bangalore,2019-01-06,12:17:32,RuPay,McDonald's,Success,no
TX9824377,U6212,2499545189736449,1504.93,Mysore,2019-08-04,02:11:00,American Express,Target,Success,no
TX4007028,U1538,9988901678645053,1620.48,Varanasi,2019-09-27,18:46:53,American Express,Amazon,Success,no
TX5225048,U4550,5447380105552953,878.66,Kochi,2018-07-27,17:08:44,MasterCard,Starbucks,Success,no
TX8087528,U1066,3883760565567814,197.43,Mysore,2019-08-28,08:16:48,Visa,Best Buy,Success,no
TX8424866,U4919,9306559623332817,523.23,Mumbai,2020-12-23,09:12:50,RuPay,ExxonMobil,Success,no
TX6813647,U1707,5523398158091577,456.08,Hyderabad,2020-10-29,04:08:20,RuPay,Starbucks,Success,no
TX9799410,U3638,9950656075805173,959.15,Varanasi,2021-06-01,22:52:49,MasterCard,Walmart,Success,no
TX9185254,U3710,7845030083945752,1903.61,Darjeeling,2018-04-23,18:07:17,Visa,Target,Success,yes
TX7395467,U1457,1431121733577657,739.45,Kolkata,2019-07-03,06:25:33,MasterCard,Target,Success,no
TX8682017,U7674,3831658302078654,523.36,Mysore,2025-01-09,21:39:46,RuPay,Flipkart,Success,no
TX3009769,U9375,6486037525200843,44.21,Kochi,2025-04-14,01:54:19,MasterCard,Walmart,Success,no
TX5389152,U8998,2682972529871417,736.42,Mumbai,2022-04-08,01:14:58,American Express,ExxonMobil,Success,yes
TX3424598,U814,1945516224639196,1251.94,Mysore,2019-05-07,18:32:02,Diners Club,Walmart,Success,no
TX4674750,U2886,8879381959868580,594.06,Goa,2025-06-27,16:56:12,Visa,Shell,Success,no
TX4924179,U9298,5379002692445522,1603.87,Jaipur,2023-09-30,16:05:39,MasterCard,Best Buy,Failed,no
TX3400459,U828,6117833172290587,997.28,Chennai,2019-09-02,03:24:48,RuPay,Amazon,Success,yes
TX9081007,U9889,1503269294350836,998.99,Kolkata,2023-06-12,05:01:49,RuPay,Amazon,Success,no
TX8859211,U6964,2920743520268017,970.86,Kochi,2021-06-13,17:47:49,American Express,Starbucks,Success,no
TX2290170,U8127,2699438369063377,653.83,Leh,2021-08-06,11:03:54,Diners Club,Shell,Success,no
TX4400073,U9189,2202292390142445,1089.9,Udaipur,2024-05-16,22:36:58,American Express,Shell,Success,no
TX8471662,U3982,9893757855161127,644.91,Delhi,2020-04-24,08:31:13,Visa,McDonald's,Success,no
TX8278096,U1526,0617255895622599,699.77,Udaipur,2020-05-16,05:27:22,American Express,Target,Success,no
TX8671118,U8496,4566147810945515,1465.48,Kochi,2024-07-27,17:26:29,RuPay,ExxonMobil,Success,no
TX9755958,U5432,2064596228645863,1403.34,Delhi,2020-06-11,11:12:19,MasterCard,Flipkart,Success,no
TX8539627,U6885,9794308459108654,1005.67,Shillong,2021-05-17,23:04:35,RuPay,Amazon,Success,yes
TX5731234,U8352,3455194744928414,1284.38,Mysore,2021-04-23,12:15:54,Diners Club,Starbucks,Success,yes
TX6350016,U6357,9320929642265053,389.44,Kolkata,2020-02-08,05:21:38,American Express,Target,Success,no
TX7208993,U5298,4569331698439447,1836.36,Delhi,2018-02-14,11:07:33,Diners Club,McDonald's,Success,no
TX3510277,U4257,0432223384886181,449.24,Leh,2021-03-04,00:28:43,Diners Club,ExxonMobil,Success,no
TX2516503,U9206,3338254789233794,1006.37,Varanasi,2020-09-24,19:10:16,RuPay,Best Buy,Success,no
TX6756185,U457,8910971230778097,627.21,Kolkata,2022-06-24,05:57:28,RuPay,Flipkart,Success,no
TX6843904,U1337,4865843689848676,757.75,Shillong,2020-06-22,19:21:02,Diners Club,Amazon,Failed,no
TX4737849,U8742,2727984594308554,325.16,Mysore,2023-01-10,00:03:05,Visa,ExxonMobil,Success,yes
TX1242203,U9864,8750903441043651,880.83,Bangalore,2019-04-25,04:08:40,Visa,Amazon,Success,yes
TX3485651,U9631,8822809661227150,706.09,Mandya,2024-12-08,19:30:40,Visa,Shell,Success,no
TX3132523,U5344,2531510951433141,1075.69,Shillong,2021-12-25,18:48:52,American Express,Shell,Success,yes
TX7111400,U5663,9783033364066857,1834.93,Leh,2018-01-10,20:55:02,RuPay,Starbucks,Success,no
TX9272859,U5427,4491321031745138,179.91,Bangalore,2021-10-14,03:03:05,Diners Club,Shell,Success,no
TX2293200,U9728,3506557376624730,1205.76,Leh,2025-04-04,04:27:34,RuPay,Amazon,Success,no
TX4523095,U7470,8175111368164453,360.56,Hyderabad,2019-10-10,03:03:47,Diners Club,McDonald's,Success,no
TX5196530,U6663,4230298216642794,540.26,Leh,2023-07-17,05:32:39,Visa,Walmart,Success,no
TX9966727,U8233,3055904051894294,1740.98,Jaipur,2024-10-08,07:09:43,American Express,Best Buy,Success,no
TX5607463,U5458,6728924882307866,811.52,Chennai,2018-06-07,08:04:25,Visa,McDonald's,Success,no
TX6966328,U536,9241744719346561,1379.47,Mandya,2023-07-05,01:02:10,American Express,Starbucks,Success,yes
TX5056810,U1272,7920911312815838,454.39,Darjeeling,2021-05-20,08:00:56,American Express,Best Buy,Success,no
TX6353973,U5531,8592949487378666,467.62,Mandya,2025-04-02,21:59:38,RuPay,Best Buy,Success,yes
TX8502003,U7966,9304765867418596,478.67,Delhi,2021-06-13,12:20:21,Diners Club,McDonald's,Success,no
TX6330111,U2905,7875648040593844,1070.43,Jaipur,2020-05-14,11:00:02,Diners Club,Amazon,Failed,yes
TX4369724,U7480,6209566897895257,656.88,Shillong,2021-01-22,11:15:53,American Express,Best Buy,Success,no
TX7560221,U5749,6315786938127532,933.81,Kolkata,2020-02-08,01:57:07,Diners Club,Best Buy,Success,yes
TX9155702,U6355,7472682429992593,285.26,Jaipur,2021-02-23,09:45:18,Diners Club,Target,Success,no
TX9270820,U1941,0429051988191481,885.98,Delhi,2022-04-03,05:30:18,Visa,Shell,Failed,no
TX8845925,U5525,9410006747733624,894.61,Hyderabad,2018-07-28,16:18:45,Diners Club,Flipkart,Failed,no
TX8068010,U4415,5469762145305129,1496.79,Kolkata,2019-02-05,20:02:10,American Express,Shell,Success,no
TX5230142,U4254,3008490135307814,1104.11,Mandya,2024-08-06,16:06:50,Diners Club,Apple Store,Success,no
TX9716273,U9040,7052898197853924,1591.43,Bangalore,2019-05-19,04:29:36,MasterCard,Walmart,Success,no
TX6057791,U9576,5208733837396827,1230.67,Kolkata,2020-10-05,21:31:35,MasterCard,Target,Failed,no
TX3215382,U4374,8503936380669184,1657.28,Hyderabad,2024-03-02,18:52:30,RuPay,Target,Success,no
TX7866961,U1410,2680076767666739,1430.19,Varanasi,2020-06-23,12:14:44,MasterCard,Shell,Success,yes
TX3539437,U2280,0663838203801681,1325.72,Shillong,2020-11-17,18:30:22,RuPay,Shell,Success,no
TX5157975,U2444,5040482596170692,1920.16,Kochi,2021-03-20,17:39:12,American Express,Walmart,Success,no
TX7537158,U2141,4965406534381850,367.92,Goa,2018-10-09,21:21:00,Diners Club,Starbucks,Success,no
TX4482457,U6850,3873358292764351,1314.89,Kolkata,2023-05-28,10:08:40,MasterCard,Flipkart,Success,no
TX6603227,U9627,5639908088939774,1318.9,Mandya,2025-05-29,08:05:22,Diners Club,Target,Success,no
TX8683336,U7124,8243155792851357,211.61,Bangalore,2020-07-16,01:04:39,MasterCard,Shell,Failed,no
TX7274596,U8157,5507202879362477,1891.38,Goa,2022-10-27,10:54:29,RuPay,Amazon,Failed,no
TX7903062,U7967,8824263697683387,1427.14,Kochi,2022-03-10,22:15:17,RuPay,Flipkart,Success,yes
TX4210890,U4424,7628019611888613,1251.47,Mumbai,2023-09-27,10:47:57,RuPay,Shell,Success,yes
TX1707411,U1098,9113367089403321,917.76,Kolkata,2024-08-10,21:36:55,MasterCard,McDonald's,Success,no
TX1518132,U3883,7629107772899133,258.92,Mumbai,2024-01-27,07:44:04,American Express,Flipkart,Failed,no
TX1624165,U4846,9477886545222723,973.17,Mandya,2024-04-10,07:20:58,Visa,Walmart,Success,yes
TX5196981,U9404,5975547738982809,1790.06,Mandya,2019-01-12,21:31:20,MasterCard,Best Buy,Success,no
TX7535068,U6485,4559633599021384,1925.28,Kochi,2025-06-27,13:14:32,MasterCard,Apple Store,Failed,no
TX4846205,U4577,9148240513587197,441.57,Delhi,2023-07-29,16:40:11,American Express,Shell,Success,no
TX6641431,U857,2558261025191052,1406.47,Shillong,2020-05-30,00:40:20,MasterCard,ExxonMobil,Success,no
TX5558816,U7449,3311560906133400,1547.8,Kochi,2018-04-11,22:41:50,American Express,Shell,Failed,no
TX2714950,U4247,6517281970637833,1822.1,Shillong,2019-04-29,00:08:34,American Express,McDonald's,Success,no
TX4203793,U4313,9888050569435287,427.03,Mysore,2021-01-10,08:38:34,RuPay,Flipkart,Success,no
TX6265182,U1517,6500246737112570,1947.37,Hyderabad,2021-09-07,07:05:42,Diners Club,Starbucks,Success,no
TX9734993,U7853,0659481300555498,500.95,Bangalore,2021-10-11,21:18:10,Diners Club,Apple Store,Success,no
TX7268327,U3956,9164815391282807,1489.28,Darjeeling,2024-12-14,16:27:55,Visa,Starbucks,Success,no
TX9841741,U8991,1343719996053328,583.68,Darjeeling,2022-07-30,02:58:09,MasterCard,Target,Success,no
TX4321797,U8014,4480712435861780,1454.32,Darjeeling,2023-07-23,21:13:37,Diners Club,Flipkart,Success,no
TX8747146,U8936,8820372623901259,1567.23,Goa,2025-05-22,02:43:53,MasterCard,McDonald's,Success,yes
TX9291784,U4932,3368661124966776,225.37,Shillong,2023-11-05,12:27:36,MasterCard,Flipkart,Success,no
TX2573889,U8018,2697903488447221,1007.1,Shillong,2025-03-07,10:39:38,RuPay,Walmart,Success,no
TX2183711,U6248,1521570927911696,200.18,Bangalore,2024-05-28,11:48:23,RuPay,Starbucks,Success,yes
TX7275398,U5549,4866311378342408,1736.5,Kochi,2020-07-03,11:48:40,Visa,Shell,Success,yes
TX8922087,U9819,7207941260094027,1509.46,Delhi,2022-07-22,23:39:59,MasterCard,ExxonMobil,Success,no
TX2780151,U2697,7821475627990793,561.79,Hyderabad,2019-02-02,09:22:49,MasterCard,Starbucks,Success,no
TX3417470,U8480,4917351775731124,780.61,Chennai,2020-12-17,23:57:37,MasterCard,Flipkart,Success,no
TX8885169,U1522,4660109706940907,1656.09,Udaipur,2023-10-30,10:52:15,Diners Club,Target,Success,no
TX4246249,U1077,9749226923456576,855.6,Kochi,2019-04-15,18:08:20,American Express,Walmart,Success,no
TX5063365,U8193,4478659283027424,361.41,Kolkata,2023-05-15,17:04:09,MasterCard,Target,Success,no
TX6646762,U5875,2947975886551840,1058.22,Delhi,2018-04-08,20:44:30,MasterCard,Best Buy,Success,no
TX1623802,U9937,4350034991387990,692.41,Darjeeling,2018-01-21,21:43:58,Visa,Target,Success,no
TX7025464,U5118,4222499365500815,1901.51,Leh,2023-04-16,11:00:30,Visa,Target,Success,yes
TX7452706,U9999,1022522685193509,1084.65,Kolkata,2021-03-16,16:36:32,MasterCard,Starbucks,Success,yes
TX4717719,U1218,5818344904086411,370.49,Leh,2023-10-01,08:19:47,MasterCard,Flipkart,Success,no
TX1679943,U506,3774687443212507,386.35,Delhi,2022-04-23,04:45:37,RuPay,Starbucks,Failed,no
TX8311950,U8364,7668505746771484,1979.35,Kolkata,2024-04-02,18:52:09,Visa,Apple Store,Failed,no
TX8082748,U2370,7814462963127451,1324.45,Leh,2024-01-29,00:06:20,Visa,Starbucks,Success,no
TX7051434,U4058,4535542940433506,1786.23,Kochi,2023-08-27,18:27:21,MasterCard,Starbucks,Success,yes
TX2901156,U8447,1199431967112621,120.18,Shillong,2020-05-04,14:33:42,American Express,Best Buy,Failed,no
TX9329730,U8105,7344794844284045,1050.74,Goa,2022-07-25,18:57:13,Visa,Shell,Success,no
TX8944781,U1390,6914563540618405,1422.84,Bangalore,2022-11-23,11:27:18,Diners Club,Walmart,Success,no
TX1907615,U4411,9414490767413852,983.6,Jaipur,2023-03-23,15:15:47,MasterCard,Starbucks,Success,no
TX2918990,U2035,2259579785103855,1428.46,Jaipur,2018-08-21,04:49:44,MasterCard,Best Buy,Failed,no
TX1910916,U2803,1191117480804753,1475.67,Darjeeling,2023-04-25,10:09:03,RuPay,Apple Store,Failed,yes
TX5370817,U6187,4374608169056039,1095.48,Leh,2021-04-21,11:32:59,RuPay,Flipkart,Success,no
TX8749900,U9679,5164969601879439,1781.77,Goa,2020-09-03,20:54:01,American Express,Best Buy,Success,yes
TX3680772,U5353,5756883492526760,1924.2,Chennai,2023-08-10,21:36:53,Visa,Target,Success,no
TX7154576,U9795,9722868805203793,1436.54,Kochi,2025-06-18,07:51:03,Diners Club,Starbucks,Success,no
TX4346054,U1117,5890942090091845,139.7,Varanasi,2023-04-29,06:47:11,RuPay,Starbucks,Success,no
TX9955560,U3135,5129310868559208,38.97,Varanasi,2020-08-28,01:31:14,Visa,Best Buy,Failed,no
TX4531698,U8329,1698512386322118,1662.43,Chennai,2021-04-17,03:36:38,Diners Club,Walmart,Success,no
TX4681738,U5201,1824440852463176,1644.53,Udaipur,2021-07-19,09:18:37,American Express,Starbucks,Success,yes
TX2899221,U1408,3427413668767134,1364.71,Shillong,2019-09-08,05:15:19,Diners Club,Amazon,Success,no
TX9287263,U460,9409699413469170,125.13,Leh,2018-10-03,11:04:29,RuPay,Flipkart,Success,no
TX2485314,U6581,7311415749770910,670.6,Kolkata,2024-03-04,04:32:49,American Express,Apple Store,Failed,no
TX9662845,U4259,0714298869472827,1527.07,Kochi,2025-04-01,18:00:40,American Express,Best Buy,Failed,no
TX9696152,U1165,9703050236320291,735.71,Mysore,2025-06-21,04:25:52,Diners Club,Target,Success,no
TX6518743,U4070,8148746651884217,632.97,Mandya,2018-11-30,14:57:57,MasterCard,Starbucks,Success,no
TX2027235,U2125,0259953805152379,469.41,Chennai,2024-09-08,08:45:57,RuPay,Target,Success,no
TX6362323,U7808,7732124273961019,820.63,Kochi,2021-01-14,15:54:21,Visa,Apple Store,Success,no
TX7834300,U1332,8887129907919583,187.14,Mysore,2023-10-16,10:07:05,RuPay,Starbucks,Success,yes
TX1281357,U3354,5969525418815582,1550.4,Mandya,2020-02-27,08:03:10,RuPay,Shell,Success,no
TX9093851,U1355,5464560524932747,1597.04,Mysore,2024-09-24,01:42:59,RuPay,Starbucks,Success,yes
TX9407805,U6897,7570829406363630,230.11,Kolkata,2019-10-30,06:54:26,MasterCard,ExxonMobil,Success,no
TX6396417,U556,7131520985309806,1673.43,Kochi,2020-06-28,18:13:08,RuPay,Best Buy,Success,no
TX2474933,U103,6160139974039387,1894.21,Kochi,2021-08-15,03:49:27,Visa,Best Buy,Success,no
TX4322715,U771,0602972286319123,1102.62,Hyderabad,2020-06-22,05:11:26,Diners Club,Walmart,Success,no
TX4275262,U8215,1404310982907494,1284.29,Leh,2021-07-09,23:45:44,MasterCard,McDonald's,Success,no
TX3645947,U2368,5981058996801756,1360.49,Delhi,2018-06-16,16:41:37,RuPay,Apple Store,Failed,yes
TX8453103,U4871,5062056194024687,1695.18,Kolkata,2025-01-14,14:56:05,American Express,Apple Store,Failed,yes
TX1025843,U4095,5584206983288183,593.69,Delhi,2019-04-02,04:45:09,Diners Club,Shell,Success,yes
TX1005260,U7296,3130669648088855,1274.45,Udaipur,2018-12-24,07:23:27,American Express,Target,Success,no
TX7842561,U620,8656122712949738,1998.08,Darjeeling,2022-10-21,17:03:45,MasterCard,Target,Success,no
TX1541825,U5587,3255466304955762,712.17,Mysore,2020-10-22,08:03:32,American Express,McDonald's,Success,no
TX3900110,U7816,7222991250104715,926.81,Jaipur,2023-01-27,12:21:31,RuPay,Target,Failed,yes
TX4946373,U4864,4085839033417989,82.6,Shillong,2024-07-05,13:11:42,American Express,Starbucks,Success,no
TX1922133,U410,3539371854050182,187.22,Delhi,2022-10-08,22:07:50,MasterCard,Amazon,Success,no
TX9524943,U3688,0160766303906505,368,Jaipur,2018-06-28,08:38:34,American Express,Shell,Success,yes
TX5033334,U4265,7318264197290813,1072.81,Kochi,2021-08-15,22:04:33,Diners Club,Apple Store,Success,no
TX6012416,U1861,8551693537964181,1543.95,Shillong,2023-07-15,18:05:31,RuPay,Amazon,Success,no
TX4756897,U8732,6137537634732692,1465.88,Udaipur,2021-04-01,06:43:21,MasterCard,Shell,Success,no
TX1790690,U2587,5039465355911876,178.44,Chennai,2024-12-31,07:18:20,Diners Club,Shell,Success,yes
TX7209915,U5697,8700896728893999,657.25,Mumbai,2018-11-07,02:03:22,Diners Club,Best Buy,Success,no
TX6370940,U4102,3000103896514206,290.89,Delhi,2023-03-02,22:53:39,Diners Club,Flipkart,Success,no
TX9043412,U9472,8961399883122356,1171.68,Varanasi,2018-08-04,11:12:12,RuPay,Walmart,Success,no
TX3090725,U7411,3313807869360132,1279.94,Delhi,2023-11-28,15:28:56,MasterCard,Walmart,Success,no
TX9737909,U8472,2533823006974301,1803.22,Hyderabad,2021-07-25,20:21:58,American Express,Starbucks,Success,no
TX3445054,U934,6103299734628357,1876.99,Mysore,2023-01-21,06:15:21,Diners Club,Flipkart,Success,yes
TX8992181,U273,8666333741463617,1397.94,Jaipur,2021-06-23,19:15:06,Visa,Best Buy,Success,yes
TX7960120,U4812,7822186290904965,613.27,Mumbai,2025-02-07,05:26:29,Visa,Best Buy,Failed,no
TX1087297,U163,8562006829066171,1708.88,Mumbai,2023-06-16,16:18:07,Diners Club,Best Buy,Failed,no
TX6270160,U618,5161392670150449,1048.53,Chennai,2020-09-28,21:13:33,Visa,McDonald's,Success,no
TX7533716,U9219,2177154910933637,1794.41,Hyderabad,2023-10-25,16:06:01,Visa,ExxonMobil,Success,yes
TX5996304,U9770,3594986301984836,1478.13,Bangalore,2023-04-16,01:01:18,Visa,McDonald's,Success,no
TX1601933,U3638,0273950719845632,34.28,Varanasi,2023-07-23,17:48:04,Diners Club,Target,Success,no
TX2012025,U4849,7682791239838155,1433.83,Udaipur,2022-07-24,08:00:48,MasterCard,Best Buy,Failed,no
TX1379362,U5117,6598434659219275,1376.35,Bangalore,2019-10-13,00:46:36,RuPay,Starbucks,Success,no
TX2268915,U4102,7900597262008978,328.04,Mumbai,2021-09-28,07:01:43,MasterCard,Apple Store,Success,yes
TX3990850,U3437,8352147160810265,391.03,Leh,2024-11-01,11:13:44,Visa,Apple Store,Success,yes
TX9909316,U7548,4272979383114161,273.5,Hyderabad,2019-10-02,14:56:19,Diners Club,Flipkart,Success,no
TX8102109,U4225,9364705978806073,1875.5,Mysore,2024-07-19,10:38:01,MasterCard,Walmart,Success,no
TX5345982,U4957,7883129322273248,1698.29,Goa,2018-07-30,01:22:33,Diners Club,McDonald's,Success,no
TX9112683,U1220,8643417498682037,886.9,Chennai,2018-07-04,13:37:30,American Express,ExxonMobil,Success,no
TX7181973,U908,4267537057810573,964.04,Mysore,2021-03-12,10:57:21,RuPay,Starbucks,Success,no
TX6394467,U7638,8868647819623962,1403.99,Delhi,2024-09-05,14:42:20,MasterCard,Shell,Success,no
TX8909988,U6782,6222255347853847,1094.75,Mandya,2022-12-19,22:50:07,MasterCard,Amazon,Success,no
TX8312802,U3277,1377907760149892,1944.85,Mysore,2025-03-12,00:37:27,MasterCard,ExxonMobil,Failed,no
TX2396547,U9290,5194891472626762,1474.13,Mumbai,2021-08-04,05:03:13,MasterCard,McDonald's,Success,no
TX8221044,U7586,8540058446912088,1506.2,Mumbai,2024-06-23,20:04:28,RuPay,Walmart,Success,no
TX6298146,U4364,3094917212942205,454.07,Darjeeling,2023-03-05,06:17:44,MasterCard,Shell,Success,no
TX7877451,U5892,9677550198858445,203.43,Delhi,2021-08-31,02:52:19,RuPay,Shell,Success,no
TX8277492,U327,7566815239504285,983.33,Udaipur,2024-03-13,03:25:16,RuPay,Target,Success,no
TX9759624,U8251,6587937055426346,1694.9,Varanasi,2024-03-28,11:47:13,Visa,Best Buy,Failed,no
TX6273504,U3937,6000424743387576,163.63,Goa,2019-06-24,00:51:40,MasterCard,Target,Success,no
TX9653919,U9336,7909098500524824,1053.16,Darjeeling,2025-02-22,16:52:59,American Express,Target,Failed,no
TX1764600,U6191,0548486707593081,404.32,Leh,2020-12-30,18:53:20,Diners Club,McDonald's,Success,no
TX2325666,U1889,8681945616113463,1007.27,Kochi,2019-06-20,04:28:11,Diners Club,Walmart,Success,yes
TX6987761,U4375,7729261034607861,266.52,Jaipur,2023-10-19,23:13:59,RuPay,Shell,Success,yes
TX4893153,U2823,6808492902396870,176.94,Kochi,2023-10-08,08:22:46,American Express,Walmart,Success,no
TX1037768,U4160,9208299383769021,179.68,Bangalore,2021-11-26,03:51:43,American Express,Amazon,Success,no
TX9823543,U2768,6815156754926901,557.49,Varanasi,2023-05-27,10:29:41,American Express,Flipkart,Success,no
TX9471293,U6445,3049185798112340,1114.65,Jaipur,2024-02-04,03:54:59,RuPay,Flipkart,Success,no
TX4207501,U1367,3926547631537956,1369.83,Goa,2020-05-01,13:58:25,Diners Club,Flipkart,Success,no
TX6218650,U3491,0536550781900780,209.16,Kolkata,2021-09-23,23:17:14,RuPay,Amazon,Failed,no
TX3779735,U1547,9800976874757460,66.24,Leh,2022-09-17,07:45:07,American Express,Amazon,Success,no
TX6149863,U8994,7675361478772848,1772.13,Mysore,2020-04-01,14:56:31,RuPay,Apple Store,Success,no
TX3358247,U2627,0077946762880901,1505.29,Kolkata,2021-07-30,18:30:01,Diners Club,Shell,Success,yes
TX1048765,U6060,8237921773229568,787.66,Kolkata,2019-02-26,22:29:29,MasterCard,McDonald's,Success,no
TX2262150,U1368,2709005768892891,1299.73,Jaipur,2018-08-15,18:53:47,Diners Club,ExxonMobil,Success,no
TX9228581,U4226,7168365153839816,1891.8,Mumbai,2022-07-20,08:55:39,Diners Club,Apple Store,Success,no
TX4692322,U2259,0462127764397697,1915.77,Jaipur,2025-06-14,03:55:42,Diners Club,Flipkart,Success,no
TX5781174,U8515,8149167636386110,434.17,Kochi,2025-02-10,22:25:17,Diners Club,Best Buy,Success,no
TX1802792,U8969,5012577221378266,707.58,Hyderabad,2020-09-14,06:08:13,Visa,Flipkart,Success,no
TX3592890,U7542,8013704523171303,736.35,Jaipur,2024-02-03,01:46:50,MasterCard,ExxonMobil,Success,no
TX7707280,U4808,8795040319101918,1818.12,Bangalore,2024-01-16,23:19:54,Visa,Best Buy,Success,no
TX5290384,U4175,7545507360415432,179.08,Udaipur,2024-09-17,22:57:58,Diners Club,Flipkart,Failed,no
TX8954209,U9221,1233440249062458,700.66,Delhi,2018-03-03,09:12:06,American Express,ExxonMobil,Success,no
TX8086096,U7821,0114797974052084,1021.5,Chennai,2018-03-07,04:45:53,American Express,ExxonMobil,Success,no
TX7758845,U7479,7377267545884715,1765.04,Delhi,2023-09-19,18:19:00,Diners Club,McDonald's,Success,no
TX4605854,U7955,6270693611185247,932.5,Chennai,2024-03-31,02:48:36,Diners Club,Starbucks,Success,no
TX6845124,U2883,0606122660925264,900.24,Mysore,2024-07-20,01:48:43,American Express,Amazon,Success,yes
TX4201436,U3121,8302382128351510,443.31,Mandya,2021-08-28,01:39:20,RuPay,Starbucks,Success,no
TX7634072,U7011,9669577954621938,785.98,Bangalore,2021-01-03,00:24:59,Visa,Shell,Success,no
TX7697023,U5884,9646079780746473,988.94,Mumbai,2025-06-08,04:17:05,Diners Club,Target,Success,yes
TX1737202,U4801,3552938072416122,1783.03,Kolkata,2022-08-22,23:59:01,American Express,ExxonMobil,Success,no
TX5320667,U561,8987012146129473,1558.45,Mandya,2021-12-09,14:08:14,MasterCard,Walmart,Success,no
TX6372619,U169,6922639796520232,1220.22,Leh,2024-07-30,01:35:45,Visa,Apple Store,Success,no
TX3957837,U370,6743018456836936,146.8,Mandya,2023-11-01,23:08:39,MasterCard,Shell,Success,no
TX3139442,U9468,9315284025642342,1594.22,Mysore,2020-08-01,04:54:37,RuPay,Amazon,Failed,no
TX7445069,U4973,3764153208589991,977.01,Kolkata,2021-09-10,16:05:04,Diners Club,Best Buy,Success,no
TX7656099,U6032,9064263730944227,1593.36,Mysore,2019-02-25,10:56:20,MasterCard,Flipkart,Success,no
TX9251388,U7772,3092162719620744,87.86,Darjeeling,2019-10-13,01:05:40,MasterCard,Amazon,Success,no
TX7008565,U6969,9901868151284673,817.92,Kolkata,2019-07-01,17:26:37,RuPay,Best Buy,Success,no
TX4947461,U7466,4060901089005688,282.52,Kolkata,2021-02-18,07:22:44,Diners Club,ExxonMobil,Success,no
TX1777000,U5501,4726090279283508,1796.73,Kochi,2023-07-11,10:33:08,Diners Club,Flipkart,Success,no
TX6101810,U4908,7797640037732366,950.99,Mumbai,2021-05-08,11:07:24,RuPay,Flipkart,Success,no
TX2012282,U3423,5046210271328649,984.27,Shillong,2019-02-04,20:33:47,American Express,Walmart,Failed,no
TX2576586,U3051,1037953528257826,1236.59,Shillong,2018-01-02,08:16:35,American Express,Target,Success,yes
TX8528888,U3700,4937397560523123,490.04,Delhi,2018-04-15,23:05:30,RuPay,Apple Store,Success,no
TX2789468,U6618,0532495390523648,791.02,Jaipur,2019-05-18,09:13:01,Diners Club,McDonald's,Success,no
TX7018630,U8935,2334900235708232,585.24,Kolkata,2021-10-12,23:18:42,American Express,Target,Failed,no
TX4202249,U1832,1172047978796999,604.01,Chennai,2018-07-15,04:23:41,RuPay,Flipkart,Success,no
TX2902633,U2315,3056599968045895,910.84,Delhi,2020-12-07,10:23:42,American Express,Amazon,Success,yes
TX9365647,U6749,1504805195510397,1325.03,Delhi,2021-04-10,19:33:29,MasterCard,Amazon,Success,no
TX7113567,U6097,7756057577565046,1474.6,Chennai,2019-05-30,03:55:47,Diners Club,Flipkart,Success,yes
TX1986772,U3146,1757255504977336,1151.81,Leh,2022-08-24,00:23:19,RuPay,Walmart,Failed,no
TX8299049,U1963,4222067729022756,117.44,Kochi,2024-03-01,00:33:36,Diners Club,Walmart,Success,no
TX6981350,U6466,2185122287238875,1664.44,Jaipur,2022-09-08,22:26:45,American Express,Shell,Success,no
TX9867259,U6306,7395837355399134,600.24,Mandya,2022-08-02,13:29:31,Diners Club,Apple Store,Success,yes
TX7918667,U3132,9127023849250174,450.35,Jaipur,2020-11-13,09:59:53,RuPay,Amazon,Success,no
TX5771138,U5683,0801274001847611,1661.92,Hyderabad,2020-10-12,15:26:59,MasterCard,Apple Store,Success,no
TX5538580,U6916,0090300643802998,788.57,Bangalore,2021-01-29,06:37:38,American Express,Apple Store,Success,yes
TX4471217,U4349,4505067138142934,987.29,Udaipur,2023-12-16,04:35:34,RuPay,ExxonMobil,Failed,no
TX2504033,U9849,6508011959605188,781.42,Udaipur,2023-10-05,04:44:34,MasterCard,Flipkart,Failed,yes
TX3897607,U9433,8962607104133135,491.06,Jaipur,2019-07-27,14:14:30,American Express,ExxonMobil,Success,yes
TX1308445,U4971,1345732141094410,510.32,Darjeeling,2025-02-06,03:53:08,MasterCard,Amazon,Success,no
TX3620580,U4399,1429649755402759,1462.74,Mysore,2021-03-17,15:22:25,American Express,Best Buy,Success,yes
TX8097788,U4037,1708585799842486,703.08,Kolkata,2024-04-01,02:27:37,RuPay,Flipkart,Success,no
TX5790090,U1057,1389216515955155,1803.03,Shillong,2022-12-22,15:03:25,American Express,Amazon,Failed,no
TX1706771,U6813,5491558828715113,1819.24,Varanasi,2022-06-30,14:10:48,Visa,Best Buy,Success,no
TX6775944,U6135,2187171110373195,705.49,Udaipur,2022-02-06,05:08:34,RuPay,Flipkart,Failed,no
TX1135453,U5691,7274067189427365,665.68,Delhi,2021-01-28,00:46:25,American Express,Best Buy,Success,no
TX1242133,U5915,6449230764629326,1930.56,Delhi,2024-02-22,19:32:29,RuPay,Flipkart,Success,no
TX7031082,U6159,6341053521350623,1221.62,Jaipur,2021-05-14,10:56:16,MasterCard,Best Buy,Success,no
TX9823766,U4976,6411961084837449,1953.83,Delhi,2023-04-04,08:21:07,Diners Club,Starbucks,Success,no
TX4336549,U5406,8669178151020174,930.06,Delhi,2022-11-16,18:44:10,American Express,McDonald's,Success,no
TX9254303,U2604,3578476481328812,224.42,Udaipur,2022-12-06,16:37:21,American Express,Starbucks,Success,no
TX7268349,U7355,3963245818718111,1767.4,Bangalore,2020-10-06,01:47:17,RuPay,McDonald's,Success,no
TX5486009,U2291,0215648871255932,448.58,Darjeeling,2023-03-21,11:16:53,American Express,Shell,Success,no
TX1040510,U9295,7023082514920906,1745.53,Darjeeling,2021-03-24,17:00:54,Visa,Target,Success,no
TX8694056,U2253,3499825923172774,1963.74,Goa,2024-01-05,02:13:38,Visa,Amazon,Success,yes
TX2575414,U4062,2414498077603233,749.33,Delhi,2022-04-15,19:59:08,American Express,ExxonMobil,Success,no
TX3279278,U1103,0497940382668948,662.76,Chennai,2023-07-24,20:15:44,Diners Club,ExxonMobil,Failed,no
TX7685796,U766,9757115566538709,745.72,Varanasi,2021-12-10,20:50:44,MasterCard,Walmart,Success,no
TX6089839,U8100,7809746234256106,1255.58,Delhi,2022-09-07,13:16:19,Visa,Target,Success,no
TX5210738,U9643,9456427699418353,225.41,Mysore,2020-09-18,18:49:53,Visa,Best Buy,Success,no
TX7193385,U150,5420397962756724,811.24,Hyderabad,2022-02-09,19:00:28,Diners Club,Flipkart,Success,yes
TX9517168,U231,7725883205461840,349.02,Kochi,2018-10-16,22:41:16,MasterCard,Shell,Success,no
TX3798926,U965,4394630137213484,761.08,Delhi,2018-01-03,22:27:46,Diners Club,Amazon,Success,yes
TX1933756,U7003,8976816507408429,1427.26,Udaipur,2024-04-03,16:12:29,American Express,Best Buy,Success,no
TX8164491,U6069,1513489729900170,606.08,Chennai,2020-12-24,00:48:05,MasterCard,ExxonMobil,Success,no
TX3939265,U882,7231433790010833,1703.51,Goa,2020-10-12,06:26:14,Visa,Walmart,Success,no
TX1928976,U3391,9019573864908058,1840.45,Leh,2024-12-09,23:30:24,Diners Club,Starbucks,Success,no
TX6587666,U2539,2514373655026891,462.45,Hyderabad,2024-01-19,02:50:01,RuPay,Target,Success,no
TX9618893,U3769,8691349266524024,1074.99,Chennai,2020-09-27,03:25:02,Visa,Flipkart,Success,no
TX5212390,U7359,9018888562445725,80.19,Chennai,2023-03-09,00:29:08,MasterCard,Best Buy,Success,yes
TX1979014,U7208,8302616736405692,530.69,Hyderabad,2020-11-15,03:04:35,American Express,Best Buy,Success,no
TX4018366,U1957,7295803154789500,822.36,Kolkata,2024-09-05,05:00:29,MasterCard,McDonald's,Success,no
TX6593560,U3955,9822372112704492,1625.76,Hyderabad,2023-06-14,07:39:35,RuPay,Flipkart,Success,no
TX9780710,U8038,2056649464979221,401.74,Shillong,2022-06-12,06:10:01,Diners Club,Shell,Success,no
TX2543684,U179,8761652680971759,626.55,Kolkata,2023-01-30,12:40:14,Diners Club,McDonald's,Success,no
TX8073280,U2086,9677250132103156,1779.14,Mumbai,2020-03-28,08:18:54,MasterCard,ExxonMobil,Success,yes
TX4691195,U9867,5507279715551335,725.54,Chennai,2021-03-13,06:03:45,American Express,Target,Success,yes
TX3284817,U9874,6079347423880598,1024.32,Leh,2023-10-17,18:56:50,Diners Club,Best Buy,Success,yes
TX3688074,U6665,9802167362224615,198.58,Jaipur,2019-03-21,15:11:15,American Express,Apple Store,Success,no
TX7368429,U7821,0876640205824959,1112.2,Goa,2020-04-14,02:29:46,American Express,Target,Failed,no
TX9469523,U9173,8158151066027477,1872.89,Shillong,2022-01-26,07:04:55,Diners Club,Best Buy,Success,no
TX9016350,U9739,6476147907649977,162.45,Mandya,2025-05-06,01:46:35,MasterCard,McDonald's,Success,no
TX8527098,U2605,7105615584395206,1626.44,Chennai,2021-10-18,10:00:21,MasterCard,Target,Success,no
TX6835762,U9526,5334890569198922,299.95,Shillong,2025-04-18,08:52:07,RuPay,Starbucks,Success,no
TX5435771,U8240,4301367731665344,1650.99,Chennai,2018-11-05,12:00:19,Diners Club,ExxonMobil,Success,yes
TX8749710,U9565,1649044680939209,48.58,Mysore,2020-10-08,13:46:45,Visa,Target,Success,no
TX9071394,U5832,2304095902998823,229.91,Hyderabad,2024-04-19,00:14:18,American Express,Shell,Success,no
TX6883066,U4783,8562792423199218,397.6,Darjeeling,2022-09-05,04:23:58,MasterCard,Best Buy,Success,no
TX9040049,U7363,4055045296034474,351.48,Kochi,2024-04-09,17:34:38,Visa,Starbucks,Success,no
TX3743549,U9763,5611360351284192,426.75,Varanasi,2023-06-08,03:07:25,RuPay,Apple Store,Success,no
TX2949980,U9934,2074834325247728,1119.24,Darjeeling,2024-08-19,19:32:00,RuPay,McDonald's,Failed,yes
TX3154414,U1468,9935483723449297,1240.56,Delhi,2019-09-11,02:28:09,RuPay,Walmart,Success,no
TX6320635,U8104,3004126023980815,605.9,Mandya,2023-03-15,17:01:51,Visa,Walmart,Success,no
TX1386730,U4204,8891956352784378,1909.35,Udaipur,2022-08-14,14:51:35,MasterCard,Starbucks,Failed,no
TX6061134,U1675,8733145471778141,904.22,Shillong,2020-09-26,11:44:17,Visa,Shell,Success,yes
TX6841055,U8698,9024820290828074,401.34,Kochi,2023-05-27,02:53:59,Visa,ExxonMobil,Success,no
TX8470077,U2944,6501256957432639,1172.07,Mumbai,2019-06-13,06:12:33,RuPay,Flipkart,Success,no
TX8587296,U8286,8770131239253282,267.92,Goa,2018-02-24,11:38:35,MasterCard,Apple Store,Success,no
TX6009975,U4173,2430379628510402,1865.15,Kochi,2024-09-20,22:39:21,American Express,Walmart,Success,no
TX6169044,U8731,3110572359240841,366.28,Goa,2022-06-19,12:16:58,MasterCard,ExxonMobil,Success,no
TX8552404,U406,3223097082648793,844.7,Delhi,2021-05-08,19:18:30,RuPay,Flipkart,Success,yes
TX5112435,U2457,9987705038758573,986.42,Kochi,2021-02-20,15:56:17,Diners Club,Shell,Success,no
TX2387659,U3376,3440193748412865,488.75,Goa,2018-05-27,07:33:08,Diners Club,Starbucks,Failed,no
TX2321861,U9130,7547069413783036,1046.53,Varanasi,2018-12-23,01:34:35,Visa,Flipkart,Success,no
TX7981617,U6980,2483935229428928,1928.46,Jaipur,2023-07-09,08:00:24,MasterCard,Target,Success,yes
TX1187794,U2154,9783513590970695,114.59,Mumbai,2024-03-12,00:00:37,American Express,Starbucks,Success,no
TX9606615,U3556,0198820517723514,1970.95,Mysore,2023-07-14,02:08:03,Visa,Apple Store,Success,no
TX2609530,U1049,7552407341479137,1004.55,Jaipur,2020-04-16,22:25:51,Diners Club,Apple Store,Success,no
TX1193890,U5843,0634826509431044,1441.78,Shillong,2020-09-02,20:24:08,RuPay,Amazon,Success,no
TX9975696,U7975,5703705058809587,1643.47,Jaipur,2018-07-03,13:06:59,RuPay,Best Buy,Success,no
TX5020340,U2195,5264609452084259,206.25,Udaipur,2018-02-05,23:22:46,Visa,ExxonMobil,Success,yes
TX5966863,U8208,5206224463577077,451.41,Shillong,2021-05-27,18:36:16,American Express,Starbucks,Success,no
TX9053189,U8030,7410751721582034,1345.07,Mandya,2021-08-03,15:03:56,American Express,McDonald's,Failed,no
TX5202733,U7323,9277001886966988,1855.02,Darjeeling,2021-04-06,21:17:17,RuPay,McDonald's,Success,no
TX8628967,U660,1289850544194397,1409.07,Delhi,2021-04-29,07:00:14,MasterCard,ExxonMobil,Success,yes
TX2309876,U7719,0643808688932404,119.72,Shillong,2024-11-03,04:59:29,American Express,Flipkart,Failed,no
TX9859025,U8896,0720558960377905,71.03,Kolkata,2021-06-21,07:59:59,MasterCard,Best Buy,Success,no
TX8600688,U7356,4222640606992088,1376.7,Kolkata,2022-08-09,00:29:21,Diners Club,Target,Success,no
TX8848657,U4232,9264078427549321,949.85,Jaipur,2024-04-20,18:00:14,American Express,Amazon,Success,no
TX6520698,U1466,6252131633471201,359.24,Mumbai,2025-02-10,23:05:56,Visa,ExxonMobil,Success,no
TX1188312,U1062,0713679924719394,922.16,Kochi,2024-07-15,22:54:02,Visa,Walmart,Success,no
TX7350749,U1858,2222501379770350,616.91,Mandya,2022-11-27,07:42:51,Diners Club,Apple Store,Success,yes
TX1288362,U2119,2171476835891611,51.51,Chennai,2024-01-03,12:51:28,Visa,Apple Store,Failed,no
TX9940770,U6555,4794454698085316,189.14,Mumbai,2018-05-31,08:05:12,RuPay,ExxonMobil,Failed,yes
TX2958946,U5487,9827240851018504,105.2,Varanasi,2023-10-25,07:42:36,American Express,Walmart,Success,no
TX3413367,U6389,8100731732734585,1942.98,Udaipur,2023-06-17,15:34:29,RuPay,Flipkart,Success,no
TX2129790,U3121,9837312794338018,1839.36,Jaipur,2020-02-06,17:27:47,Visa,Shell,Success,no
TX5006736,U5755,2265645427598443,912.34,Hyderabad,2018-12-30,21:36:35,MasterCard,Walmart,Success,no
TX4244290,U9796,4888145258015849,401.21,Udaipur,2021-09-16,00:27:25,MasterCard,McDonald's,Success,no
TX8322211,U3596,4881928814095815,134.88,Delhi,2018-01-30,21:30:31,MasterCard,Apple Store,Success,no
TX7090881,U9439,8485049852154225,1961.76,Mysore,2021-07-10,01:05:25,RuPay,ExxonMobil,Failed,no
TX4318312,U7760,0167257057146561,266.62,Mandya,2020-12-12,21:52:06,MasterCard,Target,Success,yes
TX6411933,U4543,7905254569976623,1111.93,Shillong,2025-05-04,22:11:20,MasterCard,Starbucks,Failed,no
TX1973548,U7265,8270536379205829,1813.46,Hyderabad,2018-05-02,03:51:18,American Express,Starbucks,Failed,yes
TX2526637,U1997,3705529988737192,1439.25,Kolkata,2020-03-30,17:10:38,American Express,Walmart,Success,no
TX8271413,U9032,9096602709445212,1604.91,Darjeeling,2018-12-03,13:02:37,American Express,Apple Store,Success,no
TX2658279,U2306,5815902444671960,347.02,Darjeeling,2023-01-26,04:06:22,Visa,Starbucks,Success,no
TX1208427,U6240,7744782754926786,38.87,Kochi,2022-07-14,09:35:15,Diners Club,ExxonMobil,Failed,no
TX8400874,U2247,5058885866455706,481.53,Varanasi,2025-01-18,21:33:04,Diners Club,ExxonMobil,Success,no
TX5029468,U2675,9744677064841118,1046.48,Udaipur,2024-06-07,01:46:17,Diners Club,ExxonMobil,Failed,no
TX5597219,U6967,0550016887703233,1746.62,Kochi,2022-03-03,11:43:56,Diners Club,Amazon,Success,no
TX3309330,U2413,1428251181553108,1328.73,Goa,2021-07-02,22:48:30,MasterCard,Starbucks,Success,yes
TX5863777,U9531,2098754828685368,1732.95,Chennai,2023-11-22,06:02:03,MasterCard,Best Buy,Failed,no
TX5462772,U7101,6342239074052362,715.78,Goa,2025-05-19,12:09:46,Visa,Target,Success,no
TX8994420,U4452,0727154737731219,607.41,Bangalore,2020-11-01,13:55:51,Visa,Shell,Success,no
TX9907696,U4281,8124254726864871,755.04,Delhi,2018-11-20,23:02:15,Diners Club,Walmart,Success,no
TX1488438,U5760,2110762474664365,1016.63,Varanasi,2025-01-09,18:57:35,MasterCard,Apple Store,Success,no
TX6411340,U2495,3972037938654682,1695.21,Mysore,2024-06-05,00:33:35,MasterCard,ExxonMobil,Success,no
TX3466958,U8603,5385588586813329,1364.41,Udaipur,2018-09-28,20:12:34,RuPay,Best Buy,Success,yes
TX4863832,U2928,6121573224616457,82.42,Darjeeling,2023-09-09,15:47:03,Diners Club,Starbucks,Success,no
TX7089959,U1921,0379112866167160,433.39,Darjeeling,2021-12-10,11:54:46,Diners Club,Apple Store,Success,no
TX7902226,U9260,5716625037835347,409.26,Varanasi,2021-01-26,17:19:48,RuPay,Best Buy,Success,no
TX4468420,U5074,6116221519365731,963.83,Mumbai,2025-03-22,15:27:10,Diners Club,Starbucks,Failed,no
TX5102576,U281,5395213589056062,1208.58,Mysore,2019-07-29,01:00:39,RuPay,Apple Store,Success,yes
TX5933618,U1916,3139133257002583,1276.36,Delhi,2019-08-01,18:02:30,American Express,ExxonMobil,Failed,no
TX7654114,U629,6254315853539142,163.56,Mysore,2019-12-20,05:31:18,RuPay,Shell,Success,no
TX7739188,U7915,4849583290144891,726.39,Varanasi,2018-11-17,02:09:27,American Express,Starbucks,Success,no
TX8065800,U6603,9230051723721512,1487.03,Leh,2021-10-03,02:57:49,American Express,Starbucks,Success,no
TX2900346,U1761,2198142616870471,337.83,Chennai,2025-04-22,15:21:16,RuPay,Apple Store,Success,yes
TX4620263,U1571,5763767497624003,850.08,Jaipur,2024-12-04,07:21:53,Diners Club,Best Buy,Failed,no
TX3958821,U6558,9546483110795835,1959.77,Kochi,2023-06-10,10:22:19,RuPay,Amazon,Success,no
TX6765423,U6232,6836923449235729,310.07,Kolkata,2019-11-22,04:27:00,Visa,Walmart,Success,no
TX6032638,U5237,1042906410807987,787.35,Darjeeling,2023-04-03,11:19:14,MasterCard,Flipkart,Success,no
TX4944734,U9466,0482967720738442,1813.17,Kolkata,2022-08-31,06:25:58,RuPay,Target,Success,no
TX3911437,U9997,1724817491494868,297.07,Mysore,2020-11-18,19:47:19,American Express,McDonald's,Success,no
TX1605581,U5975,5225306640751000,1950.36,Kolkata,2018-07-01,22:55:15,American Express,Amazon,Success,no
TX5287508,U145,6755105222367624,1253.12,Shillong,2018-11-14,01:12:34,MasterCard,Shell,Success,yes
TX2235834,U2651,6004097235619000,1027.2,Chennai,2021-12-18,00:52:46,American Express,Apple Store,Success,no
TX8886829,U6394,1876801268194069,1853.91,Shillong,2020-03-01,14:30:39,American Express,McDonald's,Success,no
TX5120784,U3007,5261500965414455,1390.48,Mysore,2020-04-01,03:03:21,RuPay,McDonald's,Failed,no
TX5896166,U6124,7476059456293134,699.51,Shillong,2020-01-10,16:02:10,Diners Club,Shell,Success,no
TX9574733,U2464,0473806920152845,534.47,Jaipur,2018-05-30,07:30:54,MasterCard,Target,Success,no
TX4596562,U4582,2100200426960276,1771.05,Kolkata,2023-04-30,05:51:23,MasterCard,Amazon,Failed,no
TX6533019,U8660,4341342039269287,42.08,Kochi,2021-05-14,11:09:36,MasterCard,Flipkart,Success,yes
TX5717524,U2203,9611905882069896,1600.75,Udaipur,2024-10-10,00:38:31,American Express,Target,Success,yes
TX9011752,U6301,9349490346846215,146.12,Leh,2020-09-27,20:06:27,Diners Club,Apple Store,Success,no
TX4605210,U5383,7374028585310889,395.94,Udaipur,2024-11-05,19:36:20,Visa,Apple Store,Success,yes
TX2281510,U8591,0675474673977315,619.4,Shillong,2020-06-20,03:38:17,Visa,Target,Success,no
TX4442715,U850,1906442548335194,1685.62,Bangalore,2018-02-22,20:45:23,American Express,Best Buy,Success,no
TX4874859,U603,5350602542906514,43.07,Mysore,2019-11-06,14:04:07,RuPay,Starbucks,Failed,no
TX9435585,U1692,5252785571214599,516.62,Kolkata,2024-09-27,08:57:15,MasterCard,Target,Success,no
TX6891394,U4754,6890719966050342,1613.47,Leh,2018-03-10,02:44:57,American Express,ExxonMobil,Success,no
TX9005120,U9497,7059793500376006,527.53,Kochi,2021-08-02,07:28:19,American Express,Best Buy,Success,yes
TX4606576,U3750,2097591780815631,252.43,Delhi,2024-04-09,05:26:17,MasterCard,McDonald's,Success,no
TX4614231,U3371,8572113899674004,1375.62,Udaipur,2023-10-20,17:33:36,American Express,Flipkart,Success,no
TX8279109,U1674,6403903452569885,560.92,Mysore,2020-05-25,12:20:56,Diners Club,Flipkart,Success,yes
TX4619814,U2717,9688780483891762,642.93,Kochi,2018-02-18,09:56:14,Diners Club,Amazon,Success,no
TX6833056,U3736,6046471138753864,437.84,Darjeeling,2024-03-25,06:32:24,RuPay,ExxonMobil,Success,no
TX7244411,U341,2524243563618557,125.54,Udaipur,2023-09-23,07:15:46,Visa,Walmart,Success,no
TX1349914,U1478,6331449174390221,258.56,Kolkata,2020-04-07,00:08:45,MasterCard,Shell,Success,no
TX4241614,U2059,3874404295865985,193.08,Mandya,2023-06-23,21:15:10,MasterCard,Shell,Success,no
TX4217178,U3728,8806599380567447,370.68,Shillong,2020-05-23,19:24:46,American Express,Starbucks,Success,no
TX1754621,U6677,1931235762792497,1818.4,Mysore,2019-05-22,15:41:13,Visa,Shell,Success,no
TX4425248,U1855,6086361500543624,283.52,Chennai,2018-11-21,13:11:34,MasterCard,Shell,Success,no
TX7833743,U9561,3649356960309299,1056.08,Shillong,2018-09-29,05:03:17,Diners Club,Flipkart,Success,no
TX1649255,U9568,3006458624249667,1331.11,Varanasi,2021-06-15,12:38:53,RuPay,Walmart,Failed,no
TX5189567,U9395,5073990869385947,219.91,Delhi,2018-06-04,00:05:43,MasterCard,Starbucks,Success,no
TX2972420,U7935,2392698411792197,1480.48,Bangalore,2024-08-06,16:19:06,Diners Club,Target,Success,yes
TX6710188,U8992,5677264951269964,904.44,Jaipur,2022-06-23,01:37:04,RuPay,Starbucks,Success,no
TX7922637,U3256,3362726017451961,1824.7,Darjeeling,2020-12-03,06:14:58,MasterCard,Starbucks,Success,no
TX9888757,U7643,4073665652867940,401.1,Udaipur,2024-10-02,22:19:19,American Express,Walmart,Success,no
TX4900280,U7143,1021825334928087,161.24,Jaipur,2023-12-08,16:27:27,Visa,Best Buy,Success,no
TX9509220,U7411,4695944768990281,1384.55,Darjeeling,2020-12-27,16:01:13,RuPay,Flipkart,Success,no
TX3072452,U2935,9432439899444115,1136.04,Udaipur,2020-10-21,17:46:32,American Express,Starbucks,Success,no
TX1711862,U5680,6717344127643992,1377.75,Hyderabad,2025-01-02,09:14:23,Diners Club,Target,Failed,no
TX5253891,U4663,1641391229478678,722.18,Shillong,2023-01-24,01:07:46,Visa,McDonald's,Success,no
TX5858121,U1135,5777728135218493,1525.17,Mumbai,2021-12-17,02:02:27,Diners Club,Best Buy,Success,no
TX9407318,U569,0021680507815541,1710.97,Chennai,2021-07-01,20:20:45,MasterCard,ExxonMobil,Success,no
TX3636037,U3961,4775140861688820,1082.1,Mysore,2021-06-28,05:43:51,MasterCard,Starbucks,Failed,yes
TX8988441,U4079,6110340367858715,1438.81,Kolkata,2020-05-02,03:26:54,MasterCard,Target,Success,no
TX2573407,U4235,4524991411231697,1538.24,Kochi,2023-01-17,13:31:49,Visa,Amazon,Failed,no
TX2035490,U5730,3233633061976817,53.13,Delhi,2024-01-19,09:49:20,Visa,Walmart,Success,no
TX1263140,U9433,2499450145236261,1763.75,Mandya,2019-05-16,04:41:18,MasterCard,Shell,Success,no
TX4500860,U1709,9575769075955885,749.75,Mandya,2022-10-23,15:31:58,Visa,Best Buy,Success,no
TX9101172,U9293,1700157547657557,966.59,Varanasi,2024-04-23,14:23:32,RuPay,Amazon,Success,yes
TX8203494,U9810,3516821752005910,1750.29,Varanasi,2019-02-16,16:22:23,Visa,Apple Store,Success,no
TX1588762,U9108,8813622989151473,1552.22,Hyderabad,2025-03-01,10:08:22,Diners Club,ExxonMobil,Success,yes
TX5307990,U4405,4067496605816333,1357.35,Goa,2018-12-15,14:50:30,American Express,Flipkart,Failed,no
TX6420301,U7280,9711303420977413,1544.16,Udaipur,2021-01-13,19:32:46,Visa,McDonald's,Success,no
TX7934461,U2404,2579098401485778,1913.65,Kolkata,2021-05-06,11:23:46,American Express,Apple Store,Success,no
TX3917014,U4393,8215763117760705,795.63,Bangalore,2023-09-30,09:31:08,MasterCard,McDonald's,Success,no
TX3636977,U4872,5273854530666122,1381.22,Kolkata,2023-12-06,14:27:00,American Express,Target,Success,no
TX9371706,U5966,1260177251947224,477.18,Hyderabad,2024-01-31,21:35:19,American Express,McDonald's,Success,yes
TX4716269,U6337,9185296299959723,21.98,Leh,2020-06-13,08:52:57,Diners Club,Target,Success,no
TX3474197,U1569,5463526062316411,300.46,Kochi,2018-02-24,07:38:10,American Express,Flipkart,Failed,no
TX1312117,U1772,7293119333769997,1912.38,Leh,2023-10-14,22:09:20,Diners Club,Amazon,Success,no
TX5013974,U9257,6455156443481542,1568.26,Bangalore,2019-12-05,13:02:05,Visa,Flipkart,Success,no
TX8946355,U7980,3326085974758895,482.92,Udaipur,2020-03-12,02:14:03,Visa,ExxonMobil,Success,no
TX2494850,U5050,3699980806816896,65.9,Shillong,2020-02-10,02:21:58,American Express,Starbucks,Success,no
TX2502177,U9612,4860159987423070,449.52,Varanasi,2019-01-12,02:14:03,RuPay,Amazon,Success,no
TX7286202,U1390,1166486943191438,1338.66,Darjeeling,2021-12-05,19:33:35,MasterCard,Apple Store,Success,no
TX2281258,U3349,8526097045852588,1285.68,Hyderabad,2024-10-15,06:07:21,Visa,ExxonMobil,Success,no
TX5248157,U78,0259654090040643,1107.68,Mysore,2021-05-27,15:30:58,American Express,Apple Store,Success,yes
TX6480611,U1469,2834590764247160,231.85,Kolkata,2024-07-19,01:19:00,MasterCard,Amazon,Failed,no
TX2351377,U9841,2808484286864735,285.46,Mysore,2023-08-30,13:27:05,American Express,Shell,Success,no
TX1474269,U4844,5973948607100432,903.41,Shillong,2024-02-14,17:12:40,Visa,Flipkart,Success,no
TX2889815,U8840,5965010666376790,419.92,Chennai,2019-06-19,21:57:46,RuPay,Amazon,Success,no
TX4967642,U3227,9038446754662425,1465.02,Delhi,2024-03-16,02:29:37,Diners Club,Walmart,Success,yes
TX7424309,U9519,0112814863394572,1350.36,Hyderabad,2022-11-11,15:44:14,American Express,Amazon,Success,no
TX2765047,U7530,3138860079317937,570.02,Kolkata,2020-09-06,16:06:17,Diners Club,Walmart,Success,no
TX9702510,U7328,4562943245252940,1279.34,Kochi,2019-07-14,16:23:27,Diners Club,Flipkart,Success,no
TX7450722,U9760,5724791059506015,1295.26,Kochi,2020-04-24,06:35:06,Diners Club,Flipkart,Success,no
TX6305360,U5863,6813260787404969,67.11,Udaipur,2022-07-27,03:59:20,MasterCard,Flipkart,Success,no
TX6748529,U2810,1699569118294654,890.38,Bangalore,2020-09-20,00:48:25,MasterCard,Amazon,Success,yes
TX2915445,U3750,7107279897610071,1325.75,Jaipur,2023-05-16,21:57:26,Visa,Amazon,Success,no
TX7690155,U4946,5076155087066292,165.63,Mandya,2025-04-29,17:08:19,Diners Club,Shell,Failed,yes
TX3214428,U3503,6627826732093858,248.14,Leh,2018-03-04,05:29:46,Diners Club,Apple Store,Success,no
TX6663676,U4113,7454200027094462,1659.6,Chennai,2023-10-21,13:51:15,RuPay,Best Buy,Success,yes
TX7973947,U7607,7635492060713086,541.52,Udaipur,2022-10-06,06:05:59,Visa,Walmart,Success,yes
TX1754418,U2145,8569044099638231,113.69,Mysore,2020-11-01,05:17:26,MasterCard,McDonald's,Success,no
TX9311826,U2869,8984865797104429,1027.78,Jaipur,2019-07-07,20:32:59,American Express,Target,Success,no
TX4279298,U4819,9860640218338765,1133.16,Leh,2020-01-29,06:42:59,Diners Club,Target,Failed,no
TX1843873,U7665,6768789469699342,79.03,Mumbai,2018-12-09,12:41:31,Diners Club,Target,Failed,yes
TX1183829,U7838,1097984051497995,1052.35,Shillong,2022-09-18,18:10:32,Visa,Apple Store,Failed,no
TX1046144,U4457,3196247993119160,1680.37,Shillong,2023-12-26,02:45:44,Diners Club,Starbucks,Success,no
TX1648898,U9559,4040156974182520,757.7,Mandya,2025-04-12,19:01:49,Visa,Apple Store,Success,no
TX1405291,U6362,2418752495466098,172.14,Shillong,2024-06-20,13:47:54,RuPay,Target,Success,no
TX1227508,U3948,1957663992157141,1754.56,Bangalore,2020-01-18,10:40:46,MasterCard,Walmart,Success,no
TX3895020,U9572,1293942034378252,1506,Varanasi,2021-09-18,01:55:38,Visa,McDonald's,Success,yes
TX8396847,U5051,6747700824928209,1268.29,Mandya,2024-09-27,21:09:37,American Express,Shell,Success,no
TX1655743,U5793,5912856561310883,213.08,Delhi,2019-12-10,20:29:14,Diners Club,ExxonMobil,Success,no
TX5856157,U6716,4280523602898420,1783.73,Mumbai,2021-10-12,06:07:23,Diners Club,Best Buy,Success,yes
TX2462015,U9103,0154544451114055,1995.72,Bangalore,2018-10-03,00:55:27,Visa,McDonald's,Success,no
TX1268881,U2945,8859222463645338,924.29,Varanasi,2024-08-31,16:04:55,American Express,Shell,Success,no
TX5476761,U3152,7242808425772450,455.67,Mumbai,2018-05-18,09:04:32,MasterCard,Shell,Success,no
TX2555404,U1728,1688365406107811,1504.58,Mysore,2024-05-17,01:27:37,American Express,Starbucks,Success,no
TX4602908,U9093,5140988177909047,309.89,Varanasi,2019-03-16,18:28:56,Visa,Target,Failed,no
TX3786195,U7399,6638886597795034,314.9,Leh,2024-03-05,17:52:09,RuPay,Apple Store,Success,no
TX4199047,U5914,8778821762234818,804.08,Darjeeling,2021-06-21,04:44:38,Visa,Amazon,Success,no
TX1190826,U1887,9177561681576549,1202.48,Udaipur,2019-05-07,16:32:32,MasterCard,Best Buy,Success,no
TX6209288,U9072,5725932224384524,973.77,Jaipur,2020-11-14,07:36:00,RuPay,Apple Store,Success,no
TX9733876,U7588,5288493711586407,1056.04,Mysore,2018-02-05,08:30:57,American Express,Flipkart,Success,no
TX8722086,U5653,9401416376527961,1904.56,Delhi,2021-06-05,05:21:40,Visa,Starbucks,Success,no
TX8795191,U9080,4570378145616789,1720.35,Goa,2018-09-22,03:06:00,RuPay,ExxonMobil,Success,no
TX3305087,U7079,3733893688857073,1822.9,Goa,2018-09-17,06:16:15,Diners Club,Shell,Success,no
TX7298264,U4185,8275884688781077,949.8,Varanasi,2018-11-03,11:29:55,Diners Club,Best Buy,Success,no
TX1421710,U4338,0054673345826745,746.4,Bangalore,2020-09-30,18:28:49,American Express,Flipkart,Success,no
TX3562578,U8039,8404581484195320,710.04,Leh,2024-04-15,07:55:21,American Express,McDonald's,Success,no
TX7246551,U32,5928597944545366,201.12,Mumbai,2024-10-02,05:26:01,MasterCard,Apple Store,Success,no
TX3980551,U3737,7937928397290562,227.26,Kochi,2024-03-31,05:02:51,Diners Club,Apple Store,Success,no
TX6291385,U897,7164625997569756,33.99,Mumbai,2019-04-26,16:10:11,RuPay,Best Buy,Success,no
TX3231293,U4435,5944823020481313,210.69,Mumbai,2024-11-07,04:48:05,Diners Club,Best Buy,Success,no
TX4774143,U9347,1293671951239883,1032.53,Varanasi,2022-05-31,19:15:23,Diners Club,McDonald's,Success,no
TX7963026,U899,4022442237332368,1635.04,Kolkata,2018-02-14,02:22:31,MasterCard,Amazon,Success,yes
TX1461961,U5368,3324669072990272,1291.67,Jaipur,2024-04-14,21:18:27,MasterCard,Apple Store,Success,no
TX8299069,U8432,1380180597973437,962.72,Udaipur,2022-01-12,22:15:10,MasterCard,Apple Store,Success,no
TX7405978,U4152,2863043685250762,1759.39,Shillong,2020-01-29,23:37:48,RuPay,McDonald's,Success,no
TX4278715,U3440,0926449115381410,1314.92,Mysore,2018-06-07,17:07:52,MasterCard,McDonald's,Success,no
TX7441305,U872,8372505592162862,218.7,Bangalore,2018-05-14,06:44:13,American Express,Shell,Success,no
TX4834314,U7322,3963614967472244,26.11,Goa,2021-10-26,13:46:38,Diners Club,Target,Success,no
TX4552059,U1504,9271765600249191,1303.36,Goa,2022-03-10,22:18:11,Diners Club,Starbucks,Success,no
TX5029296,U6804,0336426666530905,1982.25,Udaipur,2019-04-28,08:20:35,Visa,Apple Store,Success,no
TX8630793,U2265,3806220892147021,1588.21,Jaipur,2021-08-23,11:45:25,Visa,Best Buy,Success,no
TX3611642,U970,0921793808874829,392.8,Hyderabad,2020-05-21,03:57:19,MasterCard,Apple Store,Success,no
TX1346654,U8898,8776212882918578,1398.17,Mandya,2023-05-19,02:24:15,American Express,Target,Success,no
TX7107988,U8937,5070268456918607,1877.45,Varanasi,2022-03-10,14:57:46,RuPay,Apple Store,Success,no
TX5277355,U1585,4019182637072351,537.02,Jaipur,2023-03-20,22:28:49,MasterCard,Starbucks,Success,no
TX7346687,U7859,2142691963642382,1806.23,Hyderabad,2024-03-07,17:18:51,Diners Club,Flipkart,Success,yes
TX8113411,U6209,1408706524950819,608.58,Goa,2020-06-07,01:46:54,Visa,ExxonMobil,Success,no
TX5030304,U6350,4080966883844657,1347.89,Chennai,2022-11-28,05:11:28,RuPay,Best Buy,Success,no
TX4842664,U2270,9465548727087781,1154.51,Varanasi,2022-07-30,07:03:37,RuPay,Flipkart,Success,no
TX6231033,U7222,7788688078255799,1830.58,Hyderabad,2019-06-22,00:03:49,American Express,Walmart,Success,no
TX4420000,U4683,9203193257982963,77.03,Varanasi,2020-02-26,02:34:34,RuPay,Flipkart,Success,no
TX5413190,U3922,3390074586429373,1329.02,Mumbai,2019-10-28,15:30:31,MasterCard,Flipkart,Success,yes
TX7906342,U8380,8025483345210981,1607.26,Leh,2021-09-06,02:51:42,Visa,Starbucks,Success,no
TX8518844,U3777,4806944595790823,1213.77,Hyderabad,2023-10-18,12:35:29,Visa,Target,Success,no
TX3054479,U1439,9099359764660914,548.36,Jaipur,2023-06-15,16:17:20,Visa,Apple Store,Success,yes
TX9076661,U2771,9031029040911903,1976.79,Chennai,2021-07-02,04:30:28,RuPay,Apple Store,Success,yes
TX7076610,U827,4297089647586243,1370.66,Mandya,2022-12-03,04:19:25,Visa,Best Buy,Success,no
TX3678257,U9413,6005155690196840,1644.28,Mysore,2023-05-28,09:28:42,Visa,ExxonMobil,Success,no
TX8969994,U4423,3321045147655917,649.78,Varanasi,2022-10-19,00:32:02,Visa,Best Buy,Success,no
TX2748130,U1719,6140563312579573,1416.48,Chennai,2018-11-15,08:23:24,MasterCard,Amazon,Failed,no
TX6182991,U6515,1494606845141022,432.2,Mysore,2019-02-27,06:21:49,American Express,Apple Store,Success,yes
TX7749844,U3588,2668561009630009,1536.23,Shillong,2024-09-29,13:19:21,RuPay,Best Buy,Success,no
TX2627052,U4157,9178654947126095,1271.78,Kochi,2022-12-22,10:58:13,RuPay,ExxonMobil,Failed,yes
TX1651715,U1904,8906425059498422,1807.48,Kolkata,2020-10-12,18:28:02,MasterCard,ExxonMobil,Success,no
TX2043349,U6263,2939552485993554,919.24,Varanasi,2019-02-19,19:43:35,American Express,Walmart,Success,yes
TX3908581,U7834,1602052966279567,1448.7,Mandya,2024-10-24,15:53:27,MasterCard,Starbucks,Success,no
TX6201346,U4641,9220466393859418,683.47,Mumbai,2023-07-11,21:02:12,RuPay,Flipkart,Success,no
TX3259030,U3434,8789093655610056,1538.64,Kochi,2025-04-12,23:15:44,RuPay,ExxonMobil,Success,yes
TX5805358,U9799,5544629651769539,1671.19,Mysore,2022-09-30,02:36:38,MasterCard,Flipkart,Success,no
TX4551195,U7860,3153286483880074,1767.97,Mysore,2024-07-02,13:39:42,MasterCard,Flipkart,Success,no
TX6655675,U848,3267013745590531,906.46,Varanasi,2024-04-28,18:31:24,RuPay,ExxonMobil,Success,no
TX4201874,U8839,1589025761112877,628.94,Mumbai,2024-10-07,07:48:45,Visa,McDonald's,Success,no
TX6982640,U7161,1427962659628584,1171.15,Goa,2025-02-22,08:47:24,American Express,Target,Failed,yes
TX8482669,U3779,8383600365958709,762,Mysore,2019-01-07,07:52:18,American Express,Target,Success,no
TX3487370,U7574,6659514705404159,955.45,Hyderabad,2021-02-03,13:37:43,Visa,Starbucks,Success,yes
TX2306562,U8596,0603528866388206,1488.61,Leh,2019-07-16,21:41:29,American Express,Starbucks,Success,no
TX1727789,U8102,5323193775033335,1744.6,Udaipur,2018-06-10,10:13:45,MasterCard,Amazon,Success,no
TX2976038,U9141,1488718991152317,881.41,Leh,2023-09-20,07:26:31,MasterCard,Amazon,Success,no
TX7313337,U8962,0014759742661133,742.56,Hyderabad,2022-05-16,02:20:06,MasterCard,ExxonMobil,Success,no
TX4262586,U8042,0449835532956466,588.65,Bangalore,2023-06-15,00:38:46,RuPay,Flipkart,Success,no
TX6745265,U1994,1971567039951993,1633.8,Mumbai,2018-08-30,13:43:10,Visa,McDonald's,Success,yes
TX7542800,U3980,4553906619359822,1460.83,Goa,2021-08-05,15:41:52,MasterCard,McDonald's,Success,no
TX6782880,U6026,2864335473512747,1220.57,Chennai,2019-07-27,22:22:27,MasterCard,Amazon,Failed,no
TX6682207,U8126,8007675328029040,260.59,Mysore,2025-05-19,21:29:45,MasterCard,Apple Store,Success,no
TX5547966,U3676,0049065013276911,1581.68,Mysore,2021-12-02,15:28:33,Diners Club,Starbucks,Success,no
TX5327402,U5167,2427659998992228,1546.81,Kochi,2024-11-18,07:12:12,RuPay,Flipkart,Success,no
TX1744104,U7405,5785236487464627,236.82,Mandya,2025-03-02,03:57:11,Diners Club,Best Buy,Success,no
TX1478865,U5383,3831566773782208,1490.45,Kochi,2022-01-08,09:25:35,Diners Club,Amazon,Failed,yes
TX2308064,U4595,6849495405692368,661.34,Mumbai,2019-04-06,11:07:39,Visa,Best Buy,Success,no
TX9880073,U1892,8459206952301119,1222.2,Kochi,2024-02-07,21:34:32,MasterCard,Amazon,Success,no
TX4834911,U7278,7730161001951818,1098.98,Delhi,2022-12-14,22:42:16,Visa,ExxonMobil,Success,no
TX4357421,U7798,3522889369268752,796,Udaipur,2025-06-15,18:21:11,MasterCard,Amazon,Success,yes
TX7208435,U10,4316741645757672,291.78,Mysore,2020-10-11,09:52:30,RuPay,McDonald's,Success,no
TX4839330,U5619,5435626136353430,1354.22,Goa,2023-05-30,17:00:52,RuPay,Walmart,Success,yes
TX6061974,U7957,9373721392541793,1742.92,Kolkata,2024-01-21,16:04:20,Diners Club,Apple Store,Success,no
TX6821105,U293,8334780209751396,1249.9,Goa,2018-11-07,15:45:54,Visa,Shell,Success,no
TX4642391,U9547,2687578275999907,1728.81,Mumbai,2018-09-12,18:12:01,Diners Club,Starbucks,Success,yes
TX4872125,U9177,7983314024341175,743.6,Delhi,2020-08-04,04:05:59,MasterCard,Walmart,Success,no
TX7351122,U139,2396612909132005,513.82,Darjeeling,2018-01-20,22:38:08,Diners Club,Target,Success,no
TX1110206,U3086,1129369594489649,562.82,Delhi,2019-12-06,16:35:54,American Express,Best Buy,Success,no
TX7118494,U4766,3117350915146035,82.35,Leh,2024-03-09,23:20:18,American Express,Walmart,Success,no
TX8855997,U6834,7552150704415821,1187.27,Chennai,2023-05-09,14:07:49,RuPay,Starbucks,Failed,yes
TX1101384,U2564,5474479896666625,1915.19,Delhi,2018-08-24,05:07:10,MasterCard,Amazon,Success,no
TX5211820,U3498,9274233366058650,1106.67,Udaipur,2021-04-25,12:31:45,Visa,ExxonMobil,Success,no
TX9184562,U4853,3526953146495968,1987.83,Shillong,2018-04-23,09:42:12,American Express,Starbucks,Success,no
TX5169152,U4023,4435324708760356,1352.34,Mumbai,2019-07-03,07:44:08,American Express,Starbucks,Success,no
TX4521594,U2274,5289093269172398,1185.63,Kolkata,2021-02-26,10:10:26,RuPay,Shell,Failed,no
TX8717085,U6464,5789611115623065,284.35,Varanasi,2019-07-03,18:04:06,RuPay,Best Buy,Success,yes
TX7782598,U3472,1987081364416467,128.71,Delhi,2018-03-13,06:06:12,RuPay,ExxonMobil,Success,no
TX1789178,U3091,6139960012637404,1426.54,Chennai,2019-09-29,07:36:13,RuPay,Target,Failed,no
TX6281009,U8400,8122638187117648,627.13,Mysore,2019-12-14,04:52:57,Visa,Apple Store,Success,no
TX5782729,U3231,9326700219544700,1688.28,Kochi,2024-02-15,12:05:33,Diners Club,Walmart,Failed,no
TX1830102,U1459,4555864051890683,789.42,Varanasi,2021-06-28,16:23:10,Diners Club,Best Buy,Success,no
TX4220538,U6214,5157037605468596,1122.85,Darjeeling,2021-08-30,19:58:44,Diners Club,Starbucks,Success,yes
TX4978402,U3693,7345121914340922,14.59,Mumbai,2022-10-29,12:01:21,American Express,Flipkart,Success,no
TX9605406,U2444,1288210344701570,1851.34,Kolkata,2018-10-11,14:23:47,MasterCard,Shell,Success,no
TX5418984,U4593,9712374766651038,1958.62,Darjeeling,2022-06-29,08:29:51,MasterCard,ExxonMobil,Success,no
TX6732729,U1200,7577958283311249,1098.79,Shillong,2021-12-30,02:49:56,Visa,Apple Store,Failed,no
TX8390931,U8620,2049973436261553,1123.84,Varanasi,2020-07-30,17:53:02,Diners Club,Flipkart,Success,no
TX4536867,U606,3375055599297971,1796.55,Darjeeling,2020-06-17,21:59:01,RuPay,McDonald's,Success,yes
TX6761546,U1262,8630307861610126,1674.88,Goa,2018-02-23,14:45:46,MasterCard,McDonald's,Success,yes
TX5749060,U9648,6594080495970047,1601,Mysore,2021-02-17,15:02:29,Diners Club,Best Buy,Success,no
TX3551390,U9622,1098458578067746,754.39,Mandya,2024-06-11,07:53:40,MasterCard,McDonald's,Success,yes
TX6016928,U3266,0301491286397058,933.58,Hyderabad,2018-09-09,10:13:28,Visa,Target,Failed,no
TX8901002,U1509,5464077126142525,1757.79,Varanasi,2023-09-10,10:09:58,RuPay,Flipkart,Failed,no
TX4846422,U7468,5924428727123615,1059.66,Leh,2019-05-31,02:59:00,Diners Club,ExxonMobil,Success,no
TX5537412,U6089,0380981854111692,379.94,Mandya,2020-05-21,17:31:20,RuPay,ExxonMobil,Success,yes
TX7501904,U5564,5201853967387916,1479.29,Shillong,2023-07-25,16:13:19,Diners Club,Starbucks,Success,no
TX9645255,U1604,2153184793281504,268.1,Mysore,2018-06-24,11:03:23,Visa,ExxonMobil,Success,no
TX2747495,U8010,4573786058722553,1851.88,Chennai,2024-07-03,20:20:58,American Express,ExxonMobil,Success,no
TX9673995,U2064,8678727450773897,779.6,Goa,2018-11-26,12:45:19,Diners Club,Shell,Success,no
TX9990703,U3623,9069617401414996,380.78,Bangalore,2021-01-14,21:56:13,Visa,Walmart,Failed,no
TX2373961,U5570,7894686009693494,1080.93,Jaipur,2025-06-12,21:43:01,Diners Club,Starbucks,Failed,no
TX7513965,U7036,6927984084950981,1346.02,Darjeeling,2022-10-12,06:16:43,Visa,Best Buy,Success,no
TX3015329,U7895,3099365740230181,1794.8,Leh,2019-01-29,12:13:57,Diners Club,Target,Success,yes
TX4835237,U6566,8901195019085366,1431.44,Darjeeling,2018-05-21,13:09:08,Visa,Amazon,Failed,yes
TX3197337,U9978,9063387124669079,408.09,Mysore,2022-07-15,16:55:44,Diners Club,Walmart,Success,yes
TX2105347,U2858,0713119506654935,1673.69,Hyderabad,2021-03-30,23:56:40,Diners Club,Walmart,Success,no
TX7371342,U3491,5698236468729447,1056.47,Shillong,2018-01-22,10:49:18,Diners Club,Flipkart,Success,no
TX7487623,U5326,9521899544141465,1877.8,Kolkata,2020-05-21,20:23:21,Diners Club,Flipkart,Success,no
TX7127378,U6574,5482530948323282,91,Delhi,2018-01-19,12:58:04,MasterCard,Walmart,Success,no
TX8886631,U1347,4710865236531412,746.93,Mumbai,2025-04-12,15:09:56,American Express,Amazon,Success,no
TX4723010,U7660,0545674718667361,1864.43,Jaipur,2023-05-16,19:19:04,MasterCard,Starbucks,Success,no
TX7571347,U8439,7979860789767641,1017.35,Shillong,2018-05-17,15:48:55,Visa,Best Buy,Success,no
TX3651512,U2663,2445271451583063,623.05,Mysore,2022-01-07,15:14:14,MasterCard,Amazon,Success,no
TX2932033,U16,9551614928376094,228.38,Delhi,2018-11-09,12:22:57,Diners Club,Flipkart,Success,no
TX4620510,U3506,1940655301613613,220.78,Goa,2024-01-12,23:13:46,Visa,Amazon,Failed,no
TX6426807,U5486,3570167447444796,1831.45,Chennai,2021-09-02,21:18:47,Visa,Best Buy,Success,no
TX1753569,U5592,8780065735046480,1805.28,Darjeeling,2018-08-10,09:02:58,MasterCard,Target,Success,no
TX5728209,U6110,5544231880925665,1215.2,Delhi,2019-04-05,11:23:31,American Express,Apple Store,Failed,no
TX2696814,U5648,0646644561805800,102.04,Kochi,2024-05-14,19:01:30,MasterCard,Amazon,Success,yes
TX2231614,U828,3348503072634548,1150.48,Udaipur,2020-11-28,15:00:40,MasterCard,Apple Store,Success,no
TX3803178,U7170,7466666375886820,982.13,Goa,2024-02-01,03:31:15,Diners Club,Best Buy,Failed,no
TX1848990,U651,7951992323176622,1875.72,Delhi,2020-05-24,20:34:14,Diners Club,McDonald's,Success,no
TX5534811,U587,1434937983313730,1670.21,Kolkata,2019-07-21,16:28:03,RuPay,Shell,Failed,no
TX5578720,U9774,7273544150299188,530.74,Varanasi,2019-09-05,06:20:54,RuPay,Amazon,Success,no
TX2445562,U4722,1560987965873964,1415.81,Mysore,2023-04-21,01:17:53,American Express,ExxonMobil,Success,yes
TX2307633,U3860,0201137379910815,1540.8,Bangalore,2019-04-03,11:13:20,MasterCard,Shell,Failed,no
TX2075278,U6564,2286870103754713,1856.15,Kochi,2022-11-18,17:43:25,Diners Club,Apple Store,Success,no
TX9100605,U6278,5152718721819102,1818.94,Goa,2018-08-24,18:05:27,MasterCard,Apple Store,Success,no
TX9051307,U7648,5085594528984794,1348.66,Mysore,2023-06-22,18:42:01,MasterCard,Amazon,Success,no
TX1352878,U8522,1201049240723387,1278.91,Mumbai,2024-09-26,00:59:14,American Express,Flipkart,Success,no
TX5451399,U6800,3870537474293602,34.8,Kolkata,2022-01-18,12:36:55,Diners Club,Apple Store,Failed,no
TX8749548,U5990,2354769319793179,669.79,Jaipur,2024-05-11,17:23:57,Visa,Shell,Failed,no
TX5776980,U4029,5521700050515276,299.22,Chennai,2020-04-04,04:16:02,MasterCard,ExxonMobil,Success,no
TX3153632,U8593,3191646466978331,697.66,Mysore,2018-04-06,09:50:35,American Express,ExxonMobil,Success,yes
TX6392428,U3626,4107785976008070,931.13,Goa,2018-12-17,00:02:19,RuPay,Walmart,Success,no
TX6855139,U6062,3309228917581334,1300.57,Hyderabad,2018-05-31,12:33:18,RuPay,Starbucks,Success,no
TX7948831,U5097,2548848838036903,1001.71,Varanasi,2018-08-15,16:49:32,American Express,Apple Store,Failed,no
TX4786361,U507,7379641790197926,945.56,Darjeeling,2022-12-30,11:06:35,Diners Club,Shell,Success,no
TX8136981,U7529,2935490323107929,550.2,Bangalore,2021-03-26,10:58:51,American Express,Starbucks,Success,no
TX5004791,U2446,3043455465886127,1219.88,Jaipur,2025-05-12,02:45:43,American Express,Target,Success,no
TX3408377,U1242,7712155180951622,1858.66,Goa,2025-02-16,06:49:13,American Express,ExxonMobil,Success,no
TX5833078,U364,4552700507068899,817.65,Goa,2019-09-20,08:45:49,American Express,Amazon,Success,yes
TX4588009,U5710,0519524361824115,814.47,Delhi,2019-11-12,07:56:35,MasterCard,ExxonMobil,Failed,no
TX4038402,U4318,5342226177439010,1061.61,Leh,2022-01-23,22:59:57,RuPay,Apple Store,Success,yes
TX5701531,U7627,5970992686758018,46.12,Udaipur,2022-03-04,14:57:57,Visa,Target,Success,no
TX7155111,U999,3561279768847638,228.94,Udaipur,2024-03-26,00:55:29,Diners Club,Best Buy,Success,no
TX2028715,U9733,0028125038584087,1919.96,Mumbai,2022-09-28,18:41:15,American Express,Apple Store,Success,no
TX2382646,U5018,4982698143673445,1795.67,Mumbai,2021-12-24,09:22:42,RuPay,Walmart,Success,no
TX8200635,U3021,7413489884834530,1706.81,Mumbai,2024-05-05,18:08:35,Visa,Flipkart,Success,no
TX2589037,U9949,3396035082461169,1220.61,Chennai,2019-05-15,00:15:26,Diners Club,Starbucks,Success,no
TX7017427,U8044,7810573425569892,1267.26,Darjeeling,2019-01-13,18:51:48,Diners Club,Amazon,Success,no
TX2817284,U6788,7239355151624933,180.15,Chennai,2020-10-27,13:11:35,RuPay,Apple Store,Success,no
TX2669096,U7330,2822967924541174,699.04,Leh,2022-12-28,22:13:17,RuPay,Walmart,Success,no
TX6136078,U6530,4878890252284729,533.04,Chennai,2020-12-03,12:06:40,RuPay,Flipkart,Success,no
TX5989130,U1770,0815378231558050,1262.34,Kochi,2022-09-04,06:55:01,MasterCard,Best Buy,Success,no
TX8454761,U4791,8019848881171683,165.09,Chennai,2023-03-02,19:40:04,MasterCard,ExxonMobil,Success,no
TX7140927,U6250,1048203440237331,1955.17,Mandya,2023-05-13,16:52:08,American Express,McDonald's,Success,yes
TX6833716,U8315,4409810398155421,706.37,Udaipur,2020-05-19,06:31:10,MasterCard,Amazon,Success,no
TX9557260,U5382,9635175750499768,1089.9,Kochi,2025-03-17,16:39:02,RuPay,Target,Success,no
TX5124041,U1218,7279298470263845,538.62,Jaipur,2025-02-07,05:20:41,Diners Club,Apple Store,Failed,yes
TX7387576,U4234,4456537047047461,1343.55,Goa,2021-02-12,16:00:12,Visa,McDonald's,Success,no
TX8410930,U1217,6959831038162826,1523.71,Bangalore,2025-04-21,13:24:09,RuPay,Apple Store,Failed,no
TX5578396,U1035,8924904017887402,1151.87,Leh,2018-01-16,08:03:33,Diners Club,Starbucks,Success,no
TX2979929,U1867,4899070848872394,1338.9,Mysore,2018-11-17,20:16:35,RuPay,Target,Failed,no
TX9758556,U9178,8633704838996501,1307.93,Mumbai,2021-05-14,03:52:48,RuPay,Amazon,Success,yes
TX2607764,U8978,0425579238551490,845.67,Chennai,2022-04-08,20:52:56,RuPay,Flipkart,Success,no
TX2517760,U8270,2006195354801077,99.89,Varanasi,2020-01-13,10:57:08,Diners Club,Amazon,Success,no
TX7156488,U7372,8401130869200793,1448.11,Shillong,2018-07-26,11:20:26,Visa,Apple Store,Success,no
TX5084539,U4770,1004062500228675,346.45,Darjeeling,2022-08-22,21:04:05,Visa,Walmart,Success,no
TX4904869,U6265,3106140714767064,518.02,Udaipur,2020-02-24,19:17:18,MasterCard,Shell,Success,no
TX8037818,U9286,2190354944439806,966.61,Leh,2022-05-04,05:03:16,American Express,Shell,Success,no
TX4965403,U2179,8771159204822891,689.87,Mysore,2025-05-29,06:01:49,MasterCard,Apple Store,Success,no
TX2054986,U2451,0257133850023906,972.71,Mumbai,2019-12-09,19:58:10,American Express,ExxonMobil,Success,no
TX8961436,U2217,7558804116950811,1686.64,Varanasi,2020-01-28,00:19:16,American Express,Target,Failed,yes
TX6525502,U8908,0026018625742402,511.16,Goa,2021-11-06,23:34:59,Diners Club,Starbucks,Failed,no
TX4560952,U8161,8459398324718037,769.66,Kolkata,2024-02-12,09:03:41,American Express,Starbucks,Success,no
TX2661064,U3121,5745694327010381,1431.58,Darjeeling,2021-07-25,16:32:43,MasterCard,Amazon,Success,no
TX3977620,U5259,2324441414066625,878.21,Hyderabad,2023-12-14,13:28:54,RuPay,Apple Store,Success,no
TX5528630,U4139,3256561978989906,1904.97,Udaipur,2023-12-07,03:35:59,MasterCard,Amazon,Success,no
TX4056546,U2018,8334215456357270,1332.32,Kolkata,2024-01-05,14:19:30,MasterCard,Best Buy,Success,no
TX8349083,U6502,5599963768074584,207.01,Delhi,2018-04-17,06:05:13,Visa,Flipkart,Failed,no
TX1522334,U7964,9193616005277552,1797.33,Jaipur,2023-03-01,07:21:22,MasterCard,Amazon,Failed,yes
TX3315361,U5326,8301491315409023,804.13,Jaipur,2022-08-14,23:03:58,Diners Club,Best Buy,Success,no
TX3883818,U6111,8232507256018446,1719.31,Mandya,2025-06-23,04:31:22,RuPay,Apple Store,Success,yes
TX1149400,U3860,9675015673060476,1308.24,Mysore,2019-10-16,11:46:04,MasterCard,Flipkart,Success,no
TX6486246,U3678,8796750662787363,1587.46,Udaipur,2021-03-09,03:45:14,MasterCard,Starbucks,Success,yes
TX8932984,U4668,3807150001038548,1388.75,Delhi,2024-08-21,03:21:15,American Express,Best Buy,Success,no
TX1638318,U706,2637852518182793,1087.26,Leh,2024-02-14,00:49:42,MasterCard,Target,Success,no
TX1191863,U9780,0588640930562147,1723.92,Mandya,2025-05-20,03:58:40,RuPay,Apple Store,Success,yes
TX2053583,U2581,0960049126048183,1189.76,Darjeeling,2022-06-19,21:36:59,Diners Club,Apple Store,Success,no
TX9576447,U791,9367384590729452,60.08,Delhi,2021-10-22,13:24:55,Visa,Amazon,Success,no
TX7346396,U3451,0498401988588427,1176.7,Goa,2022-06-24,16:16:44,American Express,Apple Store,Success,no
TX5862157,U1617,3529386013041309,1861.12,Mumbai,2023-11-30,04:09:20,MasterCard,Starbucks,Success,no
TX1591274,U7999,7876224425491026,1076.34,Mumbai,2021-10-09,08:40:49,RuPay,Shell,Success,yes
TX2501290,U4246,5811393893429633,584.59,Jaipur,2023-04-30,17:21:35,Visa,Starbucks,Failed,no
TX8537756,U4007,2212347442317733,779.89,Jaipur,2019-01-30,12:24:00,MasterCard,Walmart,Success,no
TX1301420,U319,8636688735826060,550.21,Kolkata,2018-12-30,01:57:21,RuPay,Target,Success,no
TX7398527,U9728,5448497061762860,1762.34,Hyderabad,2021-03-26,11:08:15,Visa,Amazon,Failed,no
TX4600846,U3118,2637281489820892,113.73,Varanasi,2024-06-17,15:40:55,American Express,Flipkart,Success,yes
TX7461224,U8755,4483450952770523,1565.19,Hyderabad,2024-01-05,06:35:17,MasterCard,Shell,Success,no
TX3121770,U2898,4224908519355891,648.18,Chennai,2025-02-09,23:21:22,RuPay,Flipkart,Success,no
TX9159865,U718,9871144772105198,481.74,Udaipur,2023-08-11,10:53:22,RuPay,Best Buy,Success,no
TX4138384,U1366,4559480273300710,303.11,Chennai,2018-08-29,14:53:19,MasterCard,Apple Store,Failed,no
TX6247061,U2915,9789187815231468,486.06,Goa,2021-05-22,14:29:12,American Express,Target,Success,no
TX8674687,U9310,8833092915674064,1440.75,Delhi,2019-12-18,02:28:09,Diners Club,ExxonMobil,Failed,no
TX4182430,U8411,6336678222237184,1285.19,Mumbai,2022-08-10,05:36:53,Diners Club,Amazon,Failed,yes
TX9868294,U144,8426492106038337,183.68,Mumbai,2021-05-17,11:36:11,Diners Club,Target,Success,no
TX7740002,U8583,6753731059732173,347.38,Mandya,2021-04-04,19:11:22,RuPay,McDonald's,Failed,no
TX5439867,U3009,6836873574527902,1344.18,Hyderabad,2019-08-09,18:11:47,RuPay,Amazon,Success,no
TX6325542,U255,3323925348481887,326.37,Mandya,2018-10-12,20:03:25,RuPay,Flipkart,Success,yes
TX3379106,U5248,8712786955748831,180.48,Mumbai,2022-07-12,07:27:33,Diners Club,Amazon,Success,no
TX4198019,U9038,0242653337150969,1080.75,Chennai,2023-09-10,13:47:16,MasterCard,Apple Store,Success,yes
TX7576435,U44,7991487071135373,1403.12,Bangalore,2020-06-23,22:39:14,MasterCard,McDonald's,Success,no
TX4063552,U7112,2818748068361175,1756.71,Mumbai,2018-01-02,10:40:39,RuPay,Target,Failed,yes
TX2797794,U9253,7953859965162197,1536.26,Delhi,2022-01-16,00:56:41,RuPay,ExxonMobil,Success,yes
TX2990390,U2231,6248646672348447,566.87,Kolkata,2022-03-29,07:26:10,Visa,Target,Success,no
TX8087777,U1450,9329785428954990,237.64,Hyderabad,2019-12-07,23:28:14,Visa,Target,Success,no
TX4899713,U9595,0536682828036341,659.33,Delhi,2021-03-01,05:07:18,American Express,Amazon,Failed,no
TX4013658,U201,6829114710308712,1921.87,Shillong,2019-03-08,13:15:43,Visa,Amazon,Success,yes
TX2475894,U3141,5175636286588711,78.52,Chennai,2025-05-04,21:16:40,Visa,Target,Failed,no
TX9018069,U873,4744523805064922,35.46,Mysore,2019-06-27,04:12:58,Visa,Walmart,Success,no
TX7986676,U8243,1619027810559590,1325.12,Hyderabad,2021-11-17,05:06:29,Diners Club,Flipkart,Failed,no
TX3243222,U9316,3034652740046865,1167.27,Mandya,2024-08-22,22:26:07,MasterCard,Flipkart,Success,no
TX4171309,U656,4041638574136559,133.92,Mumbai,2024-10-11,02:42:05,RuPay,Apple Store,Success,yes
TX4294385,U6417,8127604847322042,1842.26,Chennai,2024-05-26,11:25:38,RuPay,Walmart,Success,no
TX1116374,U8208,7391939842281805,1733.53,Jaipur,2025-06-20,19:29:14,Visa,Walmart,Success,no
TX3886006,U1273,6154305213904927,1693.41,Mumbai,2024-05-28,23:26:10,American Express,Amazon,Success,no
TX7158273,U5228,2720375374096772,695.73,Delhi,2018-02-01,06:20:03,RuPay,Shell,Success,no
TX5472075,U2921,5631504414451600,1548.87,Delhi,2018-11-02,10:18:53,Diners Club,Starbucks,Success,no
TX7775963,U6013,7719308406193855,1634.24,Bangalore,2023-05-05,16:36:09,Visa,Amazon,Success,no
TX5079468,U4530,4151322681789463,1669.81,Goa,2019-02-27,15:11:05,American Express,Starbucks,Success,yes
TX8826828,U8705,1410045111230091,1175.77,Hyderabad,2025-06-21,02:17:15,MasterCard,Target,Success,no
TX1430532,U4037,7207877119106520,285.96,Darjeeling,2020-02-07,13:02:50,RuPay,Walmart,Success,no
TX3107084,U1236,9152052845730398,1639.58,Kolkata,2018-11-04,22:34:24,Diners Club,Apple Store,Success,no
TX1633258,U7266,4217896177490595,631.7,Jaipur,2023-08-20,10:54:15,MasterCard,Target,Success,no
TX5271158,U7456,7568331578734776,993.91,Bangalore,2022-01-06,09:39:44,American Express,Flipkart,Success,yes
TX2955800,U4253,0020931217658453,1302.54,Kolkata,2024-07-21,12:50:06,RuPay,ExxonMobil,Success,no
TX4594064,U9878,4765405536773848,1293.45,Udaipur,2018-06-08,00:37:13,Visa,Flipkart,Success,no
TX9574692,U9487,5220471186297044,1606.17,Hyderabad,2019-08-04,01:13:07,American Express,Starbucks,Success,no
TX9422683,U9437,1544342960694717,973.78,Jaipur,2021-05-13,16:25:12,MasterCard,McDonald's,Success,yes
TX7533271,U224,7321265070521790,401.98,Bangalore,2020-01-17,19:57:55,RuPay,Target,Success,no
TX6400934,U5050,0851346232398922,1237.63,Udaipur,2021-04-25,04:03:26,MasterCard,Amazon,Success,no
TX8599732,U1901,7270723393236232,977,Udaipur,2024-12-27,08:32:59,RuPay,Starbucks,Success,yes
TX5186615,U6513,7738986487686005,1317.01,Mumbai,2023-03-11,09:15:25,Visa,ExxonMobil,Success,no
TX3815247,U9277,7339300195653729,56.37,Delhi,2018-06-01,10:40:40,RuPay,McDonald's,Success,no
TX1850225,U2997,6585497574775348,811.53,Udaipur,2024-12-28,21:17:22,RuPay,Shell,Success,no
TX1434986,U1196,1599329906618548,1683.03,Shillong,2021-08-25,13:15:53,RuPay,Amazon,Success,no
TX3985282,U5217,4896208669501549,1809.97,Kochi,2018-09-30,05:57:05,Visa,Best Buy,Success,no
TX1837318,U1251,9752214069699764,1827.07,Delhi,2025-01-25,15:40:27,Visa,ExxonMobil,Success,yes
TX3961916,U3382,4689341288716403,1624.09,Goa,2019-11-01,11:48:35,Diners Club,Best Buy,Success,no
TX7714723,U7168,6300469807985972,203.61,Shillong,2019-06-30,12:02:55,Visa,Walmart,Failed,no
TX6817690,U1312,7763920537144582,1838.41,Delhi,2021-06-20,16:01:58,MasterCard,Target,Failed,no
TX4794858,U2594,3763609535222587,677.4,Shillong,2020-10-30,04:40:40,RuPay,ExxonMobil,Success,no
TX1636695,U1264,9428818854897995,413.26,Jaipur,2024-02-06,23:16:42,MasterCard,Best Buy,Success,no
TX5510981,U5038,8554195676559945,823.76,Mysore,2018-11-09,00:38:47,Visa,Flipkart,Success,no
TX9997890,U2683,0935982540620766,762.64,Darjeeling,2022-02-03,01:23:48,Diners Club,Best Buy,Success,no
TX3438492,U9195,0040621003654847,1972.59,Udaipur,2018-04-11,02:52:09,American Express,Target,Success,yes
TX2619575,U5846,2998051116373228,10.82,Darjeeling,2018-09-13,20:08:34,Diners Club,Target,Success,no
TX4523943,U9082,3519578500095707,262.19,Shillong,2021-02-15,05:22:30,RuPay,Starbucks,Success,no
TX5970673,U6619,7306458204224659,404.04,Kolkata,2023-10-01,01:25:29,Visa,Starbucks,Success,yes
TX5039912,U1960,2914709071307890,1749.84,Darjeeling,2021-08-04,04:22:24,American Express,McDonald's,Success,no
TX7066054,U4343,5333940730079937,203.04,Mysore,2020-03-20,07:16:15,MasterCard,Starbucks,Success,no
TX6109885,U2738,5059497643403359,1728.94,Bangalore,2019-11-24,08:34:04,Diners Club,Target,Success,no
TX4728016,U4464,1179633948802018,1664.51,Kolkata,2023-08-24,01:10:42,RuPay,Target,Success,no
TX8100264,U5468,5480074216174847,460.9,Bangalore,2018-06-02,13:34:40,American Express,McDonald's,Success,no
TX1072694,U5066,4354134971143104,273.2,Varanasi,2024-09-21,04:34:54,Visa,Best Buy,Success,no
TX6652795,U2576,6319482527535040,506.81,Chennai,2021-08-09,20:45:56,Diners Club,Target,Success,no
TX3877681,U3886,3719478607326555,1202.71,Jaipur,2019-02-20,08:50:49,MasterCard,Target,Success,no
TX4150952,U6301,1802717958564488,182.57,Hyderabad,2023-07-08,04:32:29,Diners Club,Starbucks,Success,no
TX7924832,U4137,2101768479024949,1837.79,Shillong,2022-04-03,19:38:21,Diners Club,McDonald's,Failed,no
TX7742887,U6973,8424925695784079,1738.3,Mandya,2019-05-21,13:55:44,RuPay,Starbucks,Success,no
TX3891008,U6159,9615272913510044,952.82,Jaipur,2018-07-03,00:55:25,Visa,Best Buy,Success,yes
TX9268405,U7463,9848630413230155,1707.28,Leh,2019-10-24,13:43:05,American Express,Starbucks,Success,no
TX9111102,U5043,1877273512265049,67.49,Darjeeling,2019-08-24,05:54:28,RuPay,Amazon,Success,no
TX9468508,U7667,1643712381442742,984.12,Shillong,2020-05-11,13:43:08,American Express,Flipkart,Success,no
TX4250268,U1207,7892531410760327,1112.82,Mysore,2023-01-27,08:20:32,RuPay,Flipkart,Success,no
TX4007229,U2274,7226902629826507,138.32,Varanasi,2018-07-02,16:23:33,RuPay,Starbucks,Success,no
TX7107673,U4096,7506575684023169,1228.3,Hyderabad,2019-07-01,01:37:10,Diners Club,Walmart,Success,no
TX3085179,U5001,6212251902001715,497.24,Jaipur,2025-04-21,08:02:22,American Express,Walmart,Success,no
TX7740614,U1537,3042571007725177,260.19,Jaipur,2021-10-12,11:30:25,American Express,ExxonMobil,Success,no
TX9544549,U7352,8138731773463751,1733.58,Varanasi,2025-03-14,06:30:14,American Express,McDonald's,Success,yes
TX3963593,U5563,1075123059511285,218.2,Goa,2018-01-27,18:56:02,Visa,Best Buy,Success,no
TX3671376,U8806,2175553764885563,615.57,Leh,2024-12-06,19:17:44,Visa,Amazon,Success,no
TX4526245,U2533,0558129568240545,706.32,Hyderabad,2021-11-16,14:44:12,MasterCard,Starbucks,Success,no
TX2296670,U2183,9114577047019858,1430.32,Bangalore,2020-04-20,11:07:07,MasterCard,Shell,Success,no
TX9521059,U7109,6535620341254297,793.22,Chennai,2023-11-23,09:49:47,RuPay,Shell,Success,no
TX8427191,U8738,0752183950888871,1602.45,Bangalore,2024-01-11,05:04:59,American Express,Apple Store,Success,no
TX2305870,U123,3549973006302655,573.68,Kochi,2025-06-15,23:30:49,Diners Club,Apple Store,Success,no
TX9620286,U4730,5171568105665985,1263.86,Bangalore,2021-02-12,00:04:33,MasterCard,McDonald's,Success,no
TX4654134,U3326,3333112471275804,470.48,Delhi,2019-07-11,04:57:22,MasterCard,Shell,Success,no
TX7625337,U9841,5715070996266235,1495.86,Darjeeling,2019-02-08,07:59:45,RuPay,McDonald's,Success,yes
TX9269527,U9446,5481244356824207,226.92,Mysore,2021-12-08,02:13:58,RuPay,Amazon,Failed,yes
TX2008695,U7070,8724170503797692,59.24,Darjeeling,2019-08-04,00:23:09,Diners Club,McDonald's,Success,no
TX8481482,U1656,7417391918632772,296.67,Kolkata,2024-07-11,04:33:44,Visa,Flipkart,Failed,no
TX9152848,U7440,9355832705772606,1959.91,Darjeeling,2019-05-18,17:04:01,RuPay,Target,Failed,no
TX3706194,U143,6029772083514450,1726.88,Bangalore,2021-11-19,22:30:33,Diners Club,McDonald's,Failed,no
TX3925873,U4268,8050001288558214,1827.85,Mumbai,2020-10-26,17:47:07,MasterCard,Walmart,Success,no
TX8926474,U7710,8713186386156915,487.95,Shillong,2022-09-01,05:33:03,Visa,Apple Store,Success,no
TX7864659,U688,2492352419881671,25.46,Chennai,2024-08-04,18:58:14,Diners Club,Shell,Success,no
TX8027051,U2166,1401509701015857,1008.45,Kochi,2024-01-19,04:01:28,American Express,Shell,Success,yes
TX4422159,U3719,4845907119678306,1938.33,Hyderabad,2020-05-29,05:32:06,MasterCard,Walmart,Success,no
TX2376239,U9826,5656451063230841,122.62,Kolkata,2018-05-23,17:15:44,American Express,Starbucks,Success,no
TX9678887,U2816,4697639571333130,1544.95,Kolkata,2024-02-23,07:38:35,MasterCard,Amazon,Success,no
TX9430210,U3571,5455220820217037,894.09,Leh,2019-06-29,16:20:34,American Express,Starbucks,Success,no
TX4743619,U1015,7368582245502284,1821.65,Mumbai,2019-08-12,08:56:54,RuPay,ExxonMobil,Success,no
TX4029245,U2078,5751570339914099,1318.01,Goa,2023-08-19,15:18:33,Diners Club,McDonald's,Success,no
TX7698525,U2571,1706299256164432,1276.63,Jaipur,2021-05-10,20:47:02,Diners Club,Amazon,Success,no
TX4234190,U2389,9462412205169674,188.17,Udaipur,2024-11-10,08:41:13,American Express,Flipkart,Success,no
TX6436209,U8734,9654293575844441,1742.34,Darjeeling,2021-09-13,02:01:12,American Express,Amazon,Success,no
TX6264576,U5527,1284777394286856,1443.67,Hyderabad,2021-12-25,16:20:45,RuPay,Starbucks,Success,no
TX9271116,U3020,5463212524874425,1051.11,Goa,2025-03-10,06:16:15,American Express,Shell,Failed,yes
TX6452545,U4369,1386565428111944,671.27,Goa,2022-04-11,07:51:16,Diners Club,Shell,Success,no
TX7850927,U6546,0158248728661156,1613.88,Varanasi,2018-12-29,02:26:45,Diners Club,Shell,Success,no
TX7717861,U5388,7499737600167616,217.37,Bangalore,2023-11-04,14:29:23,RuPay,Target,Success,no
TX8024007,U2654,9561443516209874,397.54,Goa,2021-06-03,23:05:42,Diners Club,Shell,Success,no
TX1329094,U5394,8684769929738063,1612.42,Goa,2019-10-04,13:29:30,RuPay,Shell,Success,no
TX3498964,U7916,0565669893279251,146.26,Mumbai,2019-04-15,06:25:19,MasterCard,McDonald's,Success,no
TX6910147,U3148,2702347005945503,682.45,Kochi,2022-01-16,17:25:27,RuPay,Shell,Success,yes
TX7873304,U7944,2758887599178504,750.62,Varanasi,2020-07-22,16:25:34,American Express,Apple Store,Success,no
TX4400660,U6471,7411876648228458,749.27,Mysore,2023-05-12,04:50:24,Diners Club,ExxonMobil,Success,no
TX8461572,U1658,7694342607055715,817.4,Chennai,2020-04-18,07:32:18,MasterCard,ExxonMobil,Success,no
TX8782188,U7400,2760812141222444,277.14,Kochi,2021-02-22,10:57:47,Visa,Starbucks,Success,no
TX7850339,U8685,2298000071621056,540.56,Shillong,2019-07-14,14:41:43,Diners Club,Amazon,Success,yes
TX9073778,U4495,0813313308882114,1226.08,Mumbai,2020-07-13,19:33:02,MasterCard,Target,Failed,no
TX6237560,U8574,1545163857329798,1329.07,Shillong,2023-07-08,22:40:01,American Express,Target,Success,no
TX1211436,U3800,0538650891320880,989.79,Mumbai,2024-12-30,05:31:58,American Express,Walmart,Success,no
TX2724701,U5064,3083613476726846,1279.31,Mandya,2021-03-08,03:29:39,Diners Club,Apple Store,Success,yes
TX1064197,U842,3186432696888736,1849.39,Mysore,2022-03-15,17:41:19,American Express,Apple Store,Success,no
TX9783629,U126,9459806798525104,1279.13,Chennai,2022-10-16,14:30:01,Diners Club,Apple Store,Success,no
TX7943407,U3150,9422537243908833,1392.74,Jaipur,2022-01-13,18:48:55,Diners Club,ExxonMobil,Success,no
TX5050681,U8640,7079844516670457,284.37,Kochi,2020-09-04,15:28:55,Diners Club,Flipkart,Success,yes
TX8229340,U3299,7385094973142425,879.37,Bangalore,2022-10-20,19:46:45,Visa,Apple Store,Success,yes
TX2606319,U8079,5405264952931567,120.84,Goa,2024-01-02,08:20:19,Visa,Apple Store,Success,no
TX8793828,U2857,9321829224208140,32.55,Kochi,2019-06-07,07:06:11,Diners Club,Apple Store,Success,no
TX5308277,U7365,0166394715989687,1134.29,Leh,2024-11-04,00:03:25,RuPay,ExxonMobil,Failed,no
TX6002254,U5354,4808659893511530,396.55,Shillong,2023-04-16,15:31:12,Visa,Starbucks,Success,no
TX9837520,U629,2663870999163260,935.25,Mandya,2021-08-30,11:34:01,Diners Club,ExxonMobil,Success,no
TX4954257,U6250,1167857202764313,150.48,Kochi,2021-07-28,15:12:33,American Express,Apple Store,Success,no
TX8682824,U2906,7230955973590719,864.41,Varanasi,2023-02-24,19:49:43,MasterCard,Apple Store,Failed,no
TX6380066,U985,5968335777036480,378.15,Shillong,2025-06-07,14:38:44,American Express,Amazon,Success,no
TX1704278,U9319,9341260299082871,870.71,Leh,2021-09-12,21:02:29,Visa,Starbucks,Success,no
TX8319650,U1745,6160929260624446,747.72,Mysore,2020-09-30,18:13:03,Visa,Shell,Failed,yes
TX8781016,U293,3678259117286350,315.32,Leh,2021-01-21,19:11:25,Diners Club,Amazon,Success,yes
TX2557828,U5490,2136172587877387,1706.97,Mysore,2022-04-23,23:27:56,RuPay,Shell,Success,no
TX1697701,U7287,5211491005677958,78.6,Udaipur,2024-04-23,04:17:53,Visa,Shell,Success,no
TX9399680,U9058,0539977492669855,484.82,Delhi,2018-08-11,21:59:56,MasterCard,Apple Store,Success,yes
TX9491353,U2388,9912359679294447,1198.95,Delhi,2021-09-08,00:53:21,RuPay,Apple Store,Success,no
TX9616531,U1130,2330677281378363,411.28,Kolkata,2023-06-18,12:45:34,Visa,ExxonMobil,Success,no
TX7601681,U8661,8938787428212650,76.62,Kolkata,2025-04-09,00:27:31,American Express,Flipkart,Success,yes
TX5434004,U3754,0973542775067842,116.05,Mysore,2020-10-03,09:08:35,Visa,McDonald's,Success,yes
TX5467830,U2509,2406966762472020,850.63,Jaipur,2021-02-28,21:54:31,Diners Club,Starbucks,Failed,no
TX2217891,U1277,4096197562935733,1784.55,Jaipur,2018-10-27,21:56:16,Visa,McDonald's,Failed,no
TX1124690,U3881,4414441767171095,1847.75,Mysore,2020-04-28,03:13:34,Visa,Walmart,Failed,no
TX1058951,U7943,6172884749455472,991.79,Mandya,2024-09-13,19:26:24,Diners Club,ExxonMobil,Success,yes
TX8082626,U6512,2448435854042942,735.68,Varanasi,2018-05-03,12:07:34,RuPay,Shell,Success,no
TX4835117,U7774,2088373623624102,154.21,Jaipur,2021-04-01,00:36:26,RuPay,Starbucks,Success,no
TX3869698,U415,2252895569743482,1359.02,Goa,2019-02-12,10:59:32,Diners Club,Flipkart,Success,no
TX3274810,U6351,7892469259417028,1761.69,Chennai,2021-03-02,16:00:39,Visa,Target,Success,no
TX1295661,U208,8221809528644172,696.28,Mysore,2024-11-17,20:33:14,Diners Club,Starbucks,Success,no
TX6471628,U9996,9737075430962469,1838.66,Leh,2018-08-22,23:22:51,RuPay,Walmart,Success,no
TX3921403,U1705,0833150984879826,1690.13,Shillong,2021-01-13,03:40:52,MasterCard,Flipkart,Success,no
TX9376418,U4683,5224560205410066,1054.07,Goa,2024-01-14,01:33:13,Diners Club,Flipkart,Success,no
TX7620176,U556,9398924495803640,1221.9,Delhi,2025-02-23,23:42:29,Visa,McDonald's,Failed,no
TX1250677,U5483,0452270755866262,339.61,Mandya,2019-01-02,15:39:13,American Express,Amazon,Success,no
TX3376223,U1969,7977730580102290,760.87,Darjeeling,2024-08-09,11:47:57,American Express,Apple Store,Success,no
TX1678047,U5647,3024949526414271,768.58,Jaipur,2019-07-24,10:05:00,American Express,Starbucks,Success,no
TX4334494,U2226,7103228880808430,1532.23,Mandya,2020-11-12,03:49:51,MasterCard,Flipkart,Success,no
TX8032707,U5310,5262539743445925,663.81,Bangalore,2018-08-24,22:12:47,American Express,ExxonMobil,Success,no
TX9278276,U9564,3221762725422303,392.1,Varanasi,2023-09-06,02:41:58,RuPay,Flipkart,Success,yes
TX7405222,U4712,0695869145418431,1237.68,Jaipur,2019-04-17,00:53:59,RuPay,McDonald's,Success,yes
TX7516353,U1723,7345355631747496,302.88,Kolkata,2022-02-16,19:50:22,Diners Club,Flipkart,Success,no
TX5196133,U6975,6132670373279199,916.59,Udaipur,2022-10-16,01:14:50,Diners Club,Flipkart,Success,no
TX5860103,U8038,2722697736595531,173.48,Darjeeling,2022-07-06,10:42:33,MasterCard,Starbucks,Success,no
TX9557155,U9559,8325906078327125,1745.18,Mumbai,2018-06-22,23:45:28,American Express,Walmart,Success,no
TX6689733,U6827,5122548879635103,1238.29,Hyderabad,2020-09-01,00:37:34,RuPay,McDonald's,Success,no
TX5900979,U8253,9279259920264619,1133.79,Kolkata,2024-02-10,18:39:49,MasterCard,Flipkart,Success,no
TX7065223,U9708,0181454579598835,690.5,Hyderabad,2022-06-27,09:16:53,RuPay,Target,Success,yes
TX6137167,U8812,9243896549103049,1662.91,Hyderabad,2023-10-17,11:23:08,Visa,ExxonMobil,Success,no
TX2715625,U5742,9212682929004551,1457.03,Bangalore,2019-05-03,15:50:55,Diners Club,Apple Store,Failed,no
TX2315465,U3332,6075258469873328,126.8,Leh,2021-07-08,22:19:25,American Express,Starbucks,Failed,no
TX8295729,U8918,5407966551997698,30.58,Bangalore,2023-03-05,23:00:20,RuPay,Starbucks,Success,no
TX9013773,U318,8013191309493722,1873.33,Mandya,2018-03-26,01:50:59,RuPay,Walmart,Success,no
TX5161176,U1013,0446272620475602,1611.87,Darjeeling,2024-03-14,11:48:15,American Express,Apple Store,Success,no
TX9646067,U2504,9290753014392526,1271.34,Mandya,2021-11-09,02:57:42,American Express,Shell,Failed,no
TX5031097,U3175,2025991587624479,607.69,Shillong,2023-09-13,21:18:32,MasterCard,Starbucks,Failed,no
TX9065430,U9435,2785935475622482,101.12,Shillong,2019-05-02,14:40:11,RuPay,Shell,Success,yes
TX4489121,U2209,5616294650121197,1212.9,Mandya,2021-11-30,06:56:46,MasterCard,Shell,Success,no
TX2618732,U9557,3973293191135786,127.55,Mumbai,2018-05-21,14:26:53,Visa,Apple Store,Success,yes
TX6689307,U4871,0899041155250190,1571.08,Goa,2020-03-29,14:42:00,Diners Club,Shell,Failed,no
TX6105410,U809,7630102646073638,1320.24,Kochi,2022-11-15,17:03:28,American Express,Shell,Success,no
TX3596964,U5870,5548001728098425,608.83,Mandya,2019-08-09,20:32:22,RuPay,Best Buy,Success,no
TX6982978,U6930,8073525924967000,1542.89,Darjeeling,2021-08-05,18:24:09,MasterCard,Best Buy,Success,no
TX8934491,U6427,7795004478911857,1508.38,Chennai,2021-08-05,09:03:47,American Express,Amazon,Success,no
TX4322176,U4813,6819134130081488,1369.66,Kochi,2024-09-23,16:21:39,MasterCard,Starbucks,Success,no
TX7331105,U4436,9206248141723114,1728.92,Mumbai,2023-01-24,12:22:58,MasterCard,Walmart,Success,no
TX1380362,U3109,8314070289822762,1944.21,Darjeeling,2022-02-09,21:23:10,Visa,Walmart,Success,yes
TX7613839,U8079,1380089169004391,1852.72,Jaipur,2024-06-25,15:24:09,American Express,Starbucks,Failed,yes
TX1681398,U7921,9626365070174653,351.27,Mumbai,2020-05-17,18:42:20,Diners Club,Flipkart,Failed,no
TX8470784,U9822,9971849673244670,1475.13,Varanasi,2020-10-28,16:36:15,MasterCard,Starbucks,Success,no
TX4953483,U7785,7430991210430295,577.01,Kolkata,2023-10-17,09:38:58,Diners Club,Amazon,Success,no
TX7213596,U2063,7817669899174615,129.11,Hyderabad,2021-07-02,03:11:11,Diners Club,Shell,Success,no
TX9477926,U5121,0866503259592171,1080.4,Shillong,2021-10-08,19:30:40,RuPay,Target,Success,no
TX8540034,U3457,6766011315861716,573.96,Jaipur,2019-02-21,03:43:29,MasterCard,Flipkart,Success,no
TX7287143,U5914,3512404327426486,721.95,Chennai,2024-03-04,16:08:54,American Express,Flipkart,Success,no
TX5299637,U5007,2753963074441333,1504.04,Kochi,2021-12-20,21:33:57,American Express,Best Buy,Success,no
TX9358053,U3370,8328987747057775,844.63,Shillong,2025-03-04,21:27:51,RuPay,Amazon,Success,no
TX8550119,U5714,8419810165346528,1193.37,Varanasi,2022-03-26,13:32:15,RuPay,Flipkart,Success,no
TX1153537,U8588,1620536952723899,1143.35,Leh,2021-06-16,03:22:54,RuPay,Amazon,Success,yes
TX1453675,U2322,2297507654537695,1512.25,Jaipur,2018-05-16,18:20:53,MasterCard,Target,Failed,no
TX5836087,U9216,7444722014185416,1130.78,Kolkata,2024-05-27,21:56:43,Diners Club,Amazon,Success,no
TX6964610,U7683,1026036013895126,183.24,Delhi,2021-11-09,07:55:43,RuPay,Best Buy,Success,no
TX9630996,U6513,9839024442883498,1727.92,Hyderabad,2024-07-10,10:26:17,Visa,McDonald's,Success,no
TX4925249,U2326,1211898493728472,530.38,Leh,2021-07-07,02:48:59,RuPay,ExxonMobil,Success,no
TX3852532,U5404,8096767168414057,1673.85,Kolkata,2018-04-17,04:09:17,Visa,Amazon,Success,yes
TX7761609,U9220,3258127186154184,11.51,Mumbai,2018-07-09,22:00:49,Visa,Best Buy,Success,no
TX1837240,U570,8216362410759056,1839.5,Leh,2019-12-19,00:26:25,American Express,Target,Failed,no
TX1939679,U9774,3247864240565092,1142.49,Hyderabad,2018-10-03,00:23:48,RuPay,Target,Success,no
TX2004316,U8150,3192731808026523,910.38,Darjeeling,2024-02-17,17:59:25,American Express,McDonald's,Success,no
TX5514667,U1477,5249917465583819,1526.45,Chennai,2020-12-30,20:39:16,Diners Club,Walmart,Success,no
TX8874446,U1061,7642445000103739,1062.77,Kochi,2022-10-20,11:20:54,MasterCard,Target,Failed,no
TX6164912,U9701,1990164952350012,968.58,Mandya,2021-10-14,16:33:27,Visa,Best Buy,Success,yes
TX9590225,U448,6604597871044250,1064.57,Kochi,2018-06-04,13:06:56,MasterCard,Starbucks,Success,no
TX1381579,U2801,1019733854505417,1222.34,Jaipur,2025-02-03,16:12:47,RuPay,Apple Store,Success,no
TX9245021,U8595,7992725181917339,1893.74,Jaipur,2023-05-24,09:00:18,Diners Club,Starbucks,Success,no
TX5504274,U6705,4737807212871532,1147.09,Mysore,2023-11-24,10:49:36,American Express,Target,Success,no
TX8051955,U4300,8472663987416470,1116.25,Chennai,2023-06-14,12:12:25,American Express,Walmart,Success,no
TX2065502,U8872,4199688796251891,1579.43,Mandya,2025-01-20,20:22:11,American Express,Starbucks,Success,yes
TX1234162,U6047,9491671332257403,159.25,Mumbai,2020-02-01,06:58:49,RuPay,Starbucks,Failed,no
TX1776608,U8237,5664082320963570,1015.7,Hyderabad,2025-06-13,11:01:32,RuPay,Shell,Success,no
TX9006899,U7167,6990731657123982,1234.68,Leh,2025-06-27,17:56:06,Visa,Shell,Success,no
TX9910552,U296,0761681255038074,284.1,Darjeeling,2020-12-19,05:54:37,Diners Club,Shell,Success,no
TX3751914,U9574,3488530833682148,1266.01,Mandya,2025-05-04,10:09:43,Diners Club,McDonald's,Failed,no
TX8385738,U7530,7750215383988945,704.42,Shillong,2025-03-25,18:00:26,American Express,Apple Store,Success,no
TX2224434,U7062,5130374410737077,1849.41,Varanasi,2020-08-30,04:27:12,Visa,McDonald's,Success,no
TX5687820,U3205,0284854016116401,1089.41,Kolkata,2018-08-30,06:00:02,Diners Club,Shell,Success,no
TX1137387,U8593,9607201713432907,1659.68,Shillong,2018-03-29,07:20:49,Visa,Amazon,Success,no
TX4620848,U611,9006294554163909,408.09,Kochi,2021-09-23,22:16:58,MasterCard,Starbucks,Success,no
TX1792113,U5721,3387482202545899,890.42,Leh,2020-12-31,20:46:35,Visa,Shell,Success,yes
TX9893405,U5614,7336799164286764,834.62,Chennai,2018-07-20,14:33:51,MasterCard,Flipkart,Success,yes
TX8074420,U8933,3598189009333489,608.74,Darjeeling,2024-02-18,15:18:38,Visa,Walmart,Success,no
TX6983131,U5181,2394785487907363,1714.03,Leh,2023-02-05,13:58:00,MasterCard,Target,Success,yes
TX5590847,U6280,0887664609294655,298.94,Mandya,2022-03-08,02:35:31,MasterCard,Flipkart,Success,no
TX2403986,U6995,8003805384016540,1690.89,Varanasi,2022-08-11,06:47:18,American Express,Best Buy,Success,no
TX8590804,U3946,9338121172870946,1322.9,Mysore,2022-08-20,07:18:12,Visa,Starbucks,Success,no
TX1564808,U4594,9646021530221704,1195.58,Mandya,2022-11-14,06:06:12,Diners Club,Shell,Success,no
TX7336041,U6590,6699613657136765,251.64,Hyderabad,2018-01-29,17:54:43,Diners Club,Starbucks,Success,yes
TX1244401,U9701,5514426262053967,1639.57,Mysore,2021-10-02,08:18:50,American Express,Amazon,Success,no
TX6126164,U7371,7363058987745147,149.71,Kolkata,2018-03-03,04:22:00,MasterCard,Target,Success,no
TX2295617,U5912,1462742622442122,1414.32,Hyderabad,2025-06-16,04:30:08,Visa,Target,Success,no
TX5373166,U5816,9972198465017307,1256.69,Chennai,2018-04-24,11:57:02,Visa,Target,Success,yes
TX9874897,U7542,7593965320105151,968.15,Kochi,2022-12-30,10:03:26,Diners Club,Target,Success,no
TX4521831,U9476,5727664095441446,871.26,Goa,2020-02-19,23:45:44,Visa,Walmart,Success,no
TX2976824,U3368,5602574568899716,251.18,Mumbai,2024-01-21,15:48:12,Visa,ExxonMobil,Success,no
TX4201546,U5570,6877644876901458,31.6,Udaipur,2019-08-25,01:49:34,RuPay,Starbucks,Success,no
TX5310545,U9671,8728843288967790,554.29,Hyderabad,2023-06-09,12:56:35,Diners Club,Starbucks,Failed,yes
TX8204832,U9784,8370697829927651,139.37,Mumbai,2020-07-17,11:52:59,Diners Club,Target,Success,no
TX5734769,U7027,1014840782239245,1124.16,Shillong,2018-11-15,23:39:50,Visa,Flipkart,Success,no
TX2574807,U9920,3243133610284392,1021.39,Leh,2021-10-10,23:50:13,Diners Club,Walmart,Failed,no
TX1417514,U9462,1914874433186076,733.48,Hyderabad,2018-06-12,04:31:40,Diners Club,Amazon,Failed,no
TX1967352,U4510,0583142475456974,1883,Bangalore,2024-04-23,08:51:25,Diners Club,Walmart,Success,no
TX4557476,U1202,3837871065362229,725.9,Varanasi,2021-05-14,21:35:53,Diners Club,Apple Store,Failed,no
TX5879471,U4968,0115312508340098,1770.13,Bangalore,2024-03-04,05:19:57,American Express,Target,Success,no
TX5746795,U3252,9091823603847222,1114,Shillong,2022-01-06,00:16:03,RuPay,Shell,Success,no
TX3402540,U6110,2300960010018441,301.03,Hyderabad,2023-05-13,00:42:57,Visa,Amazon,Success,yes
TX2815723,U7946,2114731876862697,37.14,Varanasi,2018-04-26,16:38:23,Visa,Starbucks,Success,no
TX7670472,U8773,6447626736910755,1714.32,Darjeeling,2022-03-14,05:02:07,American Express,ExxonMobil,Success,no
TX1709967,U1843,8812143527788052,1435.11,Delhi,2022-07-22,05:30:35,American Express,Target,Success,no
TX5611316,U3447,3141525686793455,540.05,Goa,2018-05-03,00:03:55,American Express,Flipkart,Success,no
TX1617241,U6538,5035141769421230,345.38,Bangalore,2023-01-27,03:04:15,Visa,Apple Store,Success,no
TX2336595,U3892,0068444988614910,1525.5,Mysore,2022-04-30,07:44:06,Visa,Starbucks,Success,no
TX3495856,U4785,7731751118783161,192.49,Mysore,2018-01-15,23:30:37,American Express,Best Buy,Success,no
TX9159468,U8868,9391958789779901,375.12,Jaipur,2024-12-24,11:06:27,MasterCard,Walmart,Failed,no
TX4668358,U6952,2311795321129484,735.87,Bangalore,2020-04-21,21:39:04,Visa,Starbucks,Success,no
TX6419686,U9542,2631232820146241,1033.51,Kolkata,2024-05-18,22:10:28,American Express,Amazon,Failed,no
TX5561517,U4009,2489724207678436,1072.16,Darjeeling,2022-08-19,07:26:27,American Express,Target,Success,yes
TX6771838,U972,2807303603925973,1846.82,Shillong,2021-12-09,22:15:19,RuPay,ExxonMobil,Success,no
TX2691233,U7240,7442491454636621,14.4,Jaipur,2023-11-16,09:40:03,MasterCard,Amazon,Success,no
TX6647844,U4819,0315034975944015,1755.7,Kochi,2023-08-18,15:58:32,American Express,McDonald's,Success,yes
TX9747953,U3406,8679067180339619,366.24,Varanasi,2022-07-28,04:57:35,Visa,Apple Store,Success,yes
TX4409933,U7376,7256046793256694,1684.22,Kolkata,2022-05-09,13:14:44,RuPay,Shell,Success,no
TX5478016,U4527,0620819779161889,394.26,Kochi,2023-07-11,06:06:21,RuPay,Apple Store,Success,no
TX3620252,U9877,7818374874732702,1898.93,Kochi,2020-10-23,13:15:11,Visa,Target,Success,no
TX6441942,U8077,7345343792561667,716.52,Varanasi,2024-02-01,09:12:47,American Express,ExxonMobil,Success,yes
TX7133414,U6924,1130095909029265,311.87,Kochi,2018-09-28,22:16:59,RuPay,McDonald's,Success,yes
TX7489863,U362,3232920524502613,599.61,Darjeeling,2020-07-23,01:18:33,MasterCard,Walmart,Success,no
TX2034012,U8690,9103123754130044,22.9,Jaipur,2020-08-18,06:08:20,RuPay,Target,Failed,no
TX4690280,U2685,3430020765425446,238.57,Kolkata,2021-01-05,08:38:17,MasterCard,Best Buy,Success,no
TX2862457,U6971,7108333596612710,594.36,Udaipur,2020-08-29,06:47:59,MasterCard,Starbucks,Success,no
TX3660491,U3334,4387502250905744,353.85,Mumbai,2018-08-01,10:32:53,Diners Club,Starbucks,Success,no
TX8430531,U3035,9319288998673784,827.85,Chennai,2018-06-09,02:48:13,American Express,Starbucks,Failed,yes
TX4553990,U1084,0463513823641957,1901.7,Varanasi,2020-07-29,13:18:04,Diners Club,Starbucks,Success,no
TX7934303,U2488,6768472936435016,1279.9,Bangalore,2024-04-06,00:53:07,RuPay,Amazon,Success,no
TX5810598,U9307,6788050395125538,1179.32,Mysore,2025-01-06,09:15:57,Visa,McDonald's,Success,no
TX2155788,U6730,0246124724285198,1012.38,Leh,2022-07-21,15:50:35,Diners Club,Walmart,Success,yes
TX5123754,U9098,4258470017472419,1400.95,Delhi,2023-10-27,18:56:32,RuPay,Starbucks,Success,yes
TX2923800,U9317,3246412706015623,88.94,Jaipur,2025-05-18,10:36:09,Visa,Starbucks,Failed,no
TX3327634,U9420,6982655792843375,180.91,Hyderabad,2021-04-27,04:53:47,American Express,Walmart,Success,no
TX2421791,U9920,6037288505697524,777.05,Goa,2020-05-05,03:14:21,MasterCard,Starbucks,Success,no
TX1671124,U8025,5571400461121413,1368.84,Hyderabad,2019-08-11,02:22:43,Diners Club,Target,Failed,no
TX7119595,U6943,8758481904836964,1895.71,Bangalore,2019-06-03,00:30:11,Diners Club,Apple Store,Success,no
TX8161083,U9046,4952612791552952,1382.6,Kolkata,2024-08-03,05:24:52,Visa,McDonald's,Success,no
TX1375560,U7470,1326831259212276,1442.82,Goa,2018-06-15,16:38:25,American Express,Flipkart,Success,no
TX4241524,U2242,9748107869063542,106.04,Varanasi,2023-12-25,11:12:26,Diners Club,Walmart,Success,no
TX6586889,U1606,9760735785812149,34.67,Mysore,2020-11-10,09:29:22,Visa,Starbucks,Success,yes
TX3503398,U1436,3416481638586919,466.09,Jaipur,2022-10-29,05:47:33,MasterCard,Walmart,Success,no
TX6514127,U8763,6336320943284929,1334.13,Kolkata,2020-12-20,22:01:46,RuPay,Shell,Success,yes
TX8861454,U9774,5287484110350360,530.61,Leh,2022-03-04,15:11:15,American Express,Amazon,Success,no
TX2987373,U6296,3846061315684721,1612.56,Udaipur,2020-03-08,14:13:56,American Express,Best Buy,Success,no
TX7059362,U5817,5865591348585314,938.16,Delhi,2018-03-13,19:05:18,RuPay,Target,Success,no
TX6338934,U8443,5144695698737477,1859.16,Kolkata,2024-02-09,08:21:31,RuPay,Apple Store,Success,no
TX3580333,U5673,9639819553289874,1902.57,Mandya,2024-04-04,11:24:31,American Express,Amazon,Success,no
TX3155084,U7676,5713048856316326,976.22,Shillong,2020-04-29,22:40:54,MasterCard,Flipkart,Success,no
TX4570885,U9125,7358234889848120,163.1,Mumbai,2023-12-20,18:17:56,Diners Club,Flipkart,Failed,no
TX7550021,U5780,8691177081530067,1771.63,Varanasi,2019-10-04,07:53:52,American Express,Best Buy,Success,no
TX1407979,U8652,8880909839026255,1844.69,Leh,2020-11-29,11:05:39,American Express,ExxonMobil,Success,yes
TX5203862,U362,2314663161960182,1580.16,Varanasi,2018-08-07,05:45:19,MasterCard,McDonald's,Success,no
TX1416065,U4942,6728464229946933,1909.82,Darjeeling,2024-01-05,18:36:16,MasterCard,McDonald's,Success,no
TX1968342,U7357,4918337437151831,629.09,Delhi,2021-02-24,15:37:45,RuPay,McDonald's,Success,no
TX5626558,U3904,6420764262589245,1193.54,Hyderabad,2020-12-13,10:41:29,Visa,Starbucks,Success,no
TX9639749,U7260,4703308343702290,303.69,Chennai,2019-09-30,23:39:31,MasterCard,Starbucks,Success,yes
TX4633453,U5055,7797046407095987,1266.47,Shillong,2023-07-20,08:42:01,MasterCard,Amazon,Success,no
TX4046389,U194,6322618857121868,146.63,Mandya,2023-01-27,20:28:31,Diners Club,Amazon,Success,no
TX9249555,U1143,6682122738992532,527.07,Leh,2018-06-06,11:08:52,Diners Club,Amazon,Success,no
TX5103455,U7891,7391643328221562,1990.64,Bangalore,2025-06-23,22:19:57,RuPay,McDonald's,Failed,no
TX7091396,U6312,1150673518136222,898.92,Goa,2023-01-01,04:05:30,RuPay,McDonald's,Success,no
TX7337667,U9456,1403481886078716,930.58,Hyderabad,2021-07-30,17:30:50,RuPay,McDonald's,Success,no
TX5477910,U5267,8271785571501506,316.82,Hyderabad,2024-12-25,15:59:36,Visa,Flipkart,Success,no
TX7223423,U2519,0102656276625668,359.27,Udaipur,2018-08-24,01:48:33,RuPay,Flipkart,Success,no
TX3043086,U4983,1670073596060377,784.2,Mysore,2023-12-06,08:33:02,American Express,Shell,Success,yes
TX5595616,U1034,4611201309992542,1433.84,Shillong,2020-11-05,19:21:25,RuPay,Walmart,Success,no
TX3552851,U1076,4593488719109985,1458.43,Udaipur,2021-01-23,09:29:12,MasterCard,McDonald's,Success,no
TX9914399,U4502,8645733173284124,1731.34,Jaipur,2024-03-29,22:44:56,American Express,Best Buy,Success,no
TX6349403,U3630,1670378633746559,516.03,Jaipur,2023-08-30,02:01:48,Diners Club,Amazon,Success,yes
TX2657516,U3834,6154518312267232,1108.53,Darjeeling,2018-01-20,04:27:51,MasterCard,Apple Store,Success,no
TX3219988,U9380,1368575264244367,1692.05,Mysore,2025-05-05,03:53:14,Visa,Shell,Success,no
TX8853170,U5418,6011280929563035,1567.44,Leh,2023-05-27,21:07:26,American Express,Walmart,Success,no
TX5406952,U6617,2993056963945655,1673.25,Mandya,2022-12-20,00:09:43,MasterCard,Flipkart,Failed,yes
TX8978035,U598,7485570072498230,38.72,Jaipur,2025-01-04,20:42:50,Diners Club,ExxonMobil,Success,yes
TX1647253,U6207,8614767455545154,997.2,Kolkata,2020-01-04,06:16:01,MasterCard,Apple Store,Success,no
TX3653766,U2268,3142245841907695,718.95,Darjeeling,2019-05-30,10:07:18,American Express,Flipkart,Success,no
TX4096116,U6452,5598852671503055,753.17,Goa,2022-07-23,07:59:01,MasterCard,Amazon,Success,no
TX4555251,U2214,2525736298885300,1095.6,Bangalore,2023-02-13,15:44:51,American Express,Flipkart,Success,no
TX6358048,U8251,8260244444469902,1228.88,Leh,2023-08-20,02:34:53,Diners Club,Amazon,Success,no
TX7915923,U446,2506596415968081,1130.07,Leh,2024-09-15,23:51:18,RuPay,Starbucks,Success,no
TX2179653,U7923,2134391654252320,1695.43,Hyderabad,2021-07-13,02:49:15,Visa,ExxonMobil,Success,no
TX8169076,U5684,8304032404100140,1480.24,Udaipur,2019-11-15,00:09:01,American Express,Apple Store,Success,no
TX8244687,U3689,3519579680257368,1908.6,Delhi,2020-02-12,00:10:29,MasterCard,Apple Store,Success,no
TX4609893,U6409,7412400092708905,100.9,Bangalore,2024-01-09,22:37:25,Diners Club,McDonald's,Success,no
TX6219186,U2708,7208096288022107,29.13,Leh,2021-02-18,11:52:17,American Express,Flipkart,Success,no
TX8218175,U9581,3955293687542885,1311.48,Mumbai,2019-01-10,22:59:25,MasterCard,Flipkart,Failed,no
TX2205460,U4682,2105053235775052,1494.1,Kochi,2020-10-15,04:07:56,RuPay,Amazon,Success,no
TX8245569,U9229,6219329244847440,615.21,Goa,2019-07-21,10:23:53,American Express,Amazon,Success,no
TX1837853,U1318,1226456273646568,466.95,Shillong,2021-04-18,12:25:59,RuPay,Flipkart,Success,no
TX6768685,U3303,2396184183082827,994.52,Mumbai,2023-12-27,02:50:10,Diners Club,Amazon,Failed,yes
TX6116750,U2198,6139407892979944,1044.13,Mysore,2024-03-11,07:16:45,American Express,Walmart,Success,no
TX5573206,U9364,1112438214843721,157.36,Kolkata,2022-12-12,01:02:36,Visa,Flipkart,Success,no
TX7223699,U102,5701175682192708,220.06,Leh,2019-02-08,02:46:13,MasterCard,Target,Success,yes
TX7294898,U1992,2345575136523582,1801.38,Goa,2019-05-31,02:24:58,American Express,Target,Failed,yes
TX9672235,U6169,5599589842938685,454.69,Chennai,2023-04-22,19:40:12,Visa,ExxonMobil,Success,no
TX7254554,U2706,6151610303465520,648.33,Darjeeling,2022-03-17,05:21:07,Diners Club,Flipkart,Success,yes
TX6367044,U8821,5407415846523997,1107.34,Udaipur,2019-07-15,16:56:07,Diners Club,Best Buy,Failed,no
TX6163667,U5189,1091162498226512,496.76,Udaipur,2024-01-10,20:16:06,Diners Club,Best Buy,Success,no
TX3093490,U6240,8512075830070364,158.82,Jaipur,2023-08-05,05:14:37,Visa,Amazon,Success,no
TX7001692,U3659,9515636201958175,297.03,Kolkata,2019-12-07,11:48:16,RuPay,ExxonMobil,Failed,yes
TX9742845,U3806,9541625187597946,1175.21,Leh,2019-06-17,16:39:47,RuPay,Best Buy,Success,no
TX6695605,U7476,1247368312438437,867.37,Udaipur,2022-10-25,00:18:19,MasterCard,Best Buy,Success,no
TX9444699,U2925,6289292352284315,1093.96,Kolkata,2021-08-07,05:04:04,Diners Club,Flipkart,Success,no
TX3527048,U1774,0005040360112977,1174.88,Goa,2018-09-23,10:28:26,Diners Club,Target,Failed,no
TX5475526,U5711,5527439792716588,611.25,Kolkata,2018-07-15,17:53:17,RuPay,Flipkart,Success,no
TX9762129,U4110,1970886925860736,1173.65,Goa,2022-09-23,06:35:27,MasterCard,Shell,Success,yes
TX6350242,U1495,2444899186406610,912.62,Goa,2022-01-19,08:55:32,MasterCard,Flipkart,Success,no
TX5780005,U6147,1616025212784528,254.17,Mumbai,2023-04-05,06:20:31,American Express,Shell,Success,no
TX6933344,U6810,6397360913945810,350.62,Delhi,2024-07-08,00:41:27,Visa,Starbucks,Success,no
TX9326980,U6735,4134934541680036,912.94,Mysore,2019-09-20,20:36:54,RuPay,ExxonMobil,Success,no
TX9477222,U5432,3171334547893728,1540.42,Mandya,2025-06-17,19:20:35,MasterCard,ExxonMobil,Success,no
TX3805309,U6628,3831486420380685,141.29,Leh,2022-04-06,18:07:00,RuPay,Walmart,Success,yes
TX4544713,U4751,6085767153858663,327.23,Shillong,2025-05-30,21:55:24,Visa,Amazon,Success,no
TX7065666,U9167,3786143385923680,1131.93,Jaipur,2020-11-27,06:49:21,RuPay,Target,Success,no
TX8548786,U2263,1293376854099011,1602.61,Mumbai,2022-09-15,03:33:39,Diners Club,Target,Failed,no
TX6679841,U857,1553178084556445,17.57,Darjeeling,2022-05-19,11:02:09,American Express,Target,Success,no
TX4287812,U7440,7078257122209459,1638.27,Shillong,2022-10-20,02:43:01,Diners Club,Target,Success,no
TX1753586,U4635,8769161924748595,1981.81,Leh,2024-12-20,13:41:02,MasterCard,Shell,Success,yes
TX8932157,U6250,7855727689056763,1130.08,Jaipur,2022-01-21,18:45:55,MasterCard,Walmart,Success,no
TX5444662,U7072,0670237694930016,1575.86,Kochi,2019-11-09,11:52:25,MasterCard,ExxonMobil,Success,no
TX2023943,U1224,5139667550923734,976.33,Mandya,2019-09-10,15:25:09,Visa,McDonald's,Success,no
TX4605707,U3417,5747753133482017,1493.95,Mysore,2024-09-19,21:54:40,RuPay,Amazon,Success,no
TX6682987,U80,2096535362187377,1899.11,Leh,2018-04-20,07:12:52,Visa,McDonald's,Success,no
TX1609462,U4433,2337723793588787,194.56,Hyderabad,2023-07-30,17:12:33,MasterCard,McDonald's,Failed,no
TX2202303,U4532,4727753356516368,1431.98,Jaipur,2021-03-16,01:07:02,Visa,Starbucks,Success,no
TX8281758,U4487,8537958863104315,1215.13,Chennai,2022-03-22,10:09:20,Diners Club,Target,Failed,no
TX4678660,U6177,6153976653723329,132.94,Mumbai,2020-07-01,10:20:43,Visa,Apple Store,Success,no
TX1956041,U1448,1217643130054024,813.97,Goa,2019-11-22,18:40:27,RuPay,Walmart,Success,no
TX1206491,U2569,1296749064578000,777.84,Goa,2025-02-28,06:04:26,RuPay,McDonald's,Success,no
TX4227694,U5560,2094538100211464,565.94,Kochi,2018-06-07,21:05:43,American Express,Target,Failed,no
TX3910754,U60,1740237763154810,1149.48,Udaipur,2024-01-07,08:27:58,MasterCard,ExxonMobil,Failed,yes
TX1603680,U5460,1941081914935703,1393.91,Mysore,2021-12-31,08:04:31,Diners Club,Apple Store,Failed,no
TX7026932,U105,5465935147854852,937.77,Hyderabad,2022-07-25,13:29:41,RuPay,Target,Success,no
TX9162921,U7447,5597696889002339,460.82,Delhi,2021-05-30,04:21:13,American Express,Best Buy,Success,yes
TX1808278,U1283,4664339007981475,115.17,Bangalore,2022-12-10,10:17:33,RuPay,Flipkart,Success,no
TX9566407,U7,3582374095556984,1125.03,Leh,2022-01-20,20:43:11,Visa,Target,Success,no
TX9102859,U4256,6753408566568432,1555.14,Udaipur,2024-12-19,23:39:40,MasterCard,Best Buy,Failed,no
TX4852863,U7169,0415942727704034,1534.42,Shillong,2020-02-05,13:58:39,Visa,Apple Store,Success,yes
TX2907986,U6825,9800397654149874,302.74,Mumbai,2019-06-01,19:21:40,Visa,Shell,Success,no
TX2053683,U8008,0984769309859334,1371.53,Mandya,2018-05-10,15:58:56,Visa,Shell,Success,no
TX3349717,U8335,6455704475725655,95.9,Hyderabad,2020-05-08,11:01:36,American Express,Best Buy,Success,yes
TX8616260,U8638,0174347472488127,1290.36,Udaipur,2021-06-18,14:21:39,American Express,Starbucks,Success,no
TX5655569,U8454,9884526517495984,934.51,Delhi,2021-05-04,09:26:30,MasterCard,Shell,Failed,no
TX2392345,U1400,4687676077048669,1716.38,Varanasi,2024-10-30,09:59:09,American Express,ExxonMobil,Success,no
TX7835135,U7068,8246056471498536,489.97,Udaipur,2021-09-12,05:18:16,MasterCard,Shell,Success,yes
TX2788799,U2331,2133753467013926,1554.64,Varanasi,2020-10-06,05:22:58,MasterCard,Amazon,Success,yes
TX4431805,U9543,5361102528589187,1597.24,Mandya,2023-12-27,07:21:47,MasterCard,Flipkart,Success,no
TX1220265,U9330,6912226716948811,1237.59,Chennai,2019-01-10,11:15:27,American Express,Amazon,Success,no
TX4778547,U9646,4755917704144608,1732.06,Varanasi,2018-12-12,20:37:07,American Express,Flipkart,Success,no
TX8974788,U2131,6186505864099463,756.2,Delhi,2021-12-30,21:20:27,MasterCard,ExxonMobil,Success,no
TX8436451,U1280,6659053301329529,1580.02,Delhi,2024-03-08,11:36:39,Diners Club,McDonald's,Success,no
TX1905320,U3980,4905103836111764,988.6,Mandya,2024-12-15,08:50:29,MasterCard,Target,Success,no
TX2918026,U6889,6066408110760846,1374.94,Hyderabad,2018-01-09,22:24:11,MasterCard,McDonald's,Success,no
TX1395566,U86,9865338235507032,340.53,Shillong,2021-06-27,21:44:59,Visa,Shell,Success,no
TX9989946,U6440,9700428797756470,951.77,Udaipur,2023-05-10,06:45:25,Visa,ExxonMobil,Success,no
TX9165891,U460,5699556592219643,248.51,Jaipur,2025-03-30,12:59:22,American Express,Shell,Success,no
TX1209575,U6310,0685537079782597,1984.58,Delhi,2019-02-18,23:11:54,Visa,Flipkart,Success,no
TX8675294,U8274,0311103846237021,29.33,Udaipur,2022-12-17,07:54:39,American Express,McDonald's,Success,no
TX5631178,U8046,1520532294607143,1203.87,Jaipur,2021-09-04,09:44:43,Diners Club,Apple Store,Success,no
TX4275711,U7979,7988081362257751,304.43,Kochi,2023-11-12,17:25:46,American Express,Target,Success,yes
TX5725095,U889,9856480369661655,817.05,Chennai,2019-03-21,07:48:15,American Express,ExxonMobil,Success,no
TX1965523,U8942,3733026224611683,1073.19,Varanasi,2022-10-16,15:29:20,American Express,McDonald's,Success,no
TX8233364,U4477,9032191805178170,1419.3,Goa,2019-06-08,12:09:50,Diners Club,Amazon,Success,no
TX4563171,U7005,8399009433520397,32,Chennai,2018-02-13,20:30:16,American Express,Walmart,Success,no
TX6000967,U5814,2640724270928031,139.89,Goa,2025-04-30,03:17:03,American Express,Starbucks,Success,no
TX6658976,U2439,6838073543016449,1300.64,Leh,2024-04-22,14:27:50,Visa,Target,Failed,no
TX2429784,U208,6981486752409936,793.02,Mandya,2019-05-11,02:04:11,Visa,Starbucks,Success,yes
TX2503460,U8827,7815471501677148,559.95,Udaipur,2019-09-08,10:23:22,RuPay,Apple Store,Success,no
TX8567553,U3398,3028376357868748,1301.77,Delhi,2022-11-25,03:48:37,Visa,Amazon,Success,no
TX8873047,U6997,4496268070375567,1260.85,Delhi,2021-09-18,12:52:14,RuPay,ExxonMobil,Success,no
TX8897391,U1118,0273935636341971,1424.75,Varanasi,2025-05-11,18:08:57,Visa,Target,Success,no
TX5512874,U7085,6191926013400083,742.63,Kolkata,2022-07-26,05:53:07,Visa,Target,Success,no
TX8855825,U138,5709317239659710,1583.69,Mysore,2024-08-30,07:14:32,Visa,Walmart,Success,no
TX9133009,U854,4326838367227688,219.29,Shillong,2018-08-26,23:58:37,MasterCard,Starbucks,Success,no
TX5765929,U528,6217120622952387,1613.21,Varanasi,2021-09-03,01:03:28,Visa,ExxonMobil,Failed,no
TX7135250,U7586,8861219381363125,94.55,Shillong,2018-08-12,11:02:06,American Express,Apple Store,Success,yes
TX8492325,U3182,4036168239840515,1551.09,Chennai,2024-09-11,12:25:27,MasterCard,Apple Store,Success,no
TX5289768,U5937,1761996765694449,1014.73,Delhi,2022-10-19,09:39:08,Diners Club,Shell,Failed,yes
TX4387804,U911,4470073010165251,1355.89,Varanasi,2024-12-19,09:05:38,Diners Club,Walmart,Success,no
TX2904437,U592,8151419111576779,488.47,Jaipur,2025-03-17,08:43:46,American Express,McDonald's,Success,yes
TX9337045,U6143,0914271557068111,418.7,Hyderabad,2022-01-17,17:24:11,RuPay,Apple Store,Success,yes
TX3148192,U1568,0197393128433407,1351.06,Bangalore,2019-08-11,03:11:50,RuPay,Starbucks,Success,no
TX2503080,U3938,5564787873660491,1084.39,Kolkata,2024-08-01,15:00:33,MasterCard,Amazon,Success,yes
TX1234497,U8819,4596427191437174,1962.74,Jaipur,2024-08-19,15:19:42,RuPay,Shell,Success,yes
TX7691017,U810,0369632596836311,696.64,Leh,2023-09-15,05:35:17,RuPay,Shell,Success,no
TX6731494,U5358,7836148158698627,106.88,Kolkata,2019-06-03,02:16:46,Visa,Flipkart,Success,no
TX4759480,U2554,7112180108915120,254.84,Chennai,2023-01-07,06:24:40,MasterCard,ExxonMobil,Success,no
TX9853936,U6233,5609757489712094,1515.66,Varanasi,2022-12-29,15:31:39,RuPay,Best Buy,Success,yes
TX6493445,U1328,7245170704412364,1793.62,Mumbai,2023-10-23,15:41:33,RuPay,Amazon,Success,no
TX7692646,U5592,4343957996993236,1111.18,Shillong,2019-04-25,06:26:45,American Express,Walmart,Success,yes
TX6743560,U7924,5984011629946483,1080.69,Mysore,2021-10-09,20:00:42,MasterCard,Flipkart,Success,no
TX5148350,U975,9888456908926810,1910.51,Mandya,2020-09-03,21:52:09,American Express,Shell,Failed,no
TX2792802,U7613,8347142997424709,1741.46,Mysore,2024-03-21,17:14:09,MasterCard,Amazon,Success,no
TX9605496,U3998,6444933011014696,1464.73,Kolkata,2020-09-26,15:51:52,American Express,McDonald's,Success,no
TX9387116,U5397,4487045930060513,1210.21,Hyderabad,2024-07-08,20:30:15,RuPay,Shell,Success,no
TX9084034,U8983,4124999203870382,1423.2,Udaipur,2019-05-05,03:59:26,RuPay,Apple Store,Success,no
TX1315263,U1854,3963102810934333,1182.63,Leh,2018-07-09,00:58:27,American Express,Flipkart,Success,no
TX5738156,U6331,8847899345896620,253.43,Shillong,2021-07-01,02:22:03,Diners Club,Shell,Success,no
TX3118643,U11,4094381734005442,653.51,Udaipur,2022-07-08,07:15:09,Visa,Apple Store,Success,no
TX2670813,U7247,3627319415958461,94.18,Mumbai,2020-04-02,04:40:30,American Express,Flipkart,Success,no
TX4534644,U2640,9967479202273170,1192.9,Goa,2019-11-06,21:58:51,MasterCard,Starbucks,Success,no
TX9150234,U4546,0510512022333900,873.37,Mysore,2019-02-25,05:04:32,Visa,Starbucks,Success,no
TX7279431,U34,9777747284513410,982.42,Varanasi,2019-12-21,13:42:01,MasterCard,Walmart,Success,no
TX3190296,U5750,9726416411867923,146.88,Mumbai,2025-01-29,01:55:28,RuPay,ExxonMobil,Success,no
TX6837959,U9893,7003395192802280,1135.71,Goa,2018-08-25,01:05:55,American Express,ExxonMobil,Success,no
TX5986596,U8447,2759758271555650,494.22,Leh,2021-04-26,14:44:59,Visa,Flipkart,Success,no
TX7295767,U1045,2113993987573129,1298.37,Kolkata,2020-08-03,20:45:23,RuPay,Best Buy,Success,yes
TX4185616,U630,4173853839977834,456.12,Goa,2025-01-11,01:35:51,RuPay,ExxonMobil,Failed,no
TX5470495,U5069,1433929862363429,96.21,Jaipur,2022-02-14,02:18:53,RuPay,Starbucks,Success,no
TX7419636,U6249,3775626405529146,47.93,Delhi,2018-07-05,23:39:24,Visa,Target,Success,no
TX7247932,U2555,5733927588878080,916.24,Mumbai,2018-02-26,16:54:06,RuPay,Shell,Failed,no
TX3107139,U5743,4583948661776141,1167.36,Jaipur,2024-08-02,13:58:10,Diners Club,Flipkart,Success,yes
TX8855743,U7886,0986445265463748,1935.35,Udaipur,2024-11-22,11:27:20,MasterCard,Target,Success,no
TX9023517,U6018,0605620562999266,1936.63,Kochi,2023-02-12,22:43:17,MasterCard,Shell,Success,yes
TX8695236,U6526,3402592157126696,1803.03,Leh,2022-06-25,07:57:35,RuPay,ExxonMobil,Failed,no
TX8676457,U1683,0478680601676630,1567.54,Mandya,2018-09-03,20:25:17,RuPay,Best Buy,Success,no
TX8778069,U1745,6265797183325946,1261.47,Chennai,2024-12-08,17:01:35,Diners Club,Apple Store,Success,no
TX9601863,U6147,0565104849126554,315.35,Mumbai,2019-12-03,13:33:19,American Express,ExxonMobil,Success,no
TX7446993,U3252,2230704217734567,765.12,Kochi,2021-10-09,13:58:15,RuPay,ExxonMobil,Success,no
TX4649642,U812,0525384379671310,1141.19,Delhi,2019-08-07,23:36:58,American Express,ExxonMobil,Success,no
TX7526592,U7171,1213944387942300,1156.59,Varanasi,2022-04-14,05:42:25,American Express,Starbucks,Success,yes
TX7664457,U325,2556953744495544,1277.25,Shillong,2022-08-19,07:09:32,Diners Club,Shell,Success,no
TX8313704,U50,7302542408264936,1815.59,Leh,2024-03-15,01:22:50,American Express,Target,Success,no
TX5321779,U6622,7658730344358328,219.26,Shillong,2018-12-29,07:28:08,American Express,Best Buy,Success,yes
TX8468928,U4578,2827079567049783,1214.86,Kochi,2021-10-16,01:36:34,MasterCard,Walmart,Success,yes
TX8002634,U2756,0138120587980162,1141.64,Mumbai,2022-02-05,14:55:17,Visa,Walmart,Failed,no
TX7444338,U5719,7183062406459275,1356.62,Bangalore,2025-01-11,16:11:09,Visa,Flipkart,Success,no
TX4599239,U6249,4227335480193784,459.51,Shillong,2019-08-12,14:09:37,Visa,Amazon,Success,no
TX1460442,U9779,9198554587299432,1677.65,Varanasi,2024-08-21,03:26:19,American Express,Walmart,Success,no
TX4911329,U9488,9794418093926922,219.13,Chennai,2021-03-23,07:33:19,RuPay,Target,Success,no
TX6956150,U6938,1016471891858773,1140.83,Mysore,2022-03-06,23:20:32,American Express,Shell,Success,yes
TX1064015,U3478,0584870031607725,1554.78,Goa,2023-01-12,18:07:50,Visa,ExxonMobil,Success,no
TX4584156,U9830,6764062665557315,139.51,Bangalore,2019-11-30,15:11:51,American Express,Best Buy,Success,yes
TX1313999,U4784,8848301635960511,1596.95,Delhi,2025-06-06,17:14:08,American Express,Shell,Success,no
TX6482398,U96,5936246956197041,997.42,Leh,2024-03-09,04:24:37,American Express,Flipkart,Failed,no
TX5471786,U1214,9160879935963701,1479.39,Kolkata,2018-01-25,08:14:11,RuPay,McDonald's,Success,no
TX4140634,U2935,0604028701564079,25.27,Mandya,2024-05-14,16:54:16,RuPay,McDonald's,Failed,no
TX5729817,U9279,3682012834700884,586.57,Leh,2022-12-26,11:55:55,Diners Club,Amazon,Failed,no
TX3682503,U7977,1969935647024994,1691.36,Darjeeling,2020-01-06,09:15:41,Diners Club,Target,Success,yes
TX7061454,U4855,1910899833225911,1628.61,Mysore,2021-12-31,09:47:06,RuPay,Amazon,Success,yes
TX7275739,U917,9197896194300030,18.54,Jaipur,2020-01-31,13:11:57,American Express,Walmart,Success,yes
TX8748945,U4848,9239720781185796,1549.36,Mandya,2022-09-23,03:58:25,Diners Club,Best Buy,Success,no
TX9247173,U3088,3754250906457850,789.75,Udaipur,2023-10-07,23:25:17,Visa,Shell,Success,yes
TX4287944,U9827,2727917234294543,1892.38,Kochi,2019-03-05,03:39:57,MasterCard,Target,Failed,no
TX4926055,U3136,5676532121682380,1491.23,Mandya,2023-03-13,06:47:00,RuPay,Walmart,Success,no
TX3135744,U8910,7502987634710465,1486.1,Mumbai,2025-06-10,08:26:16,American Express,Best Buy,Success,no
TX1589504,U8825,1995288434429488,1559.91,Goa,2018-10-08,18:51:45,Visa,Apple Store,Failed,no
TX4067000,U9312,6225706364913785,1871.05,Shillong,2020-04-27,07:49:19,MasterCard,Amazon,Success,no
TX7355705,U9525,5345165213127140,789.23,Kochi,2021-04-01,02:39:47,Diners Club,Target,Success,no
TX3313497,U2928,5562202307153217,833.85,Delhi,2018-08-23,14:36:34,MasterCard,Starbucks,Success,no
TX6599121,U2852,2051302440877564,1811.62,Hyderabad,2025-04-03,23:36:29,Visa,Shell,Success,no
TX5240934,U9783,5998921228737525,1261.04,Mysore,2020-11-01,22:23:23,American Express,McDonald's,Success,no
TX5116038,U2509,8984576148189769,649.77,Chennai,2018-05-20,15:08:53,Diners Club,Walmart,Success,no
TX2763751,U1679,5933550535260359,1920.78,Mumbai,2022-04-09,19:05:19,American Express,Flipkart,Success,no
TX6491123,U4287,3278918361256223,107.56,Chennai,2023-11-24,07:12:55,RuPay,Target,Success,no
TX7034131,U9986,5326511528635107,1507.65,Leh,2024-06-25,08:03:06,Visa,Starbucks,Success,yes
TX6619688,U3990,3220166856572424,1543.68,Udaipur,2021-11-11,20:11:31,MasterCard,Walmart,Success,yes
TX7320439,U8936,8949111089280950,1990.05,Mysore,2022-01-28,01:30:57,Diners Club,Starbucks,Success,no
TX2133448,U1857,3874122459019653,175.06,Hyderabad,2021-06-30,16:05:06,American Express,Apple Store,Failed,no
TX5255618,U4552,4777813208538775,372.27,Jaipur,2024-04-22,04:58:40,American Express,McDonald's,Success,yes
TX9126065,U4644,7308836306763200,1263.46,Goa,2021-08-16,02:38:25,MasterCard,Apple Store,Success,no
TX1791591,U2857,0433282001639434,908.95,Darjeeling,2018-11-16,04:11:53,MasterCard,Apple Store,Success,no
TX2155830,U4681,3477972504430475,1005.82,Kolkata,2024-10-21,06:10:39,MasterCard,Flipkart,Success,no
TX7043036,U8473,6301705035787417,1074.46,Mandya,2018-03-13,16:54:29,Diners Club,Best Buy,Success,no
TX1251340,U522,9451331514908790,1376.78,Mysore,2024-05-15,08:43:27,MasterCard,Shell,Success,yes
TX3312553,U7260,8020143227305190,772.28,Bangalore,2025-01-17,10:25:05,RuPay,Apple Store,Success,no
TX6096800,U1030,6776873099798713,104.77,Darjeeling,2018-10-11,09:02:53,MasterCard,Walmart,Success,no
TX3229670,U7593,1819083572906649,260.25,Delhi,2020-02-26,12:40:43,Diners Club,Flipkart,Failed,no
TX7674079,U5964,7038739959494002,101.97,Hyderabad,2023-06-20,10:31:54,Visa,McDonald's,Success,no
TX4458115,U1885,9989925438467860,1868.04,Kolkata,2018-12-03,21:13:16,Visa,Flipkart,Success,no
TX9310454,U2660,6258693389709587,803.79,Mysore,2022-04-30,02:35:10,MasterCard,McDonald's,Success,no
TX5151802,U1555,1002490978757601,58.82,Shillong,2023-01-16,18:24:33,Visa,Starbucks,Success,no
TX4698796,U8039,5771606324455809,881.82,Shillong,2023-12-03,20:12:21,MasterCard,Flipkart,Success,no
TX7609559,U3467,7151603128029388,457.57,Darjeeling,2022-12-05,15:48:43,MasterCard,Flipkart,Success,yes
TX1730843,U1249,1570480048597896,805.79,Delhi,2019-02-20,07:18:14,Visa,McDonald's,Success,no
TX1516957,U3554,2153971569988079,984.73,Bangalore,2018-12-10,22:56:44,Visa,Best Buy,Success,no
TX9916221,U8881,2028928530792115,980.39,Darjeeling,2025-03-28,08:47:00,RuPay,Apple Store,Success,no
TX9866114,U7290,3211912255287200,1420.06,Hyderabad,2019-11-02,20:48:29,RuPay,Shell,Success,no
TX9712481,U4193,8788068183291117,1592.75,Chennai,2018-04-22,16:47:41,Visa,Target,Success,no
TX8554884,U6820,1284094185149890,1255.18,Varanasi,2021-05-20,15:41:33,RuPay,Flipkart,Success,no
TX4089150,U102,3449694172983948,1010.9,Kolkata,2023-11-27,18:28:29,Diners Club,Best Buy,Success,yes
TX2746442,U8248,3805238708560062,1561.35,Udaipur,2018-08-11,04:55:41,Diners Club,Walmart,Failed,yes
TX7970705,U842,4910228938368035,349.3,Kolkata,2019-03-14,11:35:28,American Express,Amazon,Success,no
TX1279854,U1458,5960733515820838,849.84,Udaipur,2019-10-08,09:47:48,Diners Club,Target,Success,no
TX4548670,U8797,0296924904666338,79.26,Mumbai,2018-06-03,22:49:54,American Express,Shell,Success,no
TX5044891,U7804,8661949987545858,1220.07,Darjeeling,2021-09-06,20:04:30,RuPay,ExxonMobil,Success,no
TX3097705,U9319,5249895438788110,1176.58,Delhi,2022-01-30,01:14:46,American Express,Amazon,Success,no
TX2708112,U140,1996386765086313,753.84,Chennai,2018-10-19,20:25:54,American Express,Flipkart,Success,no
TX5971198,U9496,0188475452409050,738.47,Delhi,2018-01-12,02:48:49,RuPay,Flipkart,Success,no
TX2908457,U4437,9707533559657083,787.22,Udaipur,2025-06-17,09:23:50,Visa,Shell,Success,no
TX1641364,U6355,0981736293914629,783.72,Mumbai,2022-08-12,00:38:10,MasterCard,Starbucks,Success,no
TX7583280,U2720,9042245583583298,1000.36,Darjeeling,2022-05-12,04:55:12,Visa,Starbucks,Success,no
TX6050200,U9752,1939249889618472,287.28,Kolkata,2024-11-04,12:11:58,Visa,Amazon,Success,no
TX4582294,U5164,8898901217427608,1454.58,Leh,2020-03-11,09:51:14,American Express,Shell,Success,no
TX5494872,U5250,6643654535290613,495.38,Hyderabad,2019-12-02,13:09:09,American Express,Target,Failed,no
TX8540993,U7364,2538616159160331,653.53,Hyderabad,2018-10-07,03:01:40,American Express,McDonald's,Success,yes
TX5519255,U9042,8504190505343716,497.9,Varanasi,2018-04-13,08:28:19,Diners Club,McDonald's,Success,no
TX7928733,U8222,5104357305202850,1124.88,Kolkata,2018-06-15,09:51:38,American Express,Target,Success,no
TX1161899,U3326,4484120893100530,1790.2,Leh,2018-05-26,06:38:07,MasterCard,Walmart,Success,no
TX1422724,U1191,0325182748381015,845.41,Chennai,2019-06-08,20:53:32,American Express,Starbucks,Success,no
TX5316450,U2129,3209535637179144,964.17,Mumbai,2024-11-28,11:24:47,American Express,Starbucks,Success,no
TX9074443,U946,0203364463412601,23.67,Chennai,2023-09-07,21:04:21,Visa,McDonald's,Success,no
TX5109169,U4392,7777457338937864,1033.21,Jaipur,2019-12-25,15:37:45,Visa,Shell,Success,no
TX4829724,U7680,0664530208644186,1388.67,Shillong,2020-01-13,15:44:07,Diners Club,Starbucks,Failed,no
TX4174967,U1719,8029541668549332,144.56,Kolkata,2023-07-27,04:12:20,RuPay,Starbucks,Success,no
TX7418977,U9810,8082507904018004,1508.65,Udaipur,2021-10-26,17:45:38,Diners Club,Best Buy,Success,no
TX2513381,U5563,9175240402580310,1680.04,Kolkata,2019-01-20,13:22:29,RuPay,Amazon,Failed,no
TX9262159,U2100,7086183635312651,1265.24,Goa,2021-08-05,11:21:00,Visa,ExxonMobil,Success,no
TX6149040,U8337,0620123326422624,1255.79,Mumbai,2024-10-01,20:09:36,Diners Club,Shell,Success,no
TX9404665,U6185,5905750193091503,63.51,Hyderabad,2025-05-14,03:14:53,Diners Club,Flipkart,Success,yes
TX2422510,U5029,7425446170087879,146.93,Bangalore,2018-01-05,22:27:33,Visa,ExxonMobil,Success,no
TX4441088,U9783,0054254054762347,585.65,Delhi,2022-03-31,08:43:00,Diners Club,Flipkart,Success,no
TX4808145,U527,8201973171179467,1114.79,Kochi,2021-02-22,09:01:25,RuPay,Target,Success,no
TX2621432,U8035,5015397970274245,1567.12,Goa,2023-06-07,09:36:42,American Express,McDonald's,Failed,no
TX9622673,U26,9009434335169211,768.8,Jaipur,2023-07-10,14:49:39,RuPay,Target,Success,no
TX4904762,U245,3280370549494071,109.93,Goa,2021-10-21,15:07:45,RuPay,Amazon,Success,no
TX9461405,U9310,7634415816606644,580.81,Mysore,2024-01-15,00:18:33,Visa,Flipkart,Success,no
TX2666192,U1968,6894294599337503,1801.03,Delhi,2019-03-06,00:28:07,RuPay,Flipkart,Success,no
TX3794569,U5383,9415624187998436,399.1,Kolkata,2021-02-01,06:23:32,Diners Club,Walmart,Success,no
TX7302699,U2310,6050052578543927,1229.45,Chennai,2020-07-11,12:24:52,Diners Club,Starbucks,Success,no
TX8752954,U4682,6040653323073594,1579.91,Delhi,2020-03-19,12:14:17,Diners Club,Apple Store,Success,no
TX4034549,U6239,3773306144310170,583.64,Hyderabad,2021-08-25,07:44:11,Diners Club,Walmart,Success,no
TX7958607,U2099,2147683070916474,1917.27,Varanasi,2022-01-22,10:05:33,MasterCard,Apple Store,Success,yes
TX3634904,U7637,1195187921699487,269.33,Varanasi,2024-12-14,12:41:09,American Express,Walmart,Failed,yes
TX3642213,U6725,3788186969792069,530.33,Bangalore,2019-12-20,18:04:21,RuPay,ExxonMobil,Success,no
TX4765573,U6366,1995020432754141,1577.52,Kolkata,2020-04-06,09:52:40,Visa,Walmart,Success,yes
TX2692973,U7118,0909965369325830,905.29,Mumbai,2020-12-03,23:27:57,Visa,Amazon,Failed,no
TX7286005,U5518,7854128417743237,259.06,Chennai,2019-08-01,12:31:56,Visa,Flipkart,Success,no
TX7848569,U9628,8671540024082639,139.08,Mysore,2025-07-01,00:57:38,RuPay,Flipkart,Success,no
TX8802114,U1150,4519804622402401,895.92,Goa,2024-09-26,08:30:43,American Express,Amazon,Success,no
TX2431660,U4984,1498664969794973,1635.96,Mandya,2021-12-30,06:02:17,American Express,McDonald's,Success,no
TX5673329,U6516,0310969376823001,365.65,Darjeeling,2018-01-25,03:16:38,RuPay,Walmart,Success,no
TX3443299,U2309,7093559642848509,1979.76,Delhi,2018-03-18,15:49:56,Visa,Starbucks,Success,no
TX1891965,U7783,1710324440191574,1826.22,Jaipur,2024-09-02,18:03:09,Visa,Apple Store,Success,no
TX4288627,U8119,3831005764101317,1844.1,Leh,2019-04-21,03:37:37,American Express,Amazon,Failed,no
TX6993314,U1690,3735516784119169,326.27,Mysore,2020-01-02,09:27:13,American Express,Starbucks,Success,no
TX9499266,U9539,0745633156663290,1443.78,Bangalore,2022-03-17,23:31:17,MasterCard,Shell,Success,no
TX8024095,U2264,4154786580885001,1782.51,Goa,2019-03-16,23:04:22,Diners Club,Apple Store,Success,no
TX5453981,U420,1670792310806037,1308.54,Varanasi,2020-03-30,15:09:21,American Express,Apple Store,Failed,yes
TX6294932,U7200,9726217881444932,1688.32,Kochi,2024-04-01,03:17:11,RuPay,McDonald's,Failed,no
TX9249940,U4226,9329951621511673,1218.84,Delhi,2022-02-07,17:54:47,American Express,McDonald's,Success,no
TX8995489,U6305,3135899513279518,1855.73,Shillong,2021-03-01,13:53:21,Diners Club,Shell,Success,no
TX6077322,U141,0321736898083754,838.46,Darjeeling,2022-02-09,20:40:10,MasterCard,Shell,Success,no
TX3537308,U5886,3607172755719337,1300.97,Mumbai,2024-10-23,13:10:28,American Express,Shell,Success,no
TX5972940,U2197,5499021352567466,1703.01,Chennai,2019-09-03,13:27:28,RuPay,ExxonMobil,Success,no
TX3543941,U9507,7758611067450242,1470.14,Mysore,2020-04-28,03:26:30,MasterCard,Apple Store,Failed,no
TX7578310,U7051,9765205354705189,176.75,Bangalore,2022-04-27,10:18:21,RuPay,McDonald's,Success,no
TX6441016,U7037,5487193147543096,1055.64,Udaipur,2022-06-20,00:13:46,American Express,Walmart,Success,no
TX9789876,U9872,8578831101267319,1607.6,Kolkata,2022-08-18,12:52:44,American Express,Walmart,Failed,no
TX4925696,U1549,2997474635078857,1923.33,Chennai,2021-06-12,20:01:26,RuPay,Apple Store,Success,no
TX7448792,U8651,7399604376752718,1958.42,Mumbai,2018-07-22,10:15:57,MasterCard,Walmart,Success,no
TX9777033,U9777,6919921930343346,1789.68,Darjeeling,2024-12-17,03:04:46,American Express,Target,Success,no
TX5541478,U6236,8882077400154606,1536.05,Shillong,2023-08-25,23:22:23,Visa,Best Buy,Success,no
TX3192012,U1788,2817994155071648,878.53,Kochi,2020-08-18,02:10:33,American Express,Walmart,Success,no
TX2033830,U6757,2331879596010926,418.07,Mysore,2023-04-24,22:19:36,Diners Club,ExxonMobil,Success,no
TX3454537,U7518,0209881765103304,106.16,Chennai,2024-01-19,21:48:16,Diners Club,McDonald's,Success,no
TX6277853,U6737,9333391545917012,745.6,Chennai,2018-05-08,10:18:30,MasterCard,Shell,Success,no
TX9592200,U8327,6089678841168177,99.05,Kolkata,2018-12-16,07:03:43,American Express,Amazon,Success,no
TX3659111,U713,6438564933004076,518.66,Darjeeling,2024-11-16,08:35:12,MasterCard,Best Buy,Success,yes
TX7822003,U9355,3512403529953141,1034.73,Hyderabad,2024-01-15,06:52:32,RuPay,Amazon,Success,no
TX6353346,U6058,6729113530994086,1469.76,Chennai,2021-02-24,07:53:32,American Express,Best Buy,Success,no
TX7768372,U3078,0355315863387458,1076.95,Udaipur,2019-01-24,03:35:31,Visa,Walmart,Success,no
TX6772815,U8852,2306321253609220,27.9,Mandya,2020-03-25,09:02:50,Diners Club,Shell,Success,no
TX9478502,U3197,8314725487726894,903.76,Udaipur,2021-02-12,08:08:17,RuPay,Flipkart,Success,yes
TX2415804,U5698,9692999402887766,813.01,Chennai,2024-08-22,14:08:18,RuPay,Starbucks,Success,no
TX5947198,U6374,5511828044424147,705.23,Mysore,2019-09-15,10:01:50,American Express,Shell,Success,no
TX9520171,U2231,8386819152997114,1839.04,Mandya,2021-12-27,21:57:58,MasterCard,McDonald's,Success,yes
TX7343382,U5427,6408508944356533,1548.24,Mumbai,2019-06-23,22:22:02,Diners Club,McDonald's,Failed,no
TX8760221,U2570,2987055227365550,487.64,Delhi,2018-12-18,19:30:41,RuPay,Starbucks,Success,no
TX3553281,U6128,0328454268300852,1098.29,Goa,2023-03-30,22:10:21,MasterCard,Starbucks,Success,no
TX8312943,U4801,3033156079976308,1451.93,Kolkata,2022-09-28,17:40:22,MasterCard,ExxonMobil,Success,no
TX7616751,U2071,9726542339860327,416.32,Goa,2018-04-30,14:43:17,MasterCard,Shell,Success,no
TX2746506,U272,2687190032204916,1531.36,Udaipur,2022-12-31,18:33:40,American Express,Flipkart,Success,no
TX6916955,U1793,1944580455469098,1261.73,Kolkata,2020-05-23,13:20:12,Diners Club,McDonald's,Failed,no
TX9505071,U3219,5190714916814614,32.14,Mysore,2022-06-10,23:49:57,American Express,ExxonMobil,Success,no
TX9445864,U7116,0990728047155131,984.43,Chennai,2024-08-21,20:51:34,MasterCard,Amazon,Failed,no
TX4846233,U6743,0377860242885670,1815.84,Varanasi,2019-05-30,08:57:29,Diners Club,McDonald's,Success,no
TX8205670,U1687,8578775055970313,1501.25,Hyderabad,2018-09-24,15:58:35,RuPay,Best Buy,Success,no
TX1377055,U5392,2386785211471621,1480.43,Delhi,2021-07-18,15:55:49,Diners Club,ExxonMobil,Success,no
TX9393327,U1542,9506734465092410,136,Hyderabad,2025-03-04,17:19:06,MasterCard,McDonald's,Success,no
TX2426352,U4306,1524643002831604,1013.91,Mysore,2025-05-31,16:22:25,RuPay,Amazon,Success,no
TX9698929,U3305,1010141638985061,368.61,Darjeeling,2021-02-22,13:45:04,MasterCard,Amazon,Success,no
TX2075773,U2100,7380294439549948,1662.95,Leh,2025-01-28,10:40:51,Visa,Flipkart,Success,no
TX9445637,U9593,3764823424524216,1580.68,Mandya,2020-05-02,14:08:08,Diners Club,McDonald's,Success,yes
TX3484006,U703,2107931098234070,925.26,Delhi,2025-02-21,08:24:57,MasterCard,Best Buy,Success,no
TX9890779,U9349,6050531487714571,150.46,Kochi,2021-08-11,20:58:57,MasterCard,Apple Store,Success,no
TX1095721,U1041,1630336189702313,1238.14,Mumbai,2020-04-12,01:29:52,Visa,Target,Success,yes
TX4581211,U1820,6866763512743338,1702.58,Mumbai,2018-08-05,01:01:06,RuPay,McDonald's,Success,no
TX2957743,U7383,1378136702103186,848.81,Mysore,2023-05-29,12:52:45,Visa,Flipkart,Success,no
TX8202364,U9202,6311082791486230,1497.73,Mysore,2019-01-06,05:54:53,Diners Club,Walmart,Success,yes
TX9855755,U8787,4433254499019979,677.07,Udaipur,2019-06-13,11:45:40,MasterCard,Best Buy,Failed,no
TX9193229,U479,4735869351971473,1056.69,Mandya,2023-06-14,09:10:38,American Express,Apple Store,Success,no
TX4992771,U2744,0734074418721694,1116.73,Udaipur,2020-11-10,13:41:57,Visa,ExxonMobil,Success,no
TX7952265,U2790,0817466546115721,855.19,Goa,2022-10-29,10:00:10,American Express,Walmart,Success,no
TX1389451,U1553,7941630866975652,1906.19,Bangalore,2019-10-28,20:36:15,American Express,Amazon,Success,no
TX2654147,U6386,3639052009624994,1580.35,Goa,2024-07-14,14:52:17,MasterCard,Apple Store,Success,no
TX6106887,U9908,2584056370398777,1026.58,Jaipur,2018-08-16,20:54:15,RuPay,Walmart,Success,yes
TX1357261,U8886,8170272903560004,789.43,Darjeeling,2021-01-22,02:56:53,MasterCard,McDonald's,Success,no
TX8942966,U7088,3652059653715296,1415.27,Chennai,2022-10-06,02:57:56,American Express,Shell,Success,no
TX9074005,U9290,8015060302175753,214.21,Leh,2021-03-21,02:05:34,RuPay,Best Buy,Success,no
TX6076024,U3788,1531563790350594,933.31,Hyderabad,2018-12-12,18:23:31,MasterCard,Walmart,Failed,no
TX4134191,U2294,9782127187437349,752.25,Darjeeling,2020-01-19,17:18:31,Diners Club,Shell,Success,yes
TX2421840,U2212,3297181055908131,356.01,Darjeeling,2021-05-03,23:52:36,MasterCard,Best Buy,Success,yes
TX9090762,U2372,7117451509607145,370.97,Hyderabad,2019-06-11,19:35:34,RuPay,Best Buy,Success,no
TX9816161,U1034,1346958042151239,1139.99,Chennai,2021-12-27,09:14:35,RuPay,Starbucks,Success,no
TX6950371,U2800,8085022917283364,1829.27,Hyderabad,2019-08-19,03:17:15,RuPay,Starbucks,Success,no
TX9619063,U3872,4639338188543691,1617.03,Shillong,2022-04-07,15:34:22,Diners Club,Best Buy,Failed,yes
TX5057520,U5004,5019455937191608,799.05,Kolkata,2020-10-23,06:29:20,Diners Club,Apple Store,Success,no
TX1849680,U1885,1410845793231219,789.04,Mandya,2019-01-17,05:54:41,MasterCard,Flipkart,Failed,yes
TX7470145,U9631,8626648168365255,563.49,Darjeeling,2022-03-26,08:56:11,American Express,Target,Success,no
TX3309348,U440,3102360413552842,1012.84,Goa,2022-02-20,08:43:16,Diners Club,Apple Store,Success,yes
TX2224194,U4539,5650673765228238,1513.54,Jaipur,2018-08-31,04:04:40,Diners Club,Walmart,Success,yes
TX2773591,U2466,4881612868733662,81.66,Darjeeling,2019-07-13,17:36:46,American Express,ExxonMobil,Success,no
TX6738872,U9407,3995779001413477,1558.18,Udaipur,2020-12-07,15:05:15,MasterCard,Best Buy,Success,no
TX2274147,U8129,1027377787663521,1317.88,Darjeeling,2025-05-12,20:09:16,MasterCard,Amazon,Success,no
TX4857298,U6420,4057203325349741,578.39,Jaipur,2018-09-29,01:06:48,Diners Club,Best Buy,Success,yes
TX3675494,U9387,8595465713229327,378.91,Mumbai,2021-09-10,01:52:02,Visa,Flipkart,Success,no
TX5940703,U150,0792719464590284,1891.66,Hyderabad,2018-01-28,01:46:33,MasterCard,Target,Success,no
TX8639513,U9586,8506978504624517,554.57,Hyderabad,2021-05-25,03:33:17,Diners Club,Apple Store,Failed,no
TX7603379,U1899,2727455987842549,717.97,Goa,2023-07-17,07:24:07,RuPay,ExxonMobil,Success,no
TX2477819,U7093,7699199902552148,1412.68,Mumbai,2020-08-15,00:16:39,MasterCard,Flipkart,Success,no
TX6231554,U4169,7078090415279084,1343.22,Mandya,2022-01-01,01:16:57,MasterCard,Apple Store,Success,no
TX1350139,U7213,7226362022866267,1173.75,Chennai,2024-03-09,04:47:17,Diners Club,Starbucks,Failed,no
TX4755233,U9187,9049514345998979,137.49,Goa,2023-01-02,11:31:45,MasterCard,Flipkart,Success,yes
TX8444198,U5301,8177146754964316,1040.72,Jaipur,2019-11-29,13:28:55,American Express,Flipkart,Success,no
TX2588465,U5452,3142621698987447,1830.81,Mandya,2024-10-25,21:00:25,MasterCard,ExxonMobil,Success,no
TX4311216,U3810,0765455673479858,1223.05,Bangalore,2022-02-04,15:55:01,Diners Club,McDonald's,Success,no
TX7668797,U4837,6192353428689152,807.79,Mysore,2023-02-07,08:34:02,Diners Club,Amazon,Failed,no
TX6913242,U9201,4655514234229604,609.94,Chennai,2020-03-31,07:28:06,Diners Club,Apple Store,Success,no
TX1061901,U3529,6001181852361957,653.9,Shillong,2019-12-03,14:40:06,American Express,Walmart,Success,no
TX7616216,U5691,2325417627565864,1209.26,Goa,2019-06-22,08:15:58,Visa,Walmart,Failed,no
TX5481417,U1155,9109346052692365,892.69,Darjeeling,2021-10-17,01:10:19,MasterCard,Target,Success,no
TX4631583,U1339,1132341027491026,1821.45,Jaipur,2025-04-21,09:34:25,RuPay,Best Buy,Success,yes
TX6238333,U3970,8297921816325002,1723.32,Chennai,2021-03-06,15:40:14,RuPay,Flipkart,Success,no
TX5265096,U2485,9013535264068216,1976.06,Varanasi,2018-02-01,12:45:09,American Express,Shell,Failed,yes
TX6164838,U2454,2532220729781621,685.27,Darjeeling,2018-01-10,04:17:07,RuPay,Shell,Success,yes
TX6670733,U3515,3031695430913434,1031.7,Leh,2020-11-30,01:59:24,American Express,Best Buy,Success,no
TX4353612,U672,8415393703781256,1802.24,Hyderabad,2021-09-14,18:26:23,RuPay,McDonald's,Success,no
TX3986074,U1558,7108362250921700,474.69,Delhi,2022-09-14,11:52:07,American Express,Target,Failed,no
TX6426354,U4425,3444090874297902,1191.79,Chennai,2023-07-24,07:26:09,RuPay,Flipkart,Failed,yes
TX6241486,U8719,7118779580459367,146.58,Kochi,2023-08-16,17:38:01,Diners Club,ExxonMobil,Success,no
TX4821287,U8258,3893057395881919,1580.62,Hyderabad,2022-06-11,01:48:55,RuPay,Shell,Success,yes
TX4150878,U8742,4754950174161290,262.83,Jaipur,2020-04-15,15:08:17,RuPay,Flipkart,Success,no
TX6182984,U6477,0858207361773173,111.54,Delhi,2019-03-27,05:28:31,Visa,Starbucks,Success,no
TX9135840,U2388,7181321673709447,1686.74,Delhi,2022-03-15,15:10:35,Visa,Walmart,Success,no
TX4109165,U6642,8045594020815107,874.2,Chennai,2020-06-17,19:47:30,MasterCard,Apple Store,Success,no
TX9974812,U7972,1131922793600630,1774.32,Udaipur,2025-05-10,18:48:41,Diners Club,Apple Store,Success,no
TX8101612,U3784,4521179952061093,147.66,Mumbai,2023-10-09,23:00:01,RuPay,Walmart,Success,no
TX6271429,U2564,6538601149004312,1685.33,Shillong,2020-09-10,03:14:13,Diners Club,ExxonMobil,Success,no
TX8282463,U4680,9453586591995364,148.06,Shillong,2021-01-05,16:43:36,American Express,Flipkart,Success,no
TX7180594,U8971,1793506274320431,1588.09,Chennai,2018-01-29,07:25:22,Diners Club,Best Buy,Success,no
TX8041046,U6965,4793806692382568,485.73,Chennai,2023-04-01,13:34:41,American Express,McDonald's,Success,yes
TX3052752,U1507,9819988175676831,114.97,Kolkata,2023-04-28,12:16:24,American Express,Walmart,Success,yes
TX7378083,U1594,3213197790289956,1285.06,Darjeeling,2020-02-02,13:17:59,Diners Club,Apple Store,Success,no
TX5687664,U7910,0314335075341456,882.04,Shillong,2024-08-20,17:38:19,Diners Club,Target,Success,yes
TX3902428,U907,1576176388708042,1205.46,Goa,2020-03-02,21:37:27,Visa,Amazon,Failed,no
TX1821028,U2674,1380841509464359,1959.13,Varanasi,2018-08-24,06:02:41,American Express,Shell,Success,no
TX8242335,U3687,0097599683906164,502.73,Mandya,2022-09-07,17:15:44,Diners Club,Starbucks,Success,no
TX4335379,U9437,4554734261377067,118.77,Bangalore,2019-02-07,14:43:43,MasterCard,McDonald's,Success,no
TX5003757,U1618,6325273814575333,1917.16,Mumbai,2018-10-01,07:20:42,RuPay,Best Buy,Failed,yes
TX4410797,U2215,6507806518757653,137.29,Mumbai,2025-03-27,04:30:42,MasterCard,Starbucks,Success,no
TX7481324,U5589,9906726070644174,1376.73,Goa,2023-05-20,16:27:38,RuPay,Target,Success,no
TX9645595,U9545,0543671001530287,773.03,Kochi,2023-06-19,23:15:57,MasterCard,Flipkart,Success,no
TX2774567,U8902,4945875733322341,1226.11,Kochi,2021-10-27,13:18:46,Visa,Apple Store,Success,no
TX4651877,U2235,4445843874960291,495.53,Darjeeling,2021-07-01,22:21:59,MasterCard,Flipkart,Success,no
TX8753104,U2463,0898291369481382,758.71,Mumbai,2018-12-13,13:49:46,Visa,Walmart,Success,no
TX8997698,U9335,1106735316857325,514.49,Varanasi,2024-08-05,21:33:13,RuPay,ExxonMobil,Success,yes
TX9143899,U9963,1485535157595184,1853.38,Mandya,2019-05-03,12:58:58,MasterCard,Walmart,Failed,no
TX2207312,U8742,8516329000150429,173.24,Delhi,2019-11-04,17:43:42,MasterCard,Starbucks,Success,yes
TX4302303,U3934,6517319077135745,1505.02,Varanasi,2018-02-11,18:15:25,Visa,ExxonMobil,Success,no
TX5108390,U9691,4889423679017933,1209.14,Varanasi,2025-03-22,18:19:14,Visa,Amazon,Success,no
TX2658167,U434,6267905238308539,548.73,Bangalore,2020-02-05,22:08:26,Diners Club,Target,Success,no
TX8745044,U4299,5386376724939221,310.1,Varanasi,2022-06-03,05:57:02,Visa,Best Buy,Success,no
TX4287243,U8832,9112096763411618,1180.65,Shillong,2019-09-12,07:07:38,American Express,ExxonMobil,Success,no
TX6996026,U2426,5577056056349416,749.13,Delhi,2022-01-18,00:28:19,MasterCard,Best Buy,Success,no
TX3145496,U8985,0882446365753372,112.98,Jaipur,2022-07-17,01:21:43,American Express,Starbucks,Success,no
TX6237303,U3463,6519891597015902,1784.01,Chennai,2022-06-12,10:02:18,Visa,Flipkart,Success,no
TX8732695,U9555,0059407873156351,126.13,Shillong,2024-07-26,17:31:29,MasterCard,Target,Success,no
TX6949485,U6092,3903656747138169,1286.87,Jaipur,2022-02-12,22:41:16,RuPay,Target,Success,no
TX9835823,U4100,9918939657717346,549.91,Udaipur,2019-03-05,23:22:44,Diners Club,Shell,Success,yes
TX8128308,U1010,7189750109185439,937.66,Kolkata,2022-04-17,10:04:56,MasterCard,Walmart,Success,no
TX7794009,U683,4348850460354732,685.21,Delhi,2025-02-27,22:06:09,Visa,Flipkart,Failed,no
TX7598249,U3850,4463440088505807,1515.09,Mandya,2019-09-29,09:08:41,Diners Club,Target,Success,no
TX7131258,U4877,8157546171430533,163.71,Darjeeling,2018-03-01,07:02:38,MasterCard,Starbucks,Success,no
TX9442859,U8945,3645916920279370,836.83,Udaipur,2024-11-02,11:06:26,American Express,Shell,Success,no
TX7244340,U9267,1359840219036815,1492.81,Varanasi,2021-08-30,08:56:53,MasterCard,Walmart,Success,no
TX1016393,U9584,2851053143756498,929.17,Delhi,2018-01-09,14:41:12,Diners Club,Apple Store,Success,no
TX1792378,U6874,9019427815280571,824.72,Mandya,2020-09-12,21:56:57,MasterCard,Flipkart,Failed,no
TX5630849,U3844,2916501519064444,1881.33,Shillong,2021-09-20,08:57:43,RuPay,Apple Store,Success,no
TX3486224,U7771,4795576102075407,1368.39,Leh,2024-10-01,22:06:20,MasterCard,Flipkart,Success,yes
TX7526189,U2340,7228122748941100,1969.02,Udaipur,2018-03-22,17:15:42,American Express,Target,Success,yes
TX9785814,U4031,5616316812145919,1399.64,Chennai,2022-12-06,12:45:59,MasterCard,Starbucks,Success,no
TX4892079,U8490,0070122091085863,1941.75,Mandya,2020-07-28,15:25:46,Visa,Walmart,Success,no
TX2868809,U2972,8451631284983682,1885.93,Mandya,2020-01-17,23:09:14,MasterCard,McDonald's,Failed,no
TX4210781,U9880,5454753432386708,705.17,Kolkata,2020-05-13,06:36:20,MasterCard,Amazon,Failed,no
TX5651974,U6332,5151856891021993,1532.4,Darjeeling,2023-06-23,21:48:44,RuPay,Best Buy,Success,no
TX3909987,U6461,7702342265515286,1665.15,Kolkata,2018-09-06,08:42:29,MasterCard,Shell,Success,no
TX1384544,U7587,8358100585998749,1506.17,Shillong,2021-06-24,00:44:44,Diners Club,Starbucks,Success,no
TX6824167,U6444,9843481824918006,945.21,Darjeeling,2022-12-08,15:43:57,MasterCard,Target,Success,no
TX4904322,U1328,9633346446937424,1870.65,Kolkata,2018-11-01,00:29:24,Diners Club,Amazon,Success,no
TX4122170,U2144,1749403817028241,408.43,Mumbai,2025-01-04,07:07:38,Diners Club,Best Buy,Success,no
TX7049449,U3055,2223292885581886,1214.32,Darjeeling,2020-03-14,23:15:06,MasterCard,McDonald's,Failed,yes
TX3994538,U9982,5046650873550945,538.95,Goa,2025-05-30,22:38:55,Visa,Shell,Failed,no
TX2195925,U9979,6255059731013370,1622.98,Bangalore,2023-05-03,01:06:23,MasterCard,Flipkart,Success,no
TX6854024,U8397,4282663163751660,337.51,Delhi,2019-11-02,23:26:44,American Express,Apple Store,Success,no
TX9571734,U1941,9650215540132019,1733.49,Mandya,2019-08-09,10:54:25,American Express,Flipkart,Success,no
TX7409376,U1697,1604592056136027,245.57,Mysore,2021-12-14,23:22:11,Visa,Target,Success,no
TX7299351,U8266,5224423561366692,316.02,Jaipur,2025-04-16,17:42:20,Visa,Flipkart,Success,no
TX9527324,U6632,3468476049951367,1157.75,Mandya,2021-09-20,17:25:48,RuPay,Shell,Success,no
TX5133284,U7124,8176649422533980,1554.98,Darjeeling,2020-12-04,09:09:23,American Express,Flipkart,Failed,no
TX5001594,U1068,3990187790781629,1992.32,Delhi,2023-12-07,06:07:44,Visa,Flipkart,Success,no
TX3211794,U8948,9621611883455945,54.68,Kolkata,2021-04-11,19:49:16,MasterCard,McDonald's,Success,no
TX6347936,U3307,4463459745809116,1933.81,Mysore,2023-09-13,21:28:43,MasterCard,Amazon,Success,no
TX3382936,U7709,5218628057141023,1308.98,Bangalore,2019-11-22,14:34:00,American Express,Best Buy,Failed,no
TX4244911,U5664,0794819613875380,1091.34,Mysore,2020-08-26,13:08:43,American Express,Walmart,Success,yes
TX5006604,U533,6676213119219900,1226.55,Kolkata,2020-09-20,15:13:16,American Express,Flipkart,Success,no
TX5940960,U6920,1105920970996331,669.6,Hyderabad,2023-11-04,21:34:08,American Express,Apple Store,Success,no
TX6956867,U7615,7562184127536431,1612.06,Mumbai,2025-01-30,03:25:21,RuPay,Apple Store,Success,no
TX1304880,U4595,4660296579242248,1555.65,Mumbai,2020-12-19,05:41:19,American Express,Flipkart,Success,no
TX7585706,U809,5389883286687145,1828.65,Bangalore,2018-01-20,10:23:22,American Express,Flipkart,Success,yes
TX5395782,U7251,3452188655409062,773.7,Leh,2020-09-01,17:11:41,Diners Club,Shell,Success,no
TX3139669,U7369,5037517469130580,303.79,Kochi,2021-05-13,10:55:56,Diners Club,Target,Success,yes
TX4727119,U3719,6585000978166261,1201,Chennai,2025-01-01,19:16:38,MasterCard,Amazon,Success,no
TX7761636,U829,8710115887305980,1422.97,Udaipur,2020-09-02,19:38:07,RuPay,Walmart,Failed,no
TX4781582,U3206,0476859350922127,135.93,Varanasi,2018-03-19,20:37:24,Visa,Walmart,Failed,yes
TX9308976,U4323,0579150853507630,1095.7,Goa,2023-04-18,03:56:47,MasterCard,Shell,Success,no
TX5869694,U1805,3683590592869526,604.74,Kochi,2020-03-27,02:09:19,American Express,McDonald's,Success,yes
TX4585079,U9205,5091069394067493,1101.29,Jaipur,2022-11-11,18:12:30,American Express,Target,Failed,no
TX7777468,U6089,8840364456996091,724.52,Varanasi,2023-05-06,14:33:55,Visa,Flipkart,Success,no
TX9395697,U8447,5801065968135454,352.91,Chennai,2019-06-27,13:37:34,Visa,ExxonMobil,Success,no
TX6857576,U9285,0464560789284196,225.38,Jaipur,2019-08-31,04:28:21,Visa,Shell,Success,yes
TX9155992,U8211,3807282996087920,574.72,Jaipur,2024-02-01,13:25:00,American Express,ExxonMobil,Success,no
TX1174813,U5647,5165751378296417,94.18,Goa,2018-07-19,10:30:47,Diners Club,Apple Store,Success,no
TX6446160,U5919,9700242467800323,682.12,Goa,2021-02-16,06:28:07,Visa,Flipkart,Success,no
TX9528362,U9755,2132565146082322,1889.79,Chennai,2018-12-09,20:57:20,MasterCard,Walmart,Failed,no
TX4188236,U66,9402642301230971,1781.89,Kolkata,2024-03-14,06:31:00,American Express,Flipkart,Success,no
TX1273106,U3562,9053709276309767,747.74,Mandya,2023-07-14,20:04:04,American Express,Apple Store,Success,yes
TX7832764,U9341,7252357295784066,15.15,Chennai,2025-01-17,00:10:41,American Express,Target,Success,no
TX6506260,U804,2615368947608741,1178.1,Mysore,2023-09-17,08:01:20,Diners Club,Best Buy,Success,no
TX2292612,U7112,2921106508215874,13.73,Mumbai,2021-01-08,01:51:45,American Express,ExxonMobil,Success,no
TX3269141,U2757,2477534469313871,888.53,Varanasi,2020-11-22,02:12:25,Diners Club,Walmart,Success,no
TX4860035,U8222,1184626184888128,319.68,Leh,2021-09-17,13:44:38,American Express,Best Buy,Success,no
TX9530289,U5793,6099802719551492,1273.76,Hyderabad,2022-01-05,08:52:32,RuPay,Starbucks,Success,yes
TX6635131,U2322,7205568058415847,1736.83,Bangalore,2021-05-04,05:28:41,RuPay,McDonald's,Success,no
TX7203997,U790,9681460477357440,997.46,Leh,2021-10-12,04:33:17,RuPay,Starbucks,Success,no
TX6275468,U3514,8831785732678640,631.37,Delhi,2024-01-22,22:33:18,American Express,Target,Failed,yes
TX7242142,U532,1210265307606652,58.29,Shillong,2023-07-18,05:15:07,Diners Club,Shell,Success,no
TX3894446,U3093,1041437586822043,295.82,Leh,2018-07-03,07:44:26,RuPay,Target,Success,no
TX8575775,U3835,7161498065940460,387.58,Mysore,2023-08-10,00:41:25,Visa,Target,Failed,no
TX2896471,U9866,4209787675558734,1164.78,Mysore,2019-12-10,13:57:17,American Express,Target,Success,no
TX3018541,U4662,8542697067371984,376.26,Goa,2019-09-18,09:47:13,RuPay,Target,Success,yes
TX7129370,U8242,6385285943810648,1971.3,Jaipur,2018-06-06,21:58:02,RuPay,Starbucks,Failed,no
TX9390650,U7776,9665392012267046,746.03,Udaipur,2023-08-02,08:32:13,Visa,ExxonMobil,Failed,no
TX1642518,U7535,0717013047594728,269.2,Jaipur,2024-05-27,17:11:55,MasterCard,Amazon,Success,yes
TX9372546,U9916,4195473007372564,1727.01,Varanasi,2019-02-06,09:39:38,Visa,Shell,Success,no
TX7388891,U9423,4779195573880529,570.06,Darjeeling,2021-02-10,23:19:45,Diners Club,Apple Store,Failed,no
TX8838443,U7049,3911573186521569,1345.37,Kolkata,2019-11-18,22:25:00,American Express,McDonald's,Success,no
TX4822795,U677,7398232963855971,1660.45,Bangalore,2023-12-30,20:00:07,MasterCard,Target,Success,no
TX8598342,U8558,3530143986615864,219.61,Jaipur,2018-12-22,11:14:16,American Express,Amazon,Success,no
TX3728486,U8215,4289743402955739,1079.27,Goa,2020-01-31,19:58:52,Diners Club,Walmart,Success,no
TX1833401,U5126,0752490975598084,560.97,Leh,2021-07-23,22:22:54,American Express,Best Buy,Success,no
TX6246129,U2532,7244048259513305,1852.01,Mumbai,2020-08-07,23:56:18,Visa,Apple Store,Success,no
TX3503744,U3151,6670109422277314,1025.17,Jaipur,2022-04-20,23:30:19,MasterCard,Target,Success,no
TX3455295,U1530,7198592627345760,1586.82,Udaipur,2025-03-22,00:32:52,RuPay,Target,Success,no
TX5238908,U1902,3448481576023310,1004.2,Mysore,2021-03-30,22:16:49,Diners Club,Amazon,Success,no
TX9600199,U5939,7758046368877818,355.91,Leh,2025-01-10,20:11:32,RuPay,Starbucks,Success,no
TX1480280,U1814,9467337961470713,1595.7,Kolkata,2024-06-03,01:27:04,American Express,Amazon,Failed,yes
TX8174416,U6049,7429309657502809,488.66,Kochi,2022-08-07,19:26:59,RuPay,Flipkart,Success,no
TX9541269,U392,0672939697476191,572.86,Mumbai,2024-11-22,14:48:42,Visa,Walmart,Failed,no
TX2413603,U6668,8789006813327491,1123.95,Hyderabad,2019-05-15,21:51:35,Visa,Amazon,Success,no
TX1766350,U4607,6601337388764526,69.45,Delhi,2018-09-02,13:43:43,MasterCard,Starbucks,Success,no
TX6402904,U411,2463242938281537,1752.75,Kolkata,2020-02-11,23:33:29,Visa,Walmart,Success,no
TX4552243,U8047,3789163097458649,1809.4,Mumbai,2020-08-24,19:24:51,MasterCard,Flipkart,Success,no
TX8732121,U7443,9210259259862322,1256.56,Mumbai,2020-01-29,01:35:52,Visa,Best Buy,Success,no
TX1533203,U445,7179388229501046,1745.02,Kochi,2021-01-17,05:34:15,MasterCard,Flipkart,Success,yes
TX6115253,U7220,7663796607370151,1422.94,Darjeeling,2018-12-14,10:41:40,MasterCard,Flipkart,Success,no
TX6824519,U2496,7228474700678337,324.51,Udaipur,2020-02-07,18:17:45,American Express,ExxonMobil,Success,no
TX4630602,U126,5627485801535680,184.97,Mysore,2022-01-05,12:18:23,Visa,Walmart,Success,no
TX5269409,U2684,4117117335226103,1597.3,Jaipur,2022-09-22,05:23:24,MasterCard,Flipkart,Success,no
TX3011842,U8011,7994211785242605,1766.05,Leh,2018-01-17,21:18:05,Visa,Flipkart,Success,no
TX6482638,U8771,4617372527163488,1197.5,Mandya,2020-12-23,18:04:25,RuPay,Amazon,Failed,yes
TX7790878,U3805,4268870331696639,1521.68,Hyderabad,2022-04-08,04:39:17,MasterCard,Starbucks,Success,no
TX7789280,U7674,5554344458169733,816,Goa,2023-05-15,09:48:56,MasterCard,McDonald's,Success,no
TX3247984,U7676,0607755089745052,221.8,Chennai,2024-10-06,17:09:05,MasterCard,Apple Store,Success,yes
TX4226119,U7802,5523000084479149,763.56,Delhi,2020-02-13,08:23:42,Visa,McDonald's,Success,yes
TX1866380,U7965,6378846731094541,39.63,Delhi,2019-02-22,07:17:21,American Express,Best Buy,Success,no
TX4353053,U5813,3859597431168040,587.28,Udaipur,2022-10-24,05:06:09,RuPay,Amazon,Success,yes
TX8002481,U2867,5384055135890648,392.48,Goa,2023-03-25,03:23:49,Visa,McDonald's,Success,no
TX8365340,U8946,3725433135877127,965.05,Darjeeling,2020-09-23,22:03:12,MasterCard,Apple Store,Success,no
TX3569959,U4972,1451314532443485,1868.94,Delhi,2024-06-24,16:19:00,RuPay,Walmart,Success,no
TX6871162,U5030,4419974544422652,478.59,Chennai,2025-01-28,10:03:19,Diners Club,Best Buy,Success,no
TX9819996,U36,0759577156042487,173.45,Kolkata,2020-09-02,05:00:09,RuPay,Shell,Success,no
TX9871027,U356,8615661925849780,1451.91,Goa,2020-10-22,23:17:36,MasterCard,McDonald's,Success,no
TX9697273,U9745,4263137433548101,1104.17,Mandya,2019-12-06,02:51:40,RuPay,Target,Success,no
TX6074330,U4797,9796339176287337,349.13,Chennai,2018-01-08,19:53:29,American Express,Flipkart,Success,no
TX9269966,U8255,8666273513840196,135.43,Mysore,2025-01-23,11:13:48,MasterCard,Flipkart,Failed,no
TX1680367,U5843,8178478172077003,409.57,Hyderabad,2023-02-08,10:27:23,American Express,Target,Failed,yes
TX8950955,U7351,3067335424674431,1003.62,Goa,2021-02-02,23:52:14,Diners Club,Walmart,Success,no
TX9679305,U1527,9428327288721438,1415.72,Delhi,2019-10-21,16:49:14,MasterCard,Best Buy,Success,no
TX2057076,U4139,9711000924578051,1281.78,Leh,2020-11-25,07:34:57,Visa,Target,Success,no
TX7763292,U7298,8195518530444843,1751.72,Mysore,2022-09-07,14:04:31,RuPay,ExxonMobil,Success,no
TX6337769,U5769,9724537535501403,1694.65,Goa,2018-01-26,19:26:55,MasterCard,Best Buy,Success,yes
TX4426036,U1944,0912147897964710,1085.92,Goa,2018-12-22,17:16:39,RuPay,Starbucks,Success,yes
TX4358803,U8170,1443503793289434,1909.97,Mysore,2025-03-01,03:13:13,Diners Club,Starbucks,Success,yes
TX1897807,U1235,1471755221682586,1585.17,Varanasi,2022-10-10,18:54:36,Diners Club,ExxonMobil,Failed,no
TX8727226,U4821,8306137766251746,1719.96,Delhi,2020-11-14,01:16:32,Visa,Target,Success,no
TX4805301,U7468,4620734781108592,1837.44,Bangalore,2018-11-03,22:07:25,Visa,Flipkart,Success,no
TX8700204,U777,2445910459981932,876.81,Varanasi,2020-01-08,10:47:30,Diners Club,Apple Store,Failed,no
TX4862754,U4286,9046439475030519,1641.96,Darjeeling,2023-01-06,12:55:31,MasterCard,ExxonMobil,Success,no
TX9547875,U7022,0588360959591688,1629.38,Bangalore,2020-05-26,05:03:25,American Express,Target,Success,no
TX4430262,U2122,2477994089902190,1844.9,Darjeeling,2019-05-15,10:41:19,Visa,Starbucks,Failed,no
TX3770349,U7222,3161667041158158,1781.71,Mumbai,2018-12-15,06:20:14,American Express,Apple Store,Failed,yes
TX4218474,U9247,0463331308613976,314.37,Varanasi,2021-11-06,18:48:31,American Express,ExxonMobil,Success,no
TX3616616,U6608,2078881848281760,762.16,Jaipur,2020-12-21,09:24:50,Visa,McDonald's,Success,no
TX1875697,U6949,5148283406661071,988.07,Darjeeling,2025-05-14,15:57:14,MasterCard,Starbucks,Failed,no
TX2335127,U5992,2402806560827502,1711.29,Hyderabad,2022-05-05,22:29:39,American Express,McDonald's,Failed,no
TX1498019,U160,5150061988708312,1500.54,Jaipur,2019-12-24,06:30:37,RuPay,Target,Failed,no
TX4185440,U9944,1651450159214371,1438.42,Udaipur,2023-02-03,21:45:25,Diners Club,Flipkart,Success,no
TX6259636,U623,4457322435163360,844.92,Mysore,2019-12-07,09:47:06,American Express,Flipkart,Failed,yes
TX2615755,U8968,1531666814178981,1045.82,Bangalore,2019-07-16,18:53:55,RuPay,Target,Success,no
TX9025406,U35,3962594303248971,289.02,Hyderabad,2018-06-10,01:55:27,RuPay,ExxonMobil,Success,no
TX2595605,U6215,7569990090825764,831.37,Kolkata,2021-04-25,09:43:51,RuPay,Target,Success,no
TX9881053,U7891,9715016628095178,975.03,Kochi,2024-12-30,23:52:17,American Express,Walmart,Failed,no
TX3655984,U4380,7930106519647281,1332.41,Leh,2018-01-16,09:55:55,RuPay,Apple Store,Success,no
TX8110550,U6666,5083012778735918,1442.25,Kolkata,2018-04-17,10:40:21,Diners Club,Apple Store,Success,no
TX8883056,U8840,4891675407574987,1858.4,Jaipur,2018-11-20,00:51:32,Diners Club,Walmart,Success,no
TX1502583,U1054,1053173860746283,71.48,Jaipur,2023-11-09,17:15:27,Visa,Target,Success,no
TX9234580,U56,7369303616586122,1310.84,Kolkata,2019-08-24,07:54:42,American Express,Starbucks,Success,no
TX8875518,U7727,5655720312486594,1515.97,Darjeeling,2020-11-27,04:50:44,American Express,Walmart,Success,no
TX1698523,U81,3912377276113388,1826.26,Kolkata,2021-11-03,09:04:02,American Express,McDonald's,Success,no
TX2891261,U8084,3786836747543980,1860,Hyderabad,2021-02-13,05:52:09,American Express,Best Buy,Success,no
TX8710624,U9579,5050057876980909,1770.87,Mysore,2024-09-29,14:35:31,MasterCard,Apple Store,Success,no
TX2046114,U4169,6014262463386242,430.68,Kochi,2024-05-04,19:40:38,RuPay,Shell,Success,no
TX2314108,U3215,2123796830818189,1169.91,Mandya,2020-06-18,01:57:17,RuPay,Flipkart,Success,no
TX6357402,U2602,6789223040302300,1009.75,Varanasi,2022-10-25,08:36:34,RuPay,ExxonMobil,Success,no
TX1899231,U7150,2099782472238018,794.65,Varanasi,2023-10-01,02:38:36,RuPay,Shell,Success,no
TX6713991,U2351,4545304965468886,773.65,Bangalore,2018-06-15,14:03:43,MasterCard,McDonald's,Success,yes
TX5190868,U9021,6215785609828716,687.89,Varanasi,2025-02-06,00:28:31,MasterCard,Shell,Success,yes
TX1617559,U1279,2998520358032122,617.93,Chennai,2023-02-03,06:35:18,Diners Club,Best Buy,Success,no
TX8611406,U6071,6568613584002544,569.29,Delhi,2024-02-09,00:51:33,MasterCard,Starbucks,Success,no
TX9873759,U2630,5563198294937433,1202.45,Jaipur,2022-04-25,15:22:04,MasterCard,ExxonMobil,Success,no
TX1808300,U8840,5078680838867432,122.55,Shillong,2019-03-31,03:56:52,American Express,Starbucks,Failed,no
TX1668656,U427,7305077815629362,950.87,Mumbai,2022-05-11,05:11:47,RuPay,Target,Success,no
TX1039716,U4728,7932560943947087,1187.56,Shillong,2022-01-25,21:16:48,Diners Club,Amazon,Success,no
TX9565971,U7843,0382375138745775,1275.52,Goa,2025-04-01,19:26:26,MasterCard,Walmart,Success,no
TX3020973,U5338,3501966974533144,1542.17,Goa,2024-07-21,10:29:50,American Express,ExxonMobil,Success,no
TX7598961,U654,2210897765295646,969.83,Udaipur,2018-12-08,20:27:36,American Express,Apple Store,Success,no
TX6346186,U5888,8913655474661325,1517.14,Mysore,2019-09-01,19:51:58,Visa,Amazon,Success,yes
TX7551437,U3279,7756796913656114,726.72,Hyderabad,2025-02-19,09:53:59,Visa,Walmart,Failed,no
TX6261892,U4942,8054600289170185,1678.21,Leh,2018-04-24,03:42:57,RuPay,Walmart,Success,no
TX6788736,U1712,9885526422585415,660.99,Bangalore,2018-02-15,20:54:37,American Express,Shell,Success,no
TX8724143,U4942,6473003926565358,379.98,Kolkata,2020-07-31,18:17:56,RuPay,Walmart,Success,no
TX5809915,U238,2065505692527727,455.42,Shillong,2021-03-13,04:13:01,Diners Club,ExxonMobil,Success,no
TX9362928,U4336,0975580458877359,1952.36,Udaipur,2020-07-07,18:05:13,Visa,McDonald's,Success,no
TX1142900,U7619,4628457165480042,1405.42,Chennai,2021-08-21,06:05:54,American Express,ExxonMobil,Success,no
TX3504874,U5277,0494149168440011,1878.32,Varanasi,2024-07-07,00:48:54,MasterCard,Amazon,Success,no
TX4818171,U5178,4140684202324080,237.62,Hyderabad,2024-09-27,22:49:26,Visa,Shell,Failed,yes
TX3413712,U7405,9287360000766615,404.67,Mumbai,2023-01-12,21:55:51,American Express,Shell,Success,no
TX9010997,U9839,4545388046803212,1997.55,Kochi,2018-06-29,16:19:06,Diners Club,Amazon,Failed,no
TX9033694,U6894,1753823587583583,713.68,Mandya,2024-06-19,04:31:18,MasterCard,McDonald's,Success,no
TX7382636,U2802,4224576538840955,751.52,Leh,2022-04-07,10:03:05,American Express,Amazon,Success,yes
TX7778047,U6693,1438143314756458,1425.92,Mumbai,2023-08-11,23:38:24,RuPay,Starbucks,Success,no
TX7665584,U3238,2325458489072663,978.31,Mandya,2020-10-23,06:16:17,MasterCard,Flipkart,Success,no
TX7225962,U6958,4953488654099551,615.22,Kochi,2024-10-05,15:50:36,MasterCard,Amazon,Success,no
TX8847187,U4424,3767402638808847,467.09,Mumbai,2024-11-29,19:13:46,RuPay,Best Buy,Success,no
TX4958460,U7860,8519363773947809,1145.55,Leh,2022-03-12,18:51:02,Diners Club,McDonald's,Failed,no
TX7446692,U4049,0372808794923587,1698.42,Kolkata,2024-04-01,23:01:54,MasterCard,Apple Store,Success,no
TX6855427,U7543,4914796157401514,889.4,Bangalore,2020-03-10,19:25:19,Visa,Walmart,Failed,no
TX4384438,U1089,2391843710147522,1089.05,Jaipur,2019-05-19,10:03:46,Visa,ExxonMobil,Success,no
TX7029326,U9665,6606614795309607,1122.26,Bangalore,2022-07-05,17:10:09,Visa,ExxonMobil,Success,no
TX2469723,U733,7712794575712942,1363.22,Varanasi,2020-11-11,23:51:41,RuPay,Starbucks,Success,no
TX9097900,U308,5205144760292780,312.49,Delhi,2024-06-07,19:09:47,MasterCard,Target,Success,no
TX6755026,U7862,5543971554279794,1172.67,Leh,2018-06-04,16:18:52,Diners Club,ExxonMobil,Success,no
TX3283756,U7569,9591232276147562,1301.25,Darjeeling,2022-12-26,21:11:04,Diners Club,ExxonMobil,Success,no
TX2449007,U6697,3101656734522061,995.62,Udaipur,2025-02-06,21:35:37,Visa,Target,Success,no
TX2944195,U4047,2824437069076209,583.08,Shillong,2020-03-28,17:12:59,American Express,Starbucks,Success,no
TX9319454,U2704,8995669051915339,1077.1,Shillong,2018-01-19,22:10:00,American Express,Target,Success,yes
TX4134196,U6149,2122645886933094,539.65,Delhi,2023-10-06,02:48:26,American Express,Flipkart,Success,no
TX6496797,U1370,7433361945763669,1748.73,Bangalore,2018-10-20,12:23:24,Diners Club,Shell,Failed,no
TX6995335,U6936,8691627089063266,984.2,Delhi,2024-04-16,04:38:45,Diners Club,McDonald's,Success,no
TX6948206,U4434,9572291960094699,1634.19,Mysore,2018-04-05,21:58:20,Visa,Shell,Success,no
TX2684719,U7333,6276247871893107,1683.1,Hyderabad,2022-05-29,04:55:48,MasterCard,Best Buy,Success,no
TX4045266,U2747,6877658089866686,705.31,Udaipur,2023-06-11,02:50:59,Visa,Walmart,Success,no
TX2100432,U58,6786796722264831,883.3,Mumbai,2021-10-16,04:14:23,RuPay,Amazon,Success,no
TX3220848,U1705,3602940217572425,1297.06,Jaipur,2018-11-07,22:04:06,Visa,ExxonMobil,Failed,no
TX8388795,U9446,0258990196910463,170.06,Mysore,2024-06-15,21:01:08,American Express,Amazon,Success,no
TX4500601,U6271,7503536230989798,1377.3,Darjeeling,2021-12-23,12:11:17,RuPay,Best Buy,Success,no
TX3651964,U4944,3394759731015578,474.01,Jaipur,2020-08-14,08:10:47,American Express,Amazon,Success,no
TX3598080,U7112,4337925925659003,527.75,Goa,2025-03-27,03:09:59,Visa,Amazon,Success,no
TX8368739,U1366,2496665091861955,1808.06,Hyderabad,2023-03-05,23:05:20,American Express,Best Buy,Success,no
TX9677343,U188,1600997616797462,944.16,Kochi,2025-02-05,07:15:31,RuPay,McDonald's,Success,no
TX3615989,U5014,7928869703573574,733.08,Varanasi,2018-09-12,23:37:16,Visa,McDonald's,Success,no
TX6618926,U1448,7020297594310222,981.61,Jaipur,2025-05-21,17:03:29,RuPay,Walmart,Success,no
TX2724163,U1813,2094139065801375,481.32,Mysore,2020-02-13,07:18:56,Diners Club,Flipkart,Success,yes
TX2652826,U8890,0909090647193884,351.93,Shillong,2022-07-08,06:02:35,MasterCard,McDonald's,Success,no
TX1869843,U4182,6103579355491854,771.3,Jaipur,2025-04-28,12:02:07,American Express,Starbucks,Success,no
TX4847822,U1567,7256767472757687,980.25,Mysore,2018-06-04,07:50:14,Visa,McDonald's,Success,no
TX1051277,U6315,2727476102423380,497.99,Darjeeling,2018-10-07,03:41:21,Diners Club,Best Buy,Success,no
TX3951210,U4917,2767169327444422,501.22,Kochi,2018-01-23,02:10:41,Visa,Shell,Success,no
TX4406010,U5204,5334465408900956,1866.69,Leh,2021-02-22,16:57:37,Diners Club,Amazon,Success,no
TX7427163,U6949,2381279398438599,554.11,Mysore,2023-04-22,22:48:03,Diners Club,ExxonMobil,Success,no
TX3348478,U6718,8096335130532458,1026.96,Bangalore,2025-03-01,07:20:10,Visa,Target,Success,no
TX8223397,U9676,3412669070901529,1528.77,Varanasi,2021-04-19,07:06:40,RuPay,Apple Store,Success,no
TX6603772,U1727,5193590557367380,1232.73,Varanasi,2019-11-27,11:43:26,Visa,Apple Store,Success,no
TX5048525,U8612,9867795849866205,1200.01,Chennai,2018-06-13,12:18:33,American Express,Amazon,Success,no
TX8256900,U1207,7522593839865748,1254.38,Goa,2023-11-30,22:11:34,Diners Club,Walmart,Success,no
TX2495945,U1439,1298954956239377,419.79,Kolkata,2020-07-31,00:51:40,MasterCard,Apple Store,Success,yes
TX1049235,U2472,4049583080496971,1474.26,Varanasi,2024-02-07,18:17:01,Diners Club,Starbucks,Success,no
TX1555834,U8449,8193304252524414,1041.34,Leh,2023-07-17,11:15:54,American Express,Walmart,Success,no
TX1642063,U5347,0417257850667260,840.17,Goa,2024-09-16,02:46:37,Diners Club,McDonald's,Success,yes
TX8721898,U2084,4357844270328872,1535.28,Udaipur,2019-12-25,16:31:03,American Express,Best Buy,Success,no
TX3186823,U283,1323894682464678,1777.96,Hyderabad,2021-12-23,10:11:52,American Express,McDonald's,Success,no
TX1378348,U3518,8091296294413738,639.12,Darjeeling,2023-12-10,10:10:56,RuPay,Shell,Success,no
TX2561352,U2867,0395153255184742,1054.41,Darjeeling,2022-02-01,08:17:12,Diners Club,Target,Success,no
TX3895568,U5160,2281138857183589,831.17,Goa,2025-06-07,05:07:36,American Express,Best Buy,Success,no
TX4427873,U3658,5395992001990010,828.83,Leh,2019-08-16,20:46:58,American Express,McDonald's,Success,no
TX3768805,U4871,6585264926298540,1965.6,Udaipur,2024-08-13,22:02:18,RuPay,Best Buy,Success,no
TX9306514,U1761,6961628221514876,1310.95,Mysore,2023-03-06,00:32:16,RuPay,Flipkart,Success,no
TX8225201,U624,1893807816367240,743.84,Mumbai,2021-03-10,08:57:43,American Express,Best Buy,Success,no
TX4236241,U9183,4829895827602767,1501.17,Delhi,2023-12-17,22:33:30,American Express,Flipkart,Success,yes
TX3791889,U7427,5494937551506046,251.4,Hyderabad,2019-05-23,00:15:28,RuPay,ExxonMobil,Failed,yes
TX6407090,U1921,7817003070574867,1520.66,Varanasi,2018-05-28,06:17:06,RuPay,McDonald's,Success,no
TX8010891,U6463,8181030672985963,997.81,Goa,2023-07-02,19:21:09,RuPay,Flipkart,Success,no
TX1010314,U210,5628724001059491,355.94,Bangalore,2019-02-07,19:57:10,American Express,Shell,Failed,no
TX2594717,U3384,6366350413483059,747.51,Udaipur,2020-01-19,03:17:01,Diners Club,Shell,Success,no
TX1691681,U4716,2181860503513771,1047.8,Delhi,2020-06-26,01:08:14,Diners Club,Shell,Failed,no
TX7829654,U6701,9904493023448159,912.33,Mumbai,2025-06-30,15:13:48,RuPay,McDonald's,Success,no
TX5177643,U4726,5393268744691485,959.54,Mumbai,2023-10-14,14:07:45,Visa,ExxonMobil,Success,no
TX2334209,U9941,5786660788976050,1476.83,Varanasi,2023-12-13,23:31:08,Visa,Flipkart,Success,no
TX5981245,U8897,2030142889409456,810.08,Leh,2024-09-11,04:52:18,American Express,Apple Store,Success,no
TX7570706,U3707,9094984849066986,1720.19,Varanasi,2021-04-11,20:19:01,Diners Club,Walmart,Failed,yes
TX8907309,U7240,9730953228066280,1627.25,Hyderabad,2020-04-16,20:18:27,Diners Club,Best Buy,Failed,no
TX8665069,U7561,6753994081954359,1874.59,Kolkata,2018-05-17,18:33:07,MasterCard,McDonald's,Success,no
TX6150898,U7738,4334150931120813,462.34,Varanasi,2025-06-02,10:44:05,MasterCard,Best Buy,Failed,no
TX8661148,U8754,7593065992260772,428.6,Mumbai,2020-03-03,00:47:25,Visa,Target,Failed,no
TX3808275,U6290,8246149455318133,1633.41,Bangalore,2018-12-12,00:53:03,RuPay,ExxonMobil,Success,no
TX4642247,U3895,5090735909220792,1155.9,Shillong,2023-08-05,18:18:50,American Express,Flipkart,Success,yes
TX2878134,U4760,9183051339193475,815.31,Mysore,2018-11-26,08:26:02,MasterCard,McDonald's,Success,no
TX1122827,U5645,5310403373026627,1840.96,Mandya,2024-05-18,04:12:45,American Express,Starbucks,Failed,no
TX8206863,U5548,9501509620433554,1121.3,Darjeeling,2024-01-02,16:01:19,MasterCard,Shell,Failed,no
TX8103435,U8720,9850629816395498,615.56,Kolkata,2020-02-24,01:56:53,Visa,Shell,Success,no
TX4115391,U2592,0332328617551901,149.47,Jaipur,2024-03-09,13:32:02,Diners Club,Shell,Success,no
TX4381029,U5612,6527032605618143,546.89,Mumbai,2024-09-09,13:10:36,MasterCard,ExxonMobil,Success,yes
TX2554670,U8095,4713402195437865,1871.78,Jaipur,2020-05-04,23:55:29,RuPay,Best Buy,Success,no
TX8142494,U9498,8646548587469573,549.91,Shillong,2018-06-14,11:44:09,Visa,Amazon,Success,no
TX7714545,U2078,2929430814513802,1122.26,Kolkata,2020-02-13,23:17:28,American Express,Target,Success,no
TX1133580,U458,1140895993261225,1434.21,Jaipur,2018-04-01,18:32:19,American Express,Walmart,Success,no
TX7607806,U5257,5506544886023149,53.66,Hyderabad,2019-12-28,17:26:23,Visa,Target,Success,yes
TX1326727,U3000,0930127314258579,1024.18,Darjeeling,2018-10-08,01:50:47,Diners Club,Starbucks,Success,no
TX9500026,U3231,5820060036007728,766.52,Shillong,2024-06-06,03:06:19,RuPay,Target,Success,yes
TX1550272,U6278,0435177638938448,633.23,Shillong,2024-01-27,08:56:59,Diners Club,Starbucks,Failed,no
TX7085989,U9860,3824986461645548,68.5,Goa,2023-12-23,04:34:32,MasterCard,McDonald's,Success,no
TX8686814,U6711,1282859767688564,1737.22,Bangalore,2021-11-23,17:38:10,American Express,Apple Store,Success,no
TX9047308,U2782,0222592078601990,1068.75,Goa,2019-07-18,16:14:28,American Express,McDonald's,Success,no
TX3287987,U1731,0070256618040971,629.52,Jaipur,2021-02-25,20:07:46,Visa,Apple Store,Success,no
TX8443822,U387,5534585341569831,602.23,Varanasi,2019-08-21,03:56:15,Visa,Walmart,Success,yes
TX7919029,U156,7377126278905879,929.06,Mumbai,2022-07-14,04:20:45,MasterCard,Starbucks,Success,no
TX8609301,U1561,3592106079463520,1464.24,Delhi,2022-09-10,19:06:27,RuPay,Starbucks,Success,no
TX2417022,U3789,2022330328248069,224.81,Chennai,2018-08-20,15:07:16,Diners Club,McDonald's,Success,no
TX6003744,U6879,8664273677939443,43.71,Kochi,2021-06-18,04:36:15,American Express,Walmart,Success,no
TX2370082,U324,8053160894143951,1433.32,Hyderabad,2022-08-19,21:42:59,Diners Club,Walmart,Success,yes
TX9078978,U3881,7957188691339560,1589.06,Bangalore,2025-06-20,17:53:20,RuPay,Apple Store,Failed,no
TX2850392,U2240,9461644408662889,1146.27,Jaipur,2018-11-04,00:23:05,RuPay,Target,Failed,no
TX1294068,U9308,4640721098086203,247.85,Kolkata,2021-03-08,00:46:23,Diners Club,Flipkart,Success,yes
TX6195702,U8968,7029994043592088,458.7,Delhi,2018-07-28,19:47:50,Visa,Best Buy,Success,no
TX5158187,U963,8576472158756007,1532.5,Shillong,2024-08-26,18:46:36,RuPay,Best Buy,Success,yes
TX9806745,U2274,4711010260939618,1881.29,Darjeeling,2019-05-31,21:06:39,MasterCard,Shell,Failed,no
TX4512680,U1467,2238485102753217,1071.01,Udaipur,2024-12-31,22:58:25,American Express,Amazon,Success,no
TX4535023,U5677,9857276251867892,1471.97,Udaipur,2020-03-23,13:55:54,RuPay,Best Buy,Success,no
TX9419903,U2030,5830863068544079,1442.71,Varanasi,2025-01-16,16:02:38,Visa,Apple Store,Success,no
TX4393430,U1330,3773558615077799,1881.68,Goa,2022-09-03,14:13:15,RuPay,Target,Success,no
TX6920644,U7816,2078235052881017,1776.96,Mandya,2023-06-12,08:49:41,Visa,Flipkart,Success,no
TX7205497,U9145,3825586478499343,1834.17,Mumbai,2020-05-03,17:32:00,Diners Club,Shell,Success,yes
TX5292530,U3151,6680749804389901,1473.58,Mysore,2019-12-30,08:27:07,MasterCard,Flipkart,Success,no
TX3422354,U1414,7554831498786672,591.55,Delhi,2022-01-14,21:03:06,Visa,McDonald's,Failed,no
TX9739419,U4609,6334133877058088,374.57,Udaipur,2019-01-22,13:44:46,RuPay,Shell,Success,no
TX2256833,U4217,8776140799718024,487.18,Kolkata,2023-07-06,03:16:18,American Express,Flipkart,Success,no
TX1843389,U5850,5100192351287025,1562.78,Shillong,2022-01-08,12:32:52,Visa,Shell,Failed,no
TX6005732,U2904,1719343247630296,407.79,Udaipur,2020-12-22,06:15:37,RuPay,Flipkart,Success,no
TX5712993,U7867,8395508109640090,1478.34,Goa,2022-10-31,04:42:40,Visa,Target,Failed,no
TX8232608,U1337,3084880930524230,1470.74,Hyderabad,2023-10-16,07:21:31,Diners Club,Amazon,Success,yes
TX6496424,U7413,4428061147179589,492.15,Bangalore,2018-04-26,17:33:07,Visa,Target,Success,no
TX2571702,U5704,2558198831823157,921.11,Delhi,2022-02-16,20:00:24,MasterCard,Shell,Success,yes
TX9347303,U7095,0688005333034509,28.92,Kolkata,2021-02-05,06:48:40,American Express,Shell,Failed,no
TX9314161,U5125,1127936886926196,1113.3,Udaipur,2018-06-02,08:29:27,American Express,Best Buy,Success,no
TX3443504,U6285,7365284720727328,593.49,Leh,2022-08-29,12:52:58,American Express,Flipkart,Success,no
TX3272942,U9615,3062514272471056,894.17,Delhi,2022-11-12,03:15:49,RuPay,Best Buy,Failed,no
TX5821411,U3763,6190753713507929,1433.93,Darjeeling,2022-12-10,16:41:24,Diners Club,Amazon,Success,no
TX3450590,U8678,1314493042776051,1194.47,Mandya,2020-02-18,10:39:05,Diners Club,ExxonMobil,Success,no
TX5179845,U849,7575009104488350,59.7,Mysore,2022-06-16,10:10:51,American Express,Target,Failed,no
TX3108539,U7014,8241433473214350,1890.43,Darjeeling,2018-01-03,04:00:26,Visa,Shell,Success,yes
TX8987200,U8044,3602139975858504,1388.01,Shillong,2020-05-19,20:26:30,RuPay,Amazon,Success,no
TX5911167,U8733,0016091245785092,706.89,Chennai,2018-09-25,06:47:02,RuPay,Apple Store,Failed,yes
TX5728595,U4984,8139538600410328,734.08,Mysore,2020-10-23,22:31:43,Diners Club,Target,Failed,yes
TX2106466,U7618,2844614279711691,1372.5,Bangalore,2019-03-09,23:07:45,RuPay,Walmart,Success,no
TX4983029,U19,8648683013749185,1830.76,Bangalore,2024-03-30,04:55:25,RuPay,Shell,Success,no
TX7900027,U7810,6321646754409829,575.86,Varanasi,2022-01-29,10:03:21,Visa,Starbucks,Success,no
TX4297682,U6720,2730516783816507,178.97,Mandya,2021-04-19,22:01:06,RuPay,Apple Store,Success,yes
TX5862619,U7079,1242228267176841,769.41,Bangalore,2020-05-23,15:35:16,Diners Club,Shell,Success,yes
TX6823650,U6640,0968778100335368,130.92,Goa,2020-01-23,12:21:54,Visa,ExxonMobil,Success,no
TX4012675,U9304,8439869562404111,45.88,Leh,2022-09-17,09:38:56,RuPay,Amazon,Success,no
TX9146178,U607,8204864053973759,316.74,Delhi,2018-06-29,07:17:17,Visa,ExxonMobil,Success,yes
TX1230499,U3080,1227934745570450,1597.45,Shillong,2020-12-16,10:25:00,Visa,Best Buy,Success,no
TX4273552,U1925,5021573282274585,969.88,Kochi,2018-09-15,23:39:39,Diners Club,Target,Failed,no
TX9821758,U9617,9261622152274332,618.58,Mandya,2021-11-26,19:37:00,RuPay,Best Buy,Success,yes
TX4424089,U6086,2082898396340925,1386.42,Kochi,2025-06-18,09:17:15,MasterCard,Shell,Success,no
TX9984888,U8171,0087043300411180,1164.15,Kochi,2019-03-25,11:16:52,American Express,Amazon,Success,yes
TX9225920,U2361,2491684623974614,1547.62,Hyderabad,2024-08-20,16:04:36,American Express,Best Buy,Success,no
TX9825590,U184,5286180600063343,1830.75,Mandya,2021-07-16,09:26:13,RuPay,Starbucks,Success,yes
TX8668859,U9408,8773496431647063,1540.59,Udaipur,2022-09-21,14:23:06,MasterCard,Flipkart,Success,no
TX1680369,U7583,1751907366549048,871.8,Mumbai,2019-07-02,23:37:32,Diners Club,Starbucks,Success,no
TX3350409,U8089,9285420958905066,757.53,Jaipur,2021-10-20,10:47:07,American Express,Starbucks,Failed,no
TX6272110,U7694,8954237978740759,619.18,Udaipur,2020-11-29,03:44:47,American Express,McDonald's,Success,no
TX6141253,U3840,1640518575803134,961.67,Kochi,2022-03-31,04:31:32,American Express,Amazon,Success,yes
TX8662523,U229,7085298882620092,824.73,Bangalore,2020-07-02,10:43:22,American Express,Walmart,Success,no
TX3511873,U3093,2473080604894175,594.45,Chennai,2024-07-27,16:53:44,Visa,Flipkart,Success,no
TX6342599,U7071,3684208048219954,388.38,Udaipur,2023-01-22,12:10:13,American Express,McDonald's,Failed,no
TX9142585,U2474,6551011846930512,722.61,Hyderabad,2025-05-17,13:17:42,RuPay,Best Buy,Success,no
TX9630547,U5416,8030215709174548,925.44,Chennai,2024-06-02,18:29:36,Visa,ExxonMobil,Failed,no
TX8758009,U8507,6438276993191953,1394.57,Delhi,2025-02-11,12:13:12,Visa,McDonald's,Success,no
TX7629405,U8628,9996181536235155,1120.45,Goa,2025-06-28,16:13:32,RuPay,Starbucks,Success,no
TX2041148,U799,5017455015541482,650.23,Varanasi,2025-01-30,10:32:31,Diners Club,Walmart,Success,no
TX6771721,U372,4155534683912456,433.32,Jaipur,2024-08-12,09:06:56,MasterCard,Amazon,Success,no
TX4186594,U8435,9858864816469462,857.91,Hyderabad,2022-04-15,02:31:25,American Express,Flipkart,Success,no
TX2119842,U5098,5863732870957164,1859.03,Varanasi,2021-03-15,10:02:18,RuPay,Apple Store,Success,no
TX8852573,U197,5549476376900524,563,Kolkata,2023-12-30,07:26:31,MasterCard,Walmart,Success,no
TX2142824,U5643,6526628527230095,520.26,Mysore,2022-04-22,20:09:42,Visa,Best Buy,Success,no
TX2869185,U2183,3236506303876393,750.49,Mandya,2021-10-05,23:24:22,Visa,Apple Store,Success,no
TX5502741,U6068,9058746353810469,824.31,Goa,2022-05-10,12:41:54,American Express,Flipkart,Success,yes
TX7376849,U3968,1690434648877055,155.64,Chennai,2018-06-17,16:33:17,RuPay,Apple Store,Failed,no
TX7737151,U1131,6666853777518151,81.31,Udaipur,2022-07-23,22:31:47,RuPay,Amazon,Success,no
TX7998112,U6431,3205432262906766,396.1,Mysore,2021-08-09,22:13:47,MasterCard,Flipkart,Success,no
TX9553160,U5146,5066339001133370,691.97,Chennai,2024-06-05,20:06:41,Visa,Flipkart,Success,yes
TX7722962,U7507,8824851820329183,1905.57,Delhi,2024-09-13,05:42:02,MasterCard,ExxonMobil,Success,no
TX5188549,U6968,6759656952325086,1414.21,Chennai,2018-06-28,23:03:04,Visa,Shell,Success,no
TX3990018,U9563,1079048551125804,1806.19,Mandya,2024-11-02,22:07:51,American Express,McDonald's,Success,no
TX5518475,U3282,2748262451523644,958.29,Shillong,2022-06-09,00:07:45,MasterCard,Flipkart,Success,no
TX2958195,U2070,1570173136307731,48.8,Hyderabad,2020-09-18,17:12:50,American Express,Shell,Success,no
TX5759914,U9120,5261376495023230,1226.42,Mumbai,2024-10-09,09:47:20,RuPay,Starbucks,Success,no
TX8031565,U1709,0795334491469218,1103.8,Bangalore,2024-12-06,14:59:23,Visa,Amazon,Success,no
TX1217326,U5408,8122952113789868,1273.99,Mumbai,2019-06-10,22:54:24,Diners Club,Walmart,Success,no
TX9595193,U7436,6939423208307469,1232.32,Kochi,2019-02-26,22:16:44,Visa,Apple Store,Success,no
TX9212443,U7633,6263935227334387,917.53,Darjeeling,2024-07-12,19:34:39,Diners Club,ExxonMobil,Success,no
TX2004547,U4966,6526469996017214,714.78,Mandya,2021-06-25,13:42:34,Diners Club,Starbucks,Failed,no
TX7899526,U3226,8644357328856917,1822.63,Mysore,2022-04-11,00:51:41,RuPay,Flipkart,Success,no
TX8403515,U1630,2985822406490392,492.04,Mysore,2018-12-31,03:41:48,Visa,Amazon,Success,no
TX3923922,U4742,4046999762586871,1789.45,Udaipur,2023-07-06,10:13:02,RuPay,Amazon,Success,no
TX2054287,U1893,4904296162727268,1511.83,Mandya,2022-07-11,21:44:21,Visa,Best Buy,Success,no
TX5633638,U2862,9150746027552015,1798.77,Shillong,2025-05-18,13:40:00,RuPay,Starbucks,Success,no
TX6064149,U6354,5401665109664276,1306.65,Darjeeling,2021-06-08,16:23:48,Visa,Target,Success,no
TX7689162,U3728,5833334716053721,502.98,Chennai,2021-02-12,06:43:53,MasterCard,ExxonMobil,Success,yes
TX4306630,U2524,7015753673918631,483.49,Hyderabad,2023-04-30,17:30:48,Diners Club,Shell,Success,no
TX8418835,U2982,3742755623729269,99.97,Kolkata,2018-12-02,12:30:34,American Express,McDonald's,Success,no
TX9224038,U6357,7192903802781287,202.04,Kochi,2023-02-17,04:50:26,MasterCard,ExxonMobil,Success,no
TX2854199,U8544,1081057972025360,645.23,Shillong,2023-08-09,03:57:17,RuPay,Starbucks,Success,no
TX4037091,U7624,6736275348047809,1744.69,Mumbai,2020-06-01,02:31:46,Diners Club,Flipkart,Success,no
TX9571828,U3278,9392058141414663,1159.65,Shillong,2018-04-24,09:19:25,Visa,Best Buy,Success,no
TX5423028,U7628,7074303384610370,33.52,Varanasi,2019-06-30,12:04:22,Diners Club,Walmart,Success,no
TX5272001,U5800,7258709229694276,1554.13,Delhi,2023-12-30,06:05:16,American Express,ExxonMobil,Success,no
TX7471845,U1602,4834093910177622,378.78,Mysore,2021-05-28,07:04:40,American Express,Apple Store,Failed,no
TX7810663,U2907,1087714536772217,376.85,Bangalore,2023-02-27,22:41:42,MasterCard,Apple Store,Failed,no
TX5325515,U2198,5039647895598039,1595.34,Jaipur,2025-05-09,21:43:49,Diners Club,Amazon,Success,no
TX8408405,U7684,8012693521823501,1871.14,Goa,2018-11-24,14:51:17,MasterCard,Target,Success,no
TX9498000,U7182,5893337844184586,684.4,Bangalore,2018-10-21,07:28:36,MasterCard,Flipkart,Failed,no
TX7658217,U3735,7054585911809988,1504.24,Kochi,2020-08-01,10:01:31,Visa,Walmart,Success,no
TX2700100,U3062,3400537699518771,1938.74,Varanasi,2022-01-15,22:31:26,American Express,Apple Store,Success,no
TX9504568,U2771,1773546353934319,32.7,Chennai,2023-09-20,06:32:33,MasterCard,Shell,Success,no
TX5535832,U5389,8508805243560890,746.97,Mysore,2020-12-03,14:39:53,RuPay,Apple Store,Success,yes
TX9667875,U577,2288977895744099,194.52,Bangalore,2024-12-16,01:50:26,Visa,Amazon,Failed,no
TX6189374,U3815,8671832403472374,1680.72,Darjeeling,2025-03-19,10:19:45,American Express,Apple Store,Success,no
TX8556893,U3235,0048915148024348,426.32,Chennai,2022-03-15,06:50:32,MasterCard,Best Buy,Success,no
TX6990688,U424,3495015239545130,1578,Mumbai,2023-08-27,11:58:19,American Express,Walmart,Success,yes
TX9360412,U1988,1733408971746221,390.76,Hyderabad,2023-11-25,05:58:22,RuPay,Best Buy,Success,no
TX3160466,U7768,3749674461506641,186.07,Chennai,2018-10-04,14:13:13,Visa,ExxonMobil,Success,no
TX3848341,U5036,6323415828493160,71.67,Hyderabad,2025-03-18,05:22:14,RuPay,Amazon,Success,yes
TX3824126,U3869,7025736475086746,243.89,Varanasi,2021-10-03,18:03:02,RuPay,Target,Success,no
TX9440043,U1326,8229342177366535,1521.14,Delhi,2021-05-29,23:28:21,American Express,Target,Success,no
TX9146564,U9078,1404794798786955,1193.69,Mumbai,2022-06-05,15:39:34,MasterCard,ExxonMobil,Failed,no
TX5400532,U9510,3929040817464909,198.85,Chennai,2021-04-29,08:02:06,RuPay,Target,Success,no
TX6578538,U1984,0331556026102330,698.88,Shillong,2024-04-07,04:23:33,Visa,Starbucks,Success,no
TX6645300,U1661,7083591212550900,751.61,Kolkata,2021-07-27,20:45:47,Visa,ExxonMobil,Success,no
TX9516387,U208,2227667516472046,286.54,Bangalore,2021-03-07,17:41:41,Diners Club,Flipkart,Success,no
TX6432658,U8428,2871866053837215,1379.48,Chennai,2025-06-25,20:19:13,Diners Club,Amazon,Success,no
TX2307045,U3146,0655621887822537,159.66,Shillong,2021-11-25,05:22:38,RuPay,Target,Success,yes
TX3604038,U4539,5318625480036224,108.61,Leh,2018-08-22,01:55:43,MasterCard,Flipkart,Success,yes
TX5459589,U138,3882551574738067,1433.81,Jaipur,2024-01-03,14:24:13,Diners Club,Starbucks,Success,no
TX4810038,U7344,1969490392579398,1188.34,Chennai,2022-11-17,05:11:18,American Express,Flipkart,Success,no
TX1116568,U9159,2445685114214174,1956.14,Shillong,2023-02-22,16:12:32,MasterCard,Starbucks,Success,no
TX7703220,U1480,1562345815014727,262.81,Udaipur,2020-12-09,07:37:18,Visa,Flipkart,Success,yes
TX3903229,U6021,3115649722096966,1990.9,Leh,2022-02-19,01:56:47,American Express,Flipkart,Success,no
TX3353240,U7116,7981342963729493,1031.4,Goa,2025-02-20,19:27:36,MasterCard,Target,Success,yes
TX8497342,U7875,7516419701238005,52.87,Varanasi,2020-07-27,09:34:11,American Express,Walmart,Success,yes
TX1716874,U6855,2775547620377984,1543.28,Udaipur,2023-04-20,05:19:29,RuPay,McDonald's,Success,no
TX2934349,U2410,6300924233809752,1784.48,Goa,2020-10-01,07:22:03,MasterCard,Target,Success,yes
TX8829538,U458,7023661846998568,1014.72,Hyderabad,2018-07-10,00:55:09,Visa,Shell,Failed,no
TX4310911,U3166,4623481245712740,675.64,Hyderabad,2023-02-05,21:41:08,Diners Club,Best Buy,Success,no
TX1023024,U5355,1643238876336487,1287.24,Darjeeling,2021-04-28,19:01:17,Visa,Amazon,Success,no
TX3885203,U706,7825442079414246,958.95,Goa,2024-04-15,18:52:06,MasterCard,Shell,Success,yes
TX6943286,U98,5937961724622202,1611.43,Mumbai,2024-10-21,14:30:20,RuPay,Best Buy,Success,yes
TX1025682,U9367,2993411142826004,1605.54,Chennai,2018-01-07,23:30:59,MasterCard,Walmart,Success,no
TX2395834,U8476,3548372029139465,837.6,Mysore,2024-05-26,13:48:42,RuPay,Starbucks,Success,no
TX8796201,U3059,7080185986775891,421.83,Jaipur,2019-12-02,16:21:02,Diners Club,Starbucks,Success,no
TX5843839,U1913,8739319936355233,102.88,Jaipur,2023-07-11,20:22:43,Visa,Shell,Success,no
TX8524533,U7600,4523174822963685,30.02,Mysore,2022-01-06,23:49:27,American Express,Amazon,Success,no
TX7681839,U8973,0570988535241346,1930.98,Bangalore,2020-08-24,14:36:10,American Express,Best Buy,Success,no
TX6463177,U9778,9300848804547781,36.7,Bangalore,2021-08-09,16:39:55,American Express,Best Buy,Success,no
TX6959395,U4231,0564650858820436,851.31,Mandya,2024-08-01,11:05:13,Diners Club,ExxonMobil,Success,no
TX9611399,U7049,4347837408177888,384.19,Shillong,2023-10-24,06:56:05,American Express,Apple Store,Success,no
TX6724161,U804,9118729235621687,1036.79,Mysore,2019-04-18,01:27:56,Visa,Walmart,Failed,no
TX4929132,U9669,6777461500710062,1460.59,Jaipur,2024-03-09,23:58:14,Visa,Flipkart,Failed,no
TX7728172,U6451,9535126003311129,1270.85,Hyderabad,2024-05-30,14:31:12,Visa,ExxonMobil,Success,no
TX5463455,U2155,3697520487968332,1548.19,Mysore,2022-02-22,14:36:22,RuPay,McDonald's,Failed,no
TX3108130,U9771,7576298861456030,1804.09,Jaipur,2022-08-27,16:47:17,Visa,Target,Success,yes
TX8805894,U9565,3049390370598569,1091.25,Shillong,2019-11-28,09:02:33,Diners Club,Walmart,Success,no
TX6605490,U4109,1356730352251106,1984.21,Delhi,2022-10-04,03:57:02,Visa,Best Buy,Success,no
TX2060033,U9735,8966161045002003,569.29,Leh,2018-05-23,16:07:09,RuPay,ExxonMobil,Success,no
TX4626350,U2436,3980139106244025,1767.92,Delhi,2019-12-07,04:19:31,MasterCard,Flipkart,Success,no
TX6169169,U1510,2524461056042930,1455.66,Jaipur,2023-02-22,08:13:57,Diners Club,McDonald's,Success,no
TX6359486,U7360,4946647854535026,1284.76,Kochi,2020-01-24,21:57:11,RuPay,Target,Failed,no
TX9522157,U3495,2094206501595212,352.53,Shillong,2022-06-13,04:09:34,MasterCard,Shell,Success,yes
TX9599411,U8303,6191596691568750,1898.25,Delhi,2018-11-02,07:42:46,Visa,Target,Success,no
TX5553145,U3690,9708817438807562,219.42,Shillong,2020-08-06,21:58:40,RuPay,ExxonMobil,Success,no
TX6091298,U761,6142433280328146,671.81,Leh,2023-01-16,19:15:41,Visa,Amazon,Success,no
TX8002277,U8416,3515230194026475,478.53,Mysore,2024-09-13,13:02:57,RuPay,Walmart,Success,no
TX3583541,U8126,5721471491307791,303.32,Chennai,2023-03-18,06:22:02,RuPay,Flipkart,Success,no
TX6605386,U9268,4389030482033182,884.86,Hyderabad,2021-11-19,02:42:04,Visa,Best Buy,Success,no
TX8734727,U5034,1808928225842623,1288.72,Delhi,2019-08-07,15:31:21,RuPay,Starbucks,Success,yes
TX7352479,U590,8772881644984779,995.28,Varanasi,2018-09-04,16:19:22,American Express,Apple Store,Success,yes
TX8919357,U6242,6591533775294828,386.5,Jaipur,2020-09-05,17:02:17,Visa,Best Buy,Success,no
TX1542800,U4790,0880706870722078,1077.41,Jaipur,2021-05-16,11:36:08,MasterCard,Shell,Success,no
TX3468386,U7815,5330373263202712,337.14,Shillong,2018-12-04,14:18:01,American Express,McDonald's,Success,no
TX3313417,U7024,3351050947325145,1430.05,Mysore,2021-07-05,16:16:28,Visa,Best Buy,Success,no
TX1656400,U548,0503994380097202,466.41,Jaipur,2024-01-08,19:00:48,RuPay,Shell,Success,no
TX5128366,U3069,2159216911194897,133.44,Goa,2018-07-02,03:15:58,RuPay,Walmart,Success,yes
TX3401621,U4569,6503991373446689,1925.51,Mumbai,2018-01-31,12:27:32,American Express,McDonald's,Success,yes
TX8470402,U7922,3215994920454973,871.66,Udaipur,2018-08-21,06:51:01,RuPay,Best Buy,Success,no
TX6152764,U6042,6409990736757204,820.02,Kolkata,2020-05-23,03:35:45,Visa,McDonald's,Success,no
TX5785900,U5559,5991177790145385,263.97,Darjeeling,2019-08-31,23:24:43,American Express,Flipkart,Success,no
TX7985530,U9381,7376818923600741,1072.22,Kochi,2025-04-01,08:28:04,Visa,Shell,Success,no
TX1649006,U8200,2468894102420424,353.31,Chennai,2025-06-04,10:16:34,RuPay,Amazon,Success,no
TX5845229,U673,2191704516645482,76.31,Mumbai,2022-12-01,02:36:20,Visa,Starbucks,Success,no
TX8041311,U3881,8376844839472527,1572.5,Kochi,2024-12-22,03:45:12,American Express,Walmart,Success,no
TX4633851,U3450,0351856458264150,1450.93,Jaipur,2022-10-04,15:08:25,American Express,ExxonMobil,Success,no
TX3215701,U8107,6985639005820055,69.96,Jaipur,2024-06-21,03:36:58,MasterCard,McDonald's,Success,no
TX7083755,U3363,7356462608372353,1835.01,Mysore,2018-12-31,03:59:15,MasterCard,Apple Store,Success,no
TX5534618,U5512,1433703701532703,347.72,Jaipur,2025-04-16,10:23:09,Visa,Target,Success,no
TX6023306,U6914,2660370264660136,852.26,Mandya,2018-03-24,16:11:52,Diners Club,Amazon,Failed,no
TX1605944,U5057,1847755256185993,1567.72,Chennai,2022-03-02,00:39:41,RuPay,Walmart,Success,no
TX5761526,U8183,2891136425316364,512.19,Mandya,2024-06-17,21:02:54,Diners Club,Target,Success,no
TX6843376,U7985,6159288447868214,1457.87,Goa,2018-07-16,01:32:46,MasterCard,McDonald's,Success,yes
TX6931614,U7020,1454843490344807,334.32,Mysore,2025-03-26,23:34:09,RuPay,Shell,Success,no
TX8658548,U2527,1262027449018604,773.57,Mandya,2023-06-19,22:16:50,Visa,Starbucks,Success,no
TX9973888,U6152,0776706601345308,144.56,Goa,2024-07-26,01:58:20,Visa,Starbucks,Success,no
TX9836742,U7067,5954702290534222,744.36,Mysore,2023-03-06,03:30:52,RuPay,Starbucks,Success,no
TX3993508,U4908,5958850231473709,936.1,Hyderabad,2020-07-19,19:34:48,MasterCard,Best Buy,Success,no
TX1122761,U2750,3203116101020855,1517.36,Leh,2025-05-28,14:08:26,MasterCard,Walmart,Success,no
TX5651456,U4458,8717149440210693,1038.04,Bangalore,2021-06-07,11:59:57,American Express,Target,Success,no
TX2443335,U5462,7638031857882601,642.1,Goa,2025-01-31,14:14:27,MasterCard,Best Buy,Failed,no
TX4090467,U9850,6416564255159459,586.26,Mysore,2021-12-30,09:26:22,Diners Club,Target,Success,no
TX5170382,U1976,2344579622018133,395.4,Darjeeling,2022-04-07,17:00:54,RuPay,Best Buy,Success,no
TX2175752,U5701,0157546747549914,1893.19,Kochi,2020-05-26,18:58:19,Visa,ExxonMobil,Success,no
TX5199708,U8948,1689329956483800,410.97,Chennai,2020-08-09,19:50:00,MasterCard,McDonald's,Success,no
TX3130741,U6316,1066963712914142,1299.75,Chennai,2021-10-21,10:33:31,RuPay,Best Buy,Success,yes
TX3416006,U6778,1191451370223183,1154.31,Leh,2019-04-05,10:38:13,Diners Club,Walmart,Failed,no
TX2831027,U8565,2441365519948341,447.97,Darjeeling,2024-06-04,01:50:46,RuPay,Best Buy,Failed,yes
TX3763817,U2904,5794245579787866,1810.19,Darjeeling,2019-09-25,12:29:06,MasterCard,Apple Store,Success,no
TX6966561,U4399,2610175394839515,754.98,Kochi,2019-11-12,07:00:43,American Express,Best Buy,Success,no
TX3674581,U8158,0489937352378575,522.57,Mysore,2023-10-12,08:08:45,Visa,McDonald's,Failed,no
TX7084706,U9490,3489882745012054,128.78,Jaipur,2020-09-06,07:30:46,Diners Club,ExxonMobil,Success,no
TX8086710,U3815,8110304969783256,79.71,Mumbai,2024-08-09,19:23:42,Diners Club,Shell,Success,no
TX3941670,U4625,8072966207317294,774.75,Kolkata,2021-05-10,14:28:54,Visa,Target,Success,yes
TX9896560,U7644,1160144662935197,1386.57,Mumbai,2021-01-13,01:03:46,MasterCard,ExxonMobil,Success,no
TX8999952,U1287,8470782628338540,540.05,Mysore,2020-03-09,23:45:35,American Express,ExxonMobil,Success,no
TX4820315,U8524,2931237397545136,1132.04,Kolkata,2021-10-21,11:22:08,American Express,Target,Success,no
TX8411291,U8139,3911559632938892,956.89,Kolkata,2022-07-12,15:57:21,Visa,Shell,Success,no
TX4400765,U9940,6429043286726521,1247.93,Kolkata,2021-09-16,05:43:04,RuPay,Flipkart,Success,no
TX4627090,U6108,8155826227653094,1521.32,Bangalore,2023-03-23,03:37:36,Visa,Walmart,Success,no
TX4735925,U7360,7727249636637448,1955.78,Shillong,2018-10-14,22:09:09,MasterCard,Apple Store,Success,no
TX4303821,U6672,0743366973146137,1979.31,Goa,2020-11-19,08:40:16,American Express,Shell,Success,no
TX4914305,U2680,3405523909981346,1683.31,Varanasi,2023-01-17,02:42:14,MasterCard,Amazon,Success,no
TX8045935,U6430,9522123997855000,792.53,Chennai,2020-05-16,02:26:32,MasterCard,Apple Store,Success,yes
TX7447039,U666,1277383282116450,1032.84,Jaipur,2018-09-19,00:44:12,Diners Club,Shell,Success,no
TX9411969,U2257,8500041987098272,927.58,Chennai,2019-01-20,02:12:47,Diners Club,Walmart,Success,yes
TX9037574,U742,7435016626855997,345.48,Mumbai,2021-11-18,13:20:29,MasterCard,Target,Failed,no
TX9987016,U1024,6930285086593778,503.12,Mandya,2025-05-13,09:01:30,American Express,Target,Success,no
TX3987951,U9678,2241971068167095,1998.78,Bangalore,2022-04-26,17:35:58,Diners Club,McDonald's,Success,no
TX8002994,U7547,5825685281835658,1904.09,Mumbai,2024-11-30,02:48:18,Visa,ExxonMobil,Success,no
TX9149334,U8355,1363239354063730,168.31,Kolkata,2020-01-19,18:52:28,American Express,Shell,Success,no
TX6275866,U3118,3901258688984184,1853.73,Kolkata,2021-06-09,14:53:57,American Express,Shell,Failed,no
TX8103750,U9616,1693533342577273,1708.07,Shillong,2021-03-29,02:08:48,Diners Club,Target,Failed,no
TX8282311,U4179,8489220695140828,1557.56,Delhi,2019-06-02,09:28:02,Visa,Walmart,Success,no
TX5183468,U5037,2186373938767795,1232.69,Bangalore,2019-11-25,14:11:59,American Express,Apple Store,Success,no
TX7149791,U2906,8151810813107024,1393.75,Shillong,2018-11-18,03:36:56,RuPay,Target,Success,yes
TX5296165,U8061,6646754411712362,1307.86,Kochi,2021-03-05,06:04:58,Diners Club,Shell,Success,no
TX8181670,U5304,8296649475900363,1146.18,Kolkata,2018-10-15,09:06:34,Diners Club,Apple Store,Success,no
TX7540622,U6739,6877993594237795,665.79,Kolkata,2023-01-14,08:17:23,Visa,Best Buy,Success,no
TX8515827,U8554,5671671310394677,689.99,Varanasi,2021-05-13,18:12:55,RuPay,Walmart,Success,yes
TX1333994,U8798,9348079771999358,460.64,Leh,2023-12-17,05:55:25,MasterCard,Starbucks,Failed,no
TX8572031,U2275,7965579966419319,125.17,Mandya,2021-04-29,06:49:59,American Express,Starbucks,Success,no
TX4649204,U3987,9853711823594562,394.87,Delhi,2020-11-12,09:57:51,RuPay,Shell,Success,no
TX9217598,U6553,1292821433078279,989.46,Hyderabad,2022-02-14,10:51:14,Visa,Best Buy,Failed,no
TX4631645,U6210,4860465997557336,1480.82,Mumbai,2021-01-18,08:21:13,RuPay,McDonald's,Failed,no
TX4638054,U1218,4670929956828509,1724.27,Chennai,2019-11-26,12:14:12,American Express,Amazon,Success,yes
TX5193193,U3926,0871295220149640,1679.15,Darjeeling,2024-03-18,06:11:55,American Express,McDonald's,Success,no
TX6562333,U1207,5994389718263111,314.57,Kochi,2022-09-01,20:32:59,RuPay,ExxonMobil,Success,no
TX8446297,U6027,3693554164436947,699.45,Hyderabad,2018-10-07,16:05:56,Visa,Starbucks,Success,no
TX6949353,U529,1718580777653391,557.04,Mumbai,2024-07-26,00:30:42,RuPay,Best Buy,Failed,no
TX1071746,U9197,3310702572212530,158.02,Mumbai,2022-05-29,16:04:50,Visa,Target,Success,yes
TX9893893,U3954,6081066095994949,1816.7,Leh,2024-10-20,14:17:42,Visa,Amazon,Success,no
TX5741032,U3826,3971302235779556,1310.48,Kochi,2018-05-28,00:42:35,American Express,Amazon,Success,no
TX4292619,U9132,1270479739326859,1800.53,Hyderabad,2020-03-11,11:47:00,MasterCard,Walmart,Success,no
TX6538610,U5282,6951946040261581,913.36,Hyderabad,2020-04-24,21:01:18,Diners Club,Starbucks,Success,no
TX6874014,U8512,0244640163513526,404.38,Mandya,2021-07-09,01:22:51,Diners Club,McDonald's,Success,no
TX6759574,U9883,6319739384111310,791.47,Delhi,2024-03-23,12:54:31,Diners Club,Amazon,Failed,no
TX1632778,U365,6425519142421252,1561.09,Goa,2018-11-20,18:58:46,MasterCard,Apple Store,Failed,no
TX5547110,U4304,7957194325618282,1472.75,Bangalore,2020-10-29,05:10:12,Diners Club,Target,Success,no
TX7437142,U9136,4078646491130996,1263.37,Varanasi,2019-12-12,22:26:50,Diners Club,Shell,Failed,no
TX9057881,U1422,5488339612543726,431.44,Kolkata,2019-12-04,10:48:05,Visa,Flipkart,Success,no
TX9904557,U9760,5650324897334519,1935.05,Mumbai,2022-03-20,12:43:34,MasterCard,Best Buy,Success,no
TX7641023,U8755,1429562456946470,1908.71,Bangalore,2019-09-03,08:44:39,Visa,Amazon,Success,no
TX3313956,U8647,1014182770805235,1625.18,Mandya,2018-05-23,08:13:48,MasterCard,Amazon,Success,no
TX3341318,U1444,7405671622456119,915.59,Jaipur,2021-12-14,23:15:45,MasterCard,Walmart,Success,yes
TX5012153,U8680,6287034689632224,374.26,Delhi,2021-09-15,07:02:43,American Express,Target,Success,no
TX2474503,U7169,5195597185553062,150.6,Varanasi,2018-10-16,02:15:16,RuPay,ExxonMobil,Success,no
TX1063091,U2158,7340558223135935,1352.41,Bangalore,2021-01-28,14:12:05,American Express,Apple Store,Success,no
TX8047917,U3256,1439548792762235,1816.13,Mandya,2022-03-23,04:51:44,MasterCard,Best Buy,Success,no
TX3904766,U6090,8240332010142350,429.85,Darjeeling,2019-11-28,19:44:34,American Express,Walmart,Success,no
TX8081227,U2900,5480380473426741,252.78,Delhi,2020-08-17,02:17:03,American Express,McDonald's,Success,no
TX4606245,U6691,2039128519992932,715.49,Leh,2021-10-30,13:42:08,RuPay,Target,Failed,no
TX1923669,U4883,4478324989894549,1713.03,Udaipur,2019-04-06,08:03:42,Diners Club,ExxonMobil,Success,no
TX3606266,U8571,6924869187961496,1461.28,Chennai,2021-03-25,12:36:54,Diners Club,ExxonMobil,Success,no
TX2650062,U4528,7706021699249939,1918,Goa,2024-07-06,12:01:44,American Express,McDonald's,Success,no
TX5970714,U904,2587585636561450,427.16,Shillong,2018-02-08,12:30:45,American Express,Amazon,Success,no
TX3452808,U8160,4720716463331576,1077.03,Goa,2019-08-22,08:43:24,RuPay,Apple Store,Success,yes
TX4698701,U5951,8834555935267145,1371.34,Shillong,2024-09-20,20:44:59,MasterCard,ExxonMobil,Success,no
TX1417593,U6501,1478121138811912,76.49,Kolkata,2019-04-28,23:20:47,RuPay,Amazon,Success,no
TX7895638,U5630,2549978565961538,1337.55,Kolkata,2019-05-14,20:47:52,Diners Club,ExxonMobil,Success,no
TX8593253,U1516,2393919822413742,753.4,Varanasi,2021-12-05,14:06:01,American Express,Walmart,Success,no
TX8009217,U2800,7297205370723954,1653.14,Jaipur,2020-09-20,07:51:11,American Express,Shell,Success,yes
TX9085532,U5540,1845039541202168,1444.01,Mumbai,2021-01-18,03:52:48,Visa,McDonald's,Success,no
TX1304249,U6481,8963330739991452,39.22,Hyderabad,2023-02-25,05:55:51,RuPay,Best Buy,Success,no
TX6656940,U2627,5270119039668746,549.71,Chennai,2023-03-02,03:57:10,RuPay,Flipkart,Success,yes
TX2341180,U7677,8293536438051508,284.1,Mysore,2021-01-15,15:16:25,Diners Club,Walmart,Success,no
TX8880716,U38,7640782836712868,1321.24,Chennai,2021-08-12,21:11:57,Visa,Starbucks,Success,no
TX9439206,U2335,9992760562868294,583.51,Shillong,2018-12-08,23:28:21,RuPay,ExxonMobil,Success,no
TX8339381,U5319,0842283851190442,1899.67,Leh,2025-01-08,15:25:38,Diners Club,Shell,Success,yes
TX7550494,U589,5673171071574203,359.95,Kochi,2018-10-25,04:14:44,American Express,Shell,Failed,no
TX5534330,U6336,8324762521675768,847.63,Shillong,2022-11-17,14:11:58,Visa,Flipkart,Failed,no
TX4281029,U6545,2499178247546994,810.55,Bangalore,2018-09-24,02:25:10,MasterCard,Starbucks,Success,no
TX4615864,U9585,0175636845085408,760.88,Kochi,2019-07-03,18:25:54,MasterCard,McDonald's,Success,no
TX8773550,U6467,5820940120972930,139.12,Kochi,2024-03-12,01:28:22,American Express,Target,Success,no
TX1337860,U7024,9902095873327271,606.12,Varanasi,2022-02-08,07:57:52,Visa,McDonald's,Success,no
TX6032713,U1352,8374307542793519,222.13,Chennai,2020-04-20,20:09:30,American Express,Shell,Success,no
TX8655110,U479,0561095892453398,644.22,Shillong,2020-05-29,16:29:27,Diners Club,Apple Store,Failed,no
TX8887626,U898,4501481317502583,734.1,Bangalore,2022-03-18,18:40:02,RuPay,Amazon,Success,no
TX5775800,U6849,4374276375272429,1203.77,Mumbai,2021-09-22,14:20:58,MasterCard,Shell,Success,no
TX5011706,U3673,4362921174293861,679.7,Darjeeling,2023-05-10,07:25:09,Visa,Apple Store,Success,no
TX2875942,U9076,6990353737768264,737.23,Goa,2025-01-28,04:11:55,Diners Club,Amazon,Success,no
TX9206182,U1247,8643383214228641,37.91,Darjeeling,2025-04-27,08:54:15,RuPay,Shell,Success,yes
TX3632984,U1681,2806172687367419,1548.59,Darjeeling,2020-02-23,02:51:17,American Express,Shell,Success,no
TX6074796,U4950,8766823301621485,738.04,Bangalore,2022-05-11,04:08:16,RuPay,Target,Success,no
TX2876413,U6312,9444889509895238,599.42,Varanasi,2023-06-22,12:35:12,RuPay,Best Buy,Success,no
TX8007231,U366,7996777564902389,1985.4,Delhi,2024-06-30,15:12:38,MasterCard,ExxonMobil,Success,no
TX9409620,U5721,6510604336144684,1594.86,Shillong,2019-11-10,05:20:33,MasterCard,ExxonMobil,Success,no
TX5411718,U1349,3803627681389137,1020.5,Mandya,2018-09-15,01:35:25,Diners Club,Shell,Success,no
TX9912144,U9354,0107339016323219,187.5,Udaipur,2025-05-28,10:35:53,Diners Club,ExxonMobil,Success,no
TX4137880,U7221,2410958490454227,1528.04,Darjeeling,2020-08-28,19:54:00,Diners Club,Best Buy,Success,no
TX4617131,U4486,1122393974861699,1881.64,Leh,2023-03-07,00:32:01,RuPay,Target,Success,no
TX4520241,U5901,8939403274776616,1300.34,Kolkata,2023-07-06,14:41:58,MasterCard,Apple Store,Success,no
TX8895506,U4502,8504902552231385,542.84,Goa,2018-05-08,10:22:04,RuPay,Starbucks,Success,no
TX6418898,U6252,5051198335906124,1116.12,Leh,2020-05-17,21:14:47,Diners Club,Starbucks,Success,no
TX3130780,U3896,1066852557012960,1486.95,Jaipur,2022-05-10,14:09:12,Diners Club,ExxonMobil,Success,yes
TX7510893,U3748,8703893814867467,621.85,Darjeeling,2020-01-05,20:44:01,RuPay,ExxonMobil,Success,no
TX7208321,U2650,2283061725019466,626.04,Chennai,2020-03-17,03:32:51,RuPay,Shell,Success,no
TX4528395,U1249,7412652427625362,1363.25,Varanasi,2020-12-24,08:48:42,RuPay,Flipkart,Success,no
TX8705450,U1073,7877150940910530,1055.63,Goa,2021-07-28,17:02:36,Diners Club,Best Buy,Success,no
TX9083962,U5458,7525494404419454,1645.63,Chennai,2020-10-01,09:41:24,Visa,Amazon,Failed,no
TX8109686,U2672,6193646907915819,1679.2,Delhi,2019-08-31,21:21:21,Visa,Amazon,Success,no
TX2549270,U9181,4602550185043342,1852.46,Hyderabad,2025-06-26,03:10:30,RuPay,Apple Store,Success,yes
TX5935428,U9791,8220550213292991,1001.69,Delhi,2022-11-16,04:29:46,MasterCard,McDonald's,Success,no
TX3064801,U7407,0401801843925107,1612.47,Goa,2021-11-13,15:32:37,American Express,Shell,Failed,no
TX3277325,U3873,4820391267608256,54.03,Leh,2018-05-18,09:18:23,Visa,Amazon,Success,no
TX3311204,U1435,7385604989960606,582.31,Jaipur,2022-09-25,03:49:34,Diners Club,Flipkart,Success,no
TX6074014,U2860,2926455016433751,664.22,Goa,2018-12-17,07:06:21,Visa,Starbucks,Success,no
TX4535783,U396,6428626661784130,325.08,Goa,2023-08-30,12:53:53,MasterCard,Target,Success,no
TX8034096,U5066,9380002817717879,809.36,Leh,2022-12-15,02:55:49,MasterCard,Walmart,Success,no
TX7990649,U4780,6301253497397895,1602.04,Leh,2023-06-16,10:25:57,American Express,Shell,Success,no
TX7108737,U7359,1685365904904716,121.34,Hyderabad,2021-10-13,02:28:34,Diners Club,Starbucks,Success,no
TX2706281,U7773,1123419489357434,1000.12,Shillong,2020-07-28,04:44:38,American Express,Best Buy,Failed,no
TX7739600,U3007,2779570151996667,1787.26,Mandya,2020-01-28,13:34:49,Diners Club,Walmart,Success,no
TX5578255,U3520,7181696337112324,1989.62,Darjeeling,2023-11-12,10:34:12,Visa,Target,Success,no
TX3565064,U164,7303888251168801,232.76,Jaipur,2020-09-23,15:54:49,American Express,McDonald's,Success,no
TX5561107,U7639,3749689830001741,1460.93,Goa,2024-06-01,19:59:35,American Express,Flipkart,Failed,no
TX4972918,U9307,4692417421122689,1929.18,Mandya,2025-02-03,05:32:14,Diners Club,McDonald's,Failed,no
TX9421263,U7018,5816195841593772,1369.49,Mumbai,2024-05-14,08:08:35,RuPay,Starbucks,Failed,no
TX1355315,U1530,9408384083063621,1227.18,Kolkata,2022-01-25,11:56:05,MasterCard,McDonald's,Failed,no
TX8740422,U5042,3952505232340065,860.31,Darjeeling,2021-05-08,21:59:47,MasterCard,McDonald's,Success,yes
TX4883434,U6530,8216729945624935,809.76,Mandya,2023-04-14,08:38:04,MasterCard,ExxonMobil,Success,no
TX4737959,U7808,6661476921752015,110.81,Udaipur,2024-12-12,07:01:40,MasterCard,Best Buy,Success,no
TX2758909,U504,6539711515827046,1629.8,Jaipur,2020-09-10,13:27:43,Visa,Shell,Success,no
TX8736944,U5087,5727682675786673,302.69,Kolkata,2020-07-09,16:54:52,Visa,Walmart,Success,no
TX7100892,U866,8019734208873487,787.84,Shillong,2018-02-08,16:05:24,MasterCard,Starbucks,Success,yes
TX2095372,U5816,2162009117671644,1081.51,Leh,2020-02-01,21:56:01,American Express,Flipkart,Success,no
TX3449661,U3298,7327699661645218,1395.31,Jaipur,2020-03-12,17:37:06,RuPay,Apple Store,Success,no
TX6228888,U3798,6342841328885360,761.36,Leh,2020-12-21,11:55:49,RuPay,Starbucks,Success,yes
TX2865399,U2895,0762301691737637,732.64,Mysore,2021-10-23,21:17:34,Visa,ExxonMobil,Failed,no
TX5284328,U6439,0296589910795935,1320.84,Hyderabad,2020-12-24,02:40:51,MasterCard,Shell,Success,no
TX2002785,U6598,8337637820683642,790.82,Mysore,2019-01-09,07:43:42,Diners Club,Best Buy,Success,no
TX5733323,U8561,3095159871290944,1960.84,Leh,2023-09-26,21:33:37,MasterCard,Shell,Success,no
TX6761999,U5125,5336178604920326,1370.92,Udaipur,2022-06-12,10:14:04,American Express,Target,Failed,no
TX4762139,U6198,7060308398137344,73.59,Bangalore,2021-06-26,16:21:00,RuPay,Walmart,Success,no
TX3617712,U7855,0394390605380911,1009.29,Mumbai,2021-09-26,09:02:18,RuPay,ExxonMobil,Failed,no
TX3556921,U5510,5282025541823110,1916.51,Mandya,2020-03-22,09:22:22,RuPay,Best Buy,Success,no
TX6929665,U4005,1748140007044226,46.54,Shillong,2018-10-29,17:27:01,RuPay,Best Buy,Failed,no
TX8291995,U1878,1373051957809094,116.05,Mandya,2019-06-12,01:18:05,Visa,Target,Success,yes
TX3899646,U3885,4165735682771112,51.15,Mandya,2023-01-02,00:07:07,American Express,Flipkart,Failed,no
TX7857143,U6556,1749570824256947,1058.26,Goa,2020-06-29,06:41:39,Visa,Apple Store,Success,yes
TX6916510,U8848,6782265723233594,265.91,Goa,2023-09-03,08:58:36,American Express,Starbucks,Success,yes
TX7546675,U9105,1351738402369875,1576.79,Varanasi,2024-04-13,02:39:34,RuPay,McDonald's,Success,no
TX5671362,U2950,4648423029441937,552.78,Kolkata,2021-09-25,09:36:33,Diners Club,Apple Store,Success,no
TX5848970,U3996,8464878368609287,537.77,Shillong,2021-01-25,11:15:42,MasterCard,Best Buy,Success,no
TX9592984,U6031,7956384785011231,472.81,Mandya,2023-08-15,10:57:27,Diners Club,Walmart,Success,no
TX7170648,U9126,6093727302826488,1111.02,Bangalore,2018-10-16,07:50:42,RuPay,Walmart,Failed,yes
TX6747821,U10,1240146815007599,1913.62,Leh,2018-01-23,20:06:08,Diners Club,Target,Success,no
TX3358257,U856,1794568582729714,1324.71,Mysore,2020-09-10,00:09:46,RuPay,Target,Success,no
TX1544936,U5417,8725366423083728,372.53,Bangalore,2023-05-05,05:49:00,American Express,Target,Success,no
TX2748299,U7897,1721507578480889,1956.39,Bangalore,2018-11-17,18:55:34,Visa,ExxonMobil,Success,no
TX4455820,U7682,1361990821132000,576.78,Goa,2022-06-08,05:19:53,Visa,Best Buy,Success,no
TX7855929,U6342,1536624311084157,538.7,Chennai,2024-02-04,01:30:18,Visa,Starbucks,Success,yes
TX6352243,U4739,7362399685239155,199.2,Shillong,2020-08-15,02:09:51,Visa,Best Buy,Failed,no
TX2978367,U8215,8605939380549791,1391.67,Varanasi,2020-04-22,00:51:32,American Express,Target,Success,no
TX8281123,U6862,1043879207581412,1095.7,Jaipur,2019-01-10,04:09:56,Diners Club,Amazon,Success,no
TX4525321,U1536,2096277978518648,728.67,Chennai,2024-10-31,02:04:25,MasterCard,McDonald's,Success,no
TX6623247,U798,7463582516329415,825.61,Udaipur,2021-03-04,16:54:49,Visa,Shell,Failed,yes
TX1371768,U4690,3705938386918946,633.54,Jaipur,2019-03-19,14:34:16,Visa,McDonald's,Success,no
TX6691780,U6995,8062720815002258,56.05,Mumbai,2022-07-08,07:34:27,Diners Club,ExxonMobil,Success,no
TX5645457,U7946,7502769647130072,1055.36,Kochi,2018-04-02,15:26:59,RuPay,McDonald's,Success,no
TX6734748,U5512,4539997239682162,1809.97,Shillong,2019-12-11,07:42:30,RuPay,Best Buy,Success,no
TX4304893,U8051,5745893230796030,264.93,Chennai,2020-11-30,07:07:38,MasterCard,ExxonMobil,Success,no
TX9282124,U4571,5977581857965854,1169.6,Mandya,2024-12-21,11:09:48,RuPay,Target,Success,no
TX6628823,U3052,1679827900123521,1300.05,Shillong,2019-04-02,00:34:12,Diners Club,Shell,Success,yes
TX2525495,U132,7404893788721308,637.93,Bangalore,2019-12-24,02:49:33,American Express,Shell,Success,no
TX4860514,U3237,3228391593771020,1958.59,Delhi,2023-09-23,13:43:55,Diners Club,ExxonMobil,Success,no
TX7759349,U163,7056025546879789,1539.04,Darjeeling,2022-06-07,14:16:21,Visa,Flipkart,Success,no
TX2616918,U1331,4270652675483342,1494.35,Varanasi,2023-03-24,04:36:26,Diners Club,Amazon,Success,no
TX6377139,U2194,3504972595458166,1666.81,Mumbai,2022-08-12,21:43:58,RuPay,Best Buy,Success,no
TX4890429,U6590,3514110398197087,143.58,Mumbai,2024-04-02,06:10:37,RuPay,Shell,Success,no
TX5483515,U5143,4409537990655266,1334.71,Goa,2022-02-20,02:50:29,American Express,Walmart,Success,no
TX8036247,U7736,0145543463918605,1907.88,Chennai,2023-04-06,22:27:42,RuPay,McDonald's,Success,yes
TX3290563,U3137,8871261772357326,1367.73,Udaipur,2022-11-26,15:43:45,American Express,Best Buy,Failed,no
TX8130171,U4714,4290442131614530,1143.79,Darjeeling,2024-08-23,01:37:29,American Express,Best Buy,Success,no
TX3479264,U6679,7316626658969314,145.46,Bangalore,2019-03-25,14:46:04,American Express,Best Buy,Success,no
TX8871890,U4346,0157297410375504,987.1,Varanasi,2019-05-13,18:46:11,Diners Club,Walmart,Success,no
TX5915039,U9161,8590806259215228,494.04,Jaipur,2022-12-16,02:48:49,MasterCard,Amazon,Failed,yes
TX8840682,U429,3377434763103341,168.66,Goa,2022-12-18,21:59:23,Diners Club,McDonald's,Success,yes
TX9906125,U8620,5682431840653920,699.28,Kochi,2019-10-23,12:20:11,MasterCard,Walmart,Success,no
TX9854826,U3371,5238017489762243,1806.66,Varanasi,2020-04-24,07:25:10,American Express,Starbucks,Success,no
TX1547222,U5089,7891996462362512,1127.72,Mysore,2020-10-04,15:13:13,MasterCard,Walmart,Failed,no
TX3047545,U310,4779312140321767,852.27,Hyderabad,2019-03-20,21:09:51,RuPay,McDonald's,Success,no
TX1265280,U4759,9693964520980539,1432.75,Udaipur,2024-11-28,09:14:57,Visa,ExxonMobil,Success,no
TX6659762,U8999,7939361277727275,43.78,Jaipur,2020-06-28,12:05:02,RuPay,Amazon,Success,yes
TX4976394,U3477,4129477370874582,1787.46,Chennai,2018-09-20,02:51:39,RuPay,Shell,Success,yes
TX1679626,U3682,9765144207479129,1099.54,Darjeeling,2022-11-08,11:49:06,Diners Club,Amazon,Success,yes
TX4635592,U3835,6621984160493125,159.98,Leh,2025-01-09,17:49:47,Visa,McDonald's,Success,no
TX4543401,U6594,4824279470013303,1758.41,Chennai,2024-05-12,10:44:16,Diners Club,ExxonMobil,Success,yes
TX8830351,U7561,1901464969455018,283.57,Kolkata,2022-05-17,06:11:01,American Express,Apple Store,Success,no
TX9764921,U6685,8122079515684470,1438.14,Delhi,2022-11-26,04:39:25,Diners Club,Target,Success,no
TX8085804,U1854,0308188711925833,1079.67,Varanasi,2025-03-08,22:02:35,RuPay,Best Buy,Failed,no
TX6703711,U902,1815145431319639,129.06,Kochi,2020-03-09,00:24:50,RuPay,Walmart,Success,no
TX9124957,U4586,6022938646774592,829.67,Goa,2022-06-09,21:15:36,Visa,McDonald's,Success,no
TX9814995,U6027,3051700676532625,82.71,Mysore,2023-06-08,11:19:56,American Express,Amazon,Success,yes
TX1571644,U7789,9308768910341224,196.99,Mandya,2024-01-03,03:32:19,Visa,Apple Store,Success,no
TX2869210,U7453,5116475526027972,1752.61,Mumbai,2019-04-05,21:21:01,American Express,Flipkart,Success,no
TX5639659,U6645,3749303831333373,856.49,Kolkata,2021-10-02,04:21:32,American Express,Best Buy,Success,no
TX3989774,U3409,2529562370613695,911.31,Leh,2022-04-10,06:58:04,American Express,Starbucks,Success,yes
TX8760766,U9956,0273101442219836,509.13,Mysore,2021-09-22,22:52:16,Visa,Starbucks,Success,no
TX6399288,U8035,5554252290382650,982.41,Leh,2018-04-10,00:47:35,Visa,ExxonMobil,Success,yes
TX7868746,U1143,4362387172451390,992.49,Udaipur,2024-03-19,11:52:11,Diners Club,Apple Store,Failed,no
TX6720797,U5497,0439277473192357,229.91,Kolkata,2018-08-08,00:57:55,RuPay,Starbucks,Failed,yes
TX1190069,U3217,1091097490621620,756.95,Shillong,2022-03-03,05:44:54,Visa,Target,Success,no
TX3161811,U4129,1606508736083385,1443.2,Bangalore,2020-06-07,09:34:28,American Express,Best Buy,Success,no
TX7383760,U446,1510825324805445,1703.85,Delhi,2025-01-08,06:22:54,RuPay,ExxonMobil,Success,no
TX2650014,U4440,1216328609603270,1550.19,Kolkata,2018-04-02,17:41:55,MasterCard,Flipkart,Failed,no
TX7391890,U8534,5417080491981891,1735.14,Kochi,2019-08-31,19:39:27,MasterCard,Walmart,Success,no
TX8118392,U4460,1840151456351791,1142.4,Kochi,2021-12-15,20:07:01,Visa,ExxonMobil,Success,no
TX2992725,U6028,1607103190712167,1609.62,Varanasi,2019-11-26,00:26:08,RuPay,McDonald's,Success,yes
TX2423174,U744,4873513954412045,189.14,Kolkata,2025-04-17,21:38:58,Visa,Best Buy,Success,yes
TX6186745,U7894,1546493960653106,1087.46,Goa,2022-03-29,02:21:02,Visa,Flipkart,Success,no
TX9497339,U1548,0020256652520709,1006.54,Shillong,2019-05-08,12:28:01,Diners Club,Walmart,Success,no
TX7460269,U844,1896053745476025,1198.72,Leh,2020-09-17,12:18:02,MasterCard,ExxonMobil,Success,no
TX5067737,U6044,0377466015860974,1335.39,Mumbai,2022-10-11,16:36:27,MasterCard,Starbucks,Success,no
TX9068653,U3192,1018562998781358,1563.98,Jaipur,2019-10-28,01:32:25,MasterCard,Apple Store,Success,no
TX6429133,U5201,9942620531329555,267.07,Darjeeling,2022-11-11,18:23:09,Visa,Walmart,Success,no
TX6616149,U4807,6020704610424414,547.33,Shillong,2021-04-07,14:28:33,MasterCard,McDonald's,Success,yes
TX3835801,U3640,4237464861053741,97.67,Udaipur,2019-10-06,10:43:05,Diners Club,Apple Store,Success,no
TX1960281,U8713,0111307246444081,1822.97,Bangalore,2023-09-15,23:49:22,RuPay,Starbucks,Success,no
TX4748499,U3862,3732050179553259,638.11,Mumbai,2021-08-07,14:37:18,Diners Club,McDonald's,Success,no
TX1566696,U1579,9615697250484783,489.69,Varanasi,2021-12-08,20:01:33,Visa,Best Buy,Success,no
TX2441191,U5316,7926604833006403,251.98,Darjeeling,2019-10-11,10:45:31,Visa,ExxonMobil,Success,yes
TX9530713,U4901,0095141479795813,385.11,Udaipur,2022-04-19,22:47:53,RuPay,Shell,Success,no
TX4529207,U3767,8311781348306029,1159.58,Darjeeling,2024-12-16,23:20:59,Diners Club,Shell,Success,no
TX1199104,U9718,4504415365449402,1023.84,Shillong,2023-11-10,09:42:59,MasterCard,Apple Store,Success,no
TX7535514,U1462,8821563325559474,1543.01,Mandya,2021-11-28,19:31:12,RuPay,McDonald's,Success,no
TX5744595,U6507,5355162860941288,1375.71,Hyderabad,2024-07-28,17:59:25,RuPay,Starbucks,Success,no
TX9453830,U4773,0675141213039119,1916.55,Darjeeling,2018-07-29,03:01:24,American Express,Apple Store,Success,yes
TX1778413,U5972,3356774064578667,1995.06,Shillong,2018-01-20,17:07:38,Visa,Amazon,Success,no
TX6754437,U3392,7141972820062481,785.59,Kochi,2020-04-08,23:34:01,MasterCard,Shell,Success,no
TX4828087,U5499,5471312371283555,1089.09,Shillong,2021-09-09,01:21:30,RuPay,Starbucks,Success,no
TX1079893,U3333,3158228648118551,1057.08,Delhi,2023-09-23,17:14:32,RuPay,McDonald's,Success,no
TX7235589,U6563,6393216121728145,1947.49,Bangalore,2021-08-21,03:12:20,Diners Club,Best Buy,Success,yes
TX3643528,U9134,7471647439028303,221.74,Leh,2022-11-08,06:49:25,RuPay,Shell,Success,no
TX2759517,U2673,4827247010869493,1072.24,Mandya,2022-05-15,07:42:30,American Express,Flipkart,Success,yes
TX9221870,U1254,8682999942165947,1488.15,Delhi,2019-06-16,09:08:16,American Express,Shell,Success,no
TX1960777,U4004,5232214401428639,331.33,Goa,2021-04-25,22:53:46,MasterCard,McDonald's,Success,no
TX1355977,U6947,1880070083776060,1775.55,Mysore,2019-04-07,06:32:25,Diners Club,Walmart,Success,no
TX8455129,U3212,9471246647853603,372.65,Udaipur,2021-01-22,09:31:59,MasterCard,ExxonMobil,Success,no
TX4845109,U8459,9651493037847258,40.49,Jaipur,2022-01-15,09:19:16,MasterCard,Starbucks,Success,yes
TX5982197,U4234,8977683712541733,1717.17,Chennai,2020-04-13,18:02:42,Diners Club,Best Buy,Success,no
TX7630830,U8074,7761478543001826,382.34,Mandya,2019-12-13,02:27:12,Visa,Shell,Success,no
TX6035087,U6447,8297766150324125,760.91,Darjeeling,2018-02-11,22:18:22,American Express,Target,Success,yes
TX9651176,U6913,1395399061418774,1993.46,Delhi,2018-09-09,11:28:55,RuPay,Best Buy,Success,yes
TX2593362,U9641,0261718324030495,1018.78,Chennai,2023-11-19,23:45:17,Visa,Starbucks,Success,no
TX1160201,U1998,8656703507345216,109.24,Darjeeling,2020-05-21,18:27:55,RuPay,Walmart,Failed,yes
TX5240491,U3321,7136622032944316,1245.59,Delhi,2019-11-06,01:52:34,Diners Club,Shell,Success,no
TX9381397,U6778,7270877646438275,621.57,Delhi,2023-07-27,22:39:45,Visa,Best Buy,Failed,no
TX9642302,U6596,2845012026855712,555.15,Darjeeling,2022-05-09,18:32:27,MasterCard,Walmart,Success,yes
TX2715562,U4594,7768640024006331,49.85,Chennai,2023-06-06,07:48:47,Diners Club,McDonald's,Failed,no
TX2342807,U8620,6888746897178083,1779.89,Mandya,2024-09-13,04:33:17,MasterCard,Amazon,Success,no
TX9614599,U7546,8767833079113150,1296.14,Mumbai,2023-05-06,13:10:06,RuPay,Target,Success,no
TX8967208,U5904,7847520943492762,1772.02,Leh,2018-09-05,15:38:31,Diners Club,ExxonMobil,Failed,no
TX8194372,U2917,7003539165682101,210.54,Darjeeling,2024-10-23,09:45:08,RuPay,Target,Success,no
TX3920325,U9107,3029937396475887,674.77,Chennai,2021-03-25,22:42:51,Diners Club,Best Buy,Success,no
TX4416838,U6087,7070123739250003,788.32,Kolkata,2019-08-08,01:58:03,American Express,Flipkart,Success,yes
TX8473237,U6862,7192059627120757,1429.3,Shillong,2022-06-01,09:48:34,Diners Club,Best Buy,Success,no
TX2289785,U800,2899419053335454,1775.06,Leh,2019-08-13,20:20:29,Visa,Walmart,Success,no
TX5051053,U2945,3680181237997070,254.91,Chennai,2018-12-15,13:10:26,Visa,Shell,Failed,no
TX2620511,U941,8200178965653189,1756.21,Varanasi,2021-01-08,02:27:40,RuPay,Shell,Success,no
TX1662338,U3097,8795194350532595,1551.56,Mandya,2021-01-31,17:28:44,American Express,Shell,Success,yes
TX5177211,U8345,8817048895045124,120.76,Kolkata,2024-04-23,11:08:52,American Express,Shell,Success,no
TX6242075,U1604,3933721930773523,32.84,Mumbai,2018-09-19,10:59:08,RuPay,Flipkart,Success,yes
TX2532287,U5348,2239955800605443,528.93,Darjeeling,2024-01-09,18:51:07,Visa,Best Buy,Success,no
TX9875350,U8053,7383160543582470,1349.04,Kochi,2022-04-14,01:53:53,Visa,Walmart,Success,no
TX3287030,U1980,9579269862081143,1014.05,Hyderabad,2022-12-24,01:11:13,Visa,Starbucks,Success,no
TX4729852,U4933,0904473211770098,299.39,Mysore,2018-08-15,08:52:53,MasterCard,Walmart,Success,no
TX9269850,U2714,6593090370789072,792.17,Darjeeling,2024-11-07,02:54:54,RuPay,Best Buy,Success,yes
TX5556548,U9308,2214058423935561,575.74,Chennai,2023-07-26,22:57:35,RuPay,Amazon,Success,no
TX8627358,U1151,1618960198237572,1043.86,Shillong,2025-04-06,09:17:04,MasterCard,McDonald's,Success,no
TX2154753,U5126,0081487769280887,406.49,Hyderabad,2022-03-01,11:56:05,Diners Club,McDonald's,Success,no
TX5913297,U1290,9692640821970873,1669.45,Kolkata,2023-02-04,09:03:58,RuPay,Apple Store,Success,no
TX7714466,U6860,9867683933818141,1266.15,Kochi,2024-05-20,02:07:33,Visa,Shell,Success,no
TX8978995,U5267,0281015241691381,908.97,Shillong,2025-05-06,14:08:24,American Express,Flipkart,Success,no
TX1504532,U1887,8081413743785454,576.19,Kochi,2023-05-31,03:15:49,Visa,Shell,Success,no
TX1043565,U8496,3464968953193188,1870.79,Kochi,2024-07-02,10:58:08,MasterCard,ExxonMobil,Success,no
TX6139315,U1317,6487547584129272,1358.89,Goa,2018-09-07,08:20:23,RuPay,Starbucks,Success,no
TX8197288,U1532,9389888052453860,428.25,Chennai,2023-07-28,12:02:25,Diners Club,Target,Success,yes
TX3034669,U8272,4465000364957031,1819.79,Mumbai,2022-04-17,20:27:13,RuPay,Starbucks,Failed,no
TX7219175,U8373,1737779652990764,739.77,Kolkata,2022-06-13,11:39:46,Diners Club,McDonald's,Success,no
TX9332336,U6166,4034996654443351,1722.72,Delhi,2020-09-02,01:01:51,MasterCard,Best Buy,Success,no
TX1921258,U6371,8129856582552785,1980.7,Jaipur,2019-11-28,18:48:36,Diners Club,Walmart,Success,no
TX2401171,U8935,1228026319394196,1312.76,Leh,2025-01-08,03:42:42,RuPay,Starbucks,Success,no
TX7481269,U5838,9924361886691182,1209.37,Mandya,2020-12-19,21:02:39,RuPay,Amazon,Success,no
TX8938195,U9345,5435209437534828,1073.85,Chennai,2020-03-08,13:50:59,Visa,Best Buy,Success,no
TX4954386,U3916,1662627739158664,740.45,Hyderabad,2020-05-03,16:07:35,Diners Club,ExxonMobil,Success,no
TX8155757,U6725,0852219085627860,907.69,Goa,2024-09-17,03:59:10,American Express,Flipkart,Failed,no
TX7545320,U5496,0052935420234688,715.94,Mandya,2018-10-11,11:07:15,American Express,Amazon,Success,no
TX1523681,U5801,1658479548021690,918.21,Varanasi,2023-02-25,23:53:39,Diners Club,Shell,Failed,no
TX5761452,U3717,0791750022433461,673.32,Udaipur,2021-10-12,03:53:45,Visa,Shell,Success,no
TX5815105,U97,9944564622582350,282.13,Mysore,2022-07-06,02:29:13,RuPay,Apple Store,Success,no
TX9645160,U3699,0144628657586265,277.67,Delhi,2020-07-06,07:33:20,American Express,Walmart,Success,no
TX8575542,U1002,3298349274902505,1672.68,Udaipur,2024-10-02,04:27:31,Visa,Target,Success,no
TX7144247,U4452,8707921367970276,1699.04,Varanasi,2018-01-29,23:15:43,RuPay,McDonald's,Success,no
TX8005472,U8024,1333778633474452,1762.51,Goa,2021-06-30,19:13:51,American Express,Shell,Success,yes
TX3256929,U2792,4974953919856535,959.57,Chennai,2021-07-23,00:07:18,MasterCard,ExxonMobil,Success,yes
TX1685837,U3323,2918222255258896,771.22,Goa,2021-05-01,02:26:06,Diners Club,Target,Success,yes
TX8656882,U4115,0209505397874137,385.84,Mumbai,2018-03-07,15:18:59,RuPay,Target,Success,no
TX9620911,U8354,9156395176037107,1739,Mumbai,2021-07-21,00:12:06,Visa,Target,Success,no
TX7008975,U6182,5700241989955404,397.46,Mandya,2021-01-03,19:35:48,Visa,Best Buy,Success,no
TX6016309,U7206,5168049610211770,146.19,Chennai,2019-09-07,07:42:53,Diners Club,Shell,Failed,no
TX6104751,U1316,3406775212190347,237.36,Udaipur,2022-02-18,03:35:18,MasterCard,McDonald's,Success,no
TX4795558,U5312,6358008268910155,323.62,Mysore,2020-01-18,05:40:33,American Express,Amazon,Success,no
TX3735377,U856,8864685773352114,1599.11,Darjeeling,2020-08-07,17:29:49,Visa,Amazon,Success,no
TX3987090,U8737,3515016692128180,1770.3,Goa,2022-09-24,12:17:51,American Express,Apple Store,Failed,no
TX8948783,U3960,2144991481949167,1576.6,Kolkata,2024-10-09,16:01:32,RuPay,Apple Store,Success,yes
TX4925606,U2495,8119986733641262,672.74,Jaipur,2022-03-01,13:42:51,Visa,Amazon,Failed,yes
TX4619531,U8061,5615756186988382,1462.19,Darjeeling,2024-09-18,05:57:11,RuPay,McDonald's,Success,no
TX6923104,U7677,5480916949179590,1588.82,Chennai,2023-08-28,13:35:12,Visa,Amazon,Failed,no
TX3374405,U9657,0677425159778700,757.82,Bangalore,2022-08-09,00:10:24,Visa,Walmart,Success,no
TX2592164,U7678,4051279901937952,1802.99,Jaipur,2020-10-14,21:42:21,Diners Club,Best Buy,Failed,no
TX2202384,U9857,7435742807107918,1736.84,Hyderabad,2021-07-08,11:10:58,MasterCard,Target,Success,no
TX6770688,U7657,7367992801082474,491.89,Leh,2020-04-28,19:42:14,MasterCard,Amazon,Success,no
TX7323304,U419,4188753875821130,764.39,Jaipur,2018-12-27,20:17:20,American Express,Amazon,Success,no
TX4100018,U3740,6094855748342732,458.56,Kolkata,2023-08-06,19:31:31,Diners Club,ExxonMobil,Success,no
TX5787884,U431,0545844938888090,609.56,Udaipur,2024-09-12,10:36:37,RuPay,Best Buy,Success,no
TX2336861,U733,8389406122814408,1525.43,Kochi,2018-12-23,20:32:21,Visa,Amazon,Success,no
TX7879663,U7825,6145847029781505,835.51,Goa,2024-03-21,06:23:40,American Express,Starbucks,Failed,no
TX6242191,U4092,0938697233614137,1148.12,Jaipur,2024-10-07,13:30:04,Visa,Amazon,Success,no
TX6391996,U3611,7026481915843070,1494.94,Kolkata,2021-02-17,10:02:23,Diners Club,ExxonMobil,Failed,no
TX8136967,U4755,8706081130032253,1247.1,Kochi,2023-07-20,08:54:01,Diners Club,ExxonMobil,Success,yes
TX1246843,U4018,0491149493960491,97.39,Mysore,2023-08-12,01:58:34,Diners Club,Amazon,Failed,no
TX5097571,U7953,1222940487249960,338.3,Shillong,2024-06-14,05:55:40,Visa,Flipkart,Success,no
TX8968718,U8133,8230367486794663,1725.65,Kochi,2024-02-16,19:35:00,RuPay,Starbucks,Success,no
TX2728268,U8916,9554544182793127,1145.8,Mumbai,2018-10-14,17:01:38,RuPay,Best Buy,Success,no
TX3964417,U618,8572488579644803,1188.27,Leh,2023-07-18,08:24:16,MasterCard,ExxonMobil,Success,no
TX4713168,U9786,6278531645469638,551.97,Goa,2019-04-28,07:16:04,Diners Club,Best Buy,Success,no
TX8945073,U1647,1066184536522639,1532.5,Hyderabad,2025-02-11,05:32:27,RuPay,Shell,Success,no
TX8326885,U798,7958114639631128,1681.25,Udaipur,2021-02-05,10:05:06,American Express,Amazon,Success,no
TX8360491,U5658,4662882125191051,1518.07,Jaipur,2023-03-15,13:37:48,Visa,Target,Success,no
TX1911070,U4247,9962253682826450,1712.87,Goa,2022-05-27,07:33:32,American Express,Target,Success,yes
TX9078745,U1657,5978258465778653,280.64,Chennai,2024-06-27,06:18:53,MasterCard,Flipkart,Success,yes
TX3523201,U6217,9815761624344955,1226.94,Chennai,2022-02-17,02:29:45,Visa,Shell,Success,yes
TX7845333,U395,1637922987577081,1490.74,Bangalore,2019-07-02,06:48:50,RuPay,Flipkart,Success,no
TX7815903,U8799,5104979152345086,1992.61,Leh,2024-06-01,20:08:31,MasterCard,Best Buy,Failed,yes
TX6737849,U2545,1576910860836526,1236.46,Delhi,2023-08-20,07:24:59,Visa,McDonald's,Success,no
TX6967575,U4245,6747289351794174,407.64,Mumbai,2019-08-17,09:55:17,Diners Club,Flipkart,Success,no
TX5581746,U8252,0756059003564354,289.78,Mandya,2018-06-24,20:20:25,RuPay,Walmart,Success,no
TX6745140,U7332,3835632590286469,1535.27,Kochi,2024-12-27,13:39:52,RuPay,Apple Store,Success,no
TX1495667,U5670,7411946634408042,1682.01,Delhi,2023-02-05,07:59:18,RuPay,Target,Success,no
TX3512006,U5597,8179729305334281,1566.8,Jaipur,2021-05-24,00:06:54,MasterCard,Flipkart,Success,no
TX3372158,U4946,7448337490918457,310.9,Varanasi,2019-07-07,21:56:44,Visa,McDonald's,Success,no
TX2373857,U1994,2632558158071690,1781.58,Varanasi,2020-06-21,05:50:16,MasterCard,Best Buy,Success,no
TX8700092,U225,5249404781682773,122.99,Delhi,2023-12-26,04:54:03,American Express,Best Buy,Success,no
TX9519154,U5193,1924150731949616,330.98,Varanasi,2021-03-18,15:15:33,Visa,Walmart,Success,no
TX5121911,U5013,1926058894197632,626.75,Delhi,2025-06-19,14:17:15,Visa,Shell,Success,no
TX4625774,U1646,2073516303165768,1822.39,Chennai,2019-05-30,13:45:46,American Express,Amazon,Success,no
TX6145614,U6083,4740831225292368,109.22,Leh,2019-07-02,15:05:30,American Express,Walmart,Success,no
TX1237895,U8233,5187847258337678,1691.78,Leh,2020-08-07,04:01:56,Diners Club,Amazon,Success,yes
TX1225377,U9333,4137456038859702,1191.37,Kochi,2018-01-12,15:26:33,Visa,Best Buy,Success,no
TX8720322,U1795,8820120282359222,1549.66,Udaipur,2019-01-18,17:33:42,MasterCard,Walmart,Success,yes
TX3898699,U4849,9737042298437348,858.24,Kolkata,2023-07-17,20:20:39,Diners Club,Target,Success,yes
TX7953346,U7832,7819117966071650,575.51,Goa,2020-06-24,13:32:12,RuPay,Target,Success,no
TX8522960,U7564,2612326778765109,732.36,Kolkata,2019-03-09,11:58:45,Diners Club,Target,Success,no
TX2021954,U7716,5211666653596272,93.15,Kolkata,2023-03-04,22:30:23,MasterCard,Starbucks,Failed,yes
TX6966151,U5736,2105139529656526,1547.68,Mumbai,2025-06-20,03:20:23,RuPay,Apple Store,Success,no
TX9794141,U4170,7517850917505353,1247.08,Delhi,2021-12-18,00:32:06,Diners Club,Best Buy,Success,yes
TX4122360,U347,5010952087824973,124.78,Shillong,2021-02-01,17:33:19,Diners Club,Starbucks,Success,no
TX9754017,U9731,7195260378182773,775.59,Kochi,2019-07-27,10:50:57,American Express,Apple Store,Success,no
TX2078036,U9187,3400734568674822,1939.26,Jaipur,2021-05-09,02:42:16,Diners Club,Flipkart,Success,yes
TX7194476,U8267,1201293985364580,1334.89,Kochi,2025-01-03,21:41:54,Diners Club,Flipkart,Success,yes
TX8050067,U6067,1994076299252280,447.46,Leh,2018-09-09,14:37:17,American Express,Flipkart,Success,no
TX7083389,U4680,6803338453003643,1613.76,Varanasi,2024-07-20,17:15:39,RuPay,Shell,Success,no
TX9334218,U4316,2937704461881325,1685.51,Darjeeling,2018-11-22,21:08:16,Visa,Amazon,Success,yes
TX4053428,U3797,5830863670907560,1913.44,Goa,2021-05-02,06:13:17,Visa,Shell,Success,yes
TX3272163,U3705,5802150836558431,1622.02,Delhi,2023-07-09,08:38:08,RuPay,McDonald's,Success,yes
TX3223401,U5737,5200783509600545,442.1,Mysore,2020-01-07,12:37:56,MasterCard,Starbucks,Success,no
TX5129771,U6731,6196053834562047,786.06,Mumbai,2020-01-01,00:47:56,Visa,Amazon,Success,no
TX8971002,U31,4413556935900433,1666.07,Shillong,2025-01-01,09:26:30,Visa,McDonald's,Success,yes
TX4896601,U796,9877364359891405,976.65,Jaipur,2018-05-09,13:42:04,MasterCard,Target,Success,no
TX3847134,U8792,3736767109752512,1667.46,Darjeeling,2019-08-12,20:44:14,Diners Club,McDonald's,Success,no
TX8440066,U3193,2364228468004857,1745.94,Chennai,2025-01-02,07:20:28,Visa,Apple Store,Success,no
TX5098632,U5646,9586431683099887,1887.76,Mysore,2019-12-27,05:54:36,Visa,Target,Success,no
TX2854684,U2432,5918655207310768,328.34,Darjeeling,2025-05-02,18:27:59,Visa,McDonald's,Success,no
TX7705644,U2779,9534732448249548,737.72,Varanasi,2018-09-11,08:57:29,MasterCard,Apple Store,Success,no
TX1103201,U1846,6447418103622232,1190.74,Kochi,2023-05-23,15:20:13,MasterCard,Walmart,Failed,no
TX6155228,U6033,2714079906658184,568.6,Shillong,2020-06-13,11:58:15,MasterCard,ExxonMobil,Success,yes
TX5670193,U4385,6841856541688532,675.28,Mandya,2024-01-20,00:23:46,American Express,Best Buy,Failed,no
TX1008240,U4991,8954861294692734,1635.8,Mandya,2020-07-13,17:48:50,RuPay,Apple Store,Success,no
TX6009775,U9696,3648414577397174,1654.59,Leh,2025-05-24,17:45:49,American Express,Shell,Success,no
TX2599883,U3046,5914334813158505,1360.09,Mumbai,2019-07-05,16:29:31,MasterCard,ExxonMobil,Success,no
TX6972392,U9980,1081173032322854,1716.4,Kochi,2023-10-08,17:14:01,RuPay,Amazon,Success,no
TX2597840,U6084,6837175872803009,465.82,Darjeeling,2022-09-25,10:07:13,MasterCard,Starbucks,Success,yes
TX3811879,U8232,1200554669241336,189.69,Jaipur,2025-06-28,09:32:55,RuPay,ExxonMobil,Success,no
TX7128066,U9021,8962531459546896,668.12,Darjeeling,2018-12-07,04:16:45,Visa,Starbucks,Success,no
TX2381224,U4019,9979706872669224,630.03,Jaipur,2024-01-24,01:05:32,Diners Club,Amazon,Failed,yes
TX5974608,U7843,2584581442124052,951.86,Delhi,2018-06-15,16:01:36,Visa,Apple Store,Success,no
TX8602612,U1369,9212610642774666,1092.16,Jaipur,2024-07-19,12:51:52,American Express,Flipkart,Success,no
TX6945896,U7159,1630257531314563,547.75,Mumbai,2018-01-02,05:35:40,MasterCard,Amazon,Success,no
TX9108809,U2828,3662958991896932,1856.85,Leh,2022-02-14,06:35:25,MasterCard,Amazon,Success,no
TX5395456,U1020,6444867760553987,27.43,Shillong,2024-10-11,00:32:02,Visa,Apple Store,Failed,no
TX4216017,U2513,1453173461280850,793.62,Goa,2024-06-15,14:12:01,Diners Club,Flipkart,Success,no
TX1745441,U9009,6660734828436458,706.23,Bangalore,2020-12-01,03:04:58,MasterCard,ExxonMobil,Success,no
TX7729715,U8813,2004509315949079,1694.09,Delhi,2021-08-26,22:29:52,Diners Club,Walmart,Success,no
TX7129639,U1564,8092563648613040,40.75,Jaipur,2018-06-19,04:56:38,Visa,McDonald's,Success,no
TX5584784,U3495,7886136392106359,172.5,Varanasi,2018-08-24,04:36:28,Visa,Flipkart,Success,no
TX2546703,U9019,5123701126053774,966.19,Mandya,2018-12-19,11:58:57,Diners Club,Apple Store,Failed,no
TX5043434,U3440,4526309977335183,492.16,Jaipur,2021-04-25,08:11:23,MasterCard,Flipkart,Success,no
TX1010178,U4831,3481720665961391,117.73,Chennai,2023-12-21,20:41:14,RuPay,McDonald's,Success,no
TX3478462,U6543,5089100096423474,1897.61,Varanasi,2021-06-04,20:10:58,Visa,Best Buy,Success,no
TX9893255,U646,6748682361194622,1630.99,Udaipur,2020-10-08,21:11:39,Diners Club,ExxonMobil,Success,no
TX2421484,U3897,0545866802373716,217.22,Udaipur,2024-07-19,10:33:28,Diners Club,Shell,Failed,no
TX9799814,U2823,0365992457247333,571.85,Mandya,2021-11-11,14:58:35,RuPay,Flipkart,Success,no
TX8088464,U4533,0167218162931579,1699.31,Darjeeling,2022-06-30,15:25:29,RuPay,Best Buy,Success,no
TX9669615,U5218,0652109332449749,1773.99,Mysore,2018-11-10,12:06:53,MasterCard,Shell,Success,no
TX5541086,U5485,7469549348736555,938.05,Goa,2021-11-06,08:07:34,Diners Club,Starbucks,Success,no
TX2412094,U6132,6781557833682384,1564.83,Chennai,2018-12-28,19:49:20,American Express,McDonald's,Failed,no
TX8485332,U9730,8335585739608341,159.01,Mandya,2018-01-25,14:52:58,Diners Club,Amazon,Success,no
TX7830585,U1387,5517272313174745,545.71,Jaipur,2023-09-27,15:55:15,MasterCard,Best Buy,Success,no
TX1415931,U1790,0749225304868885,656.83,Mandya,2022-02-09,12:21:51,RuPay,Best Buy,Success,yes
TX9307685,U2214,6956314675756070,934.23,Mumbai,2022-10-21,14:23:57,Diners Club,Apple Store,Success,no
TX7786836,U7445,3817786507163902,1082.64,Mysore,2024-06-17,22:32:32,MasterCard,Walmart,Success,no
TX7960105,U5675,1571918342764404,958.31,Mandya,2025-01-28,22:19:08,RuPay,Apple Store,Success,no
TX5219833,U5060,1640630604454045,1794.93,Chennai,2024-08-11,17:17:45,American Express,Flipkart,Success,no
TX8153313,U7315,4368057422322445,182.32,Mandya,2024-07-27,10:26:08,Diners Club,Best Buy,Success,no
TX1323021,U6311,1438739831641011,1176.32,Bangalore,2023-04-07,12:43:30,RuPay,Amazon,Success,no
TX7673524,U952,3397245968942485,1454.35,Shillong,2022-09-19,23:03:33,American Express,Best Buy,Success,yes
TX1082189,U581,1344887925297502,10.75,Chennai,2022-01-01,23:12:59,American Express,ExxonMobil,Success,no
TX2660342,U6557,2730099215270892,222.01,Delhi,2021-10-02,02:34:55,Diners Club,Apple Store,Success,no
TX1702759,U3873,6773931175771949,96.72,Jaipur,2018-01-28,20:33:57,RuPay,ExxonMobil,Success,yes
TX6603790,U7892,6163715574599767,221.11,Leh,2023-04-04,19:37:31,American Express,ExxonMobil,Success,no
TX1245952,U4646,5887349930920807,446.77,Kolkata,2023-07-07,23:35:40,American Express,McDonald's,Success,yes
TX1895351,U6134,6196327513503678,1129.05,Darjeeling,2022-01-15,02:01:09,Diners Club,Shell,Success,no
TX5029939,U8252,6300308553962730,1671.33,Udaipur,2022-02-20,02:04:56,MasterCard,Walmart,Success,no
TX2214841,U1500,3859381965954163,756.29,Varanasi,2022-01-09,05:44:16,MasterCard,Starbucks,Success,no
TX8534687,U3097,6944093614498421,829.61,Udaipur,2025-02-16,11:38:53,Diners Club,Starbucks,Success,no
TX9334807,U4111,8644393552854956,1494.61,Kolkata,2021-05-31,16:08:04,Visa,Best Buy,Success,no
TX2372155,U8490,2161104238343097,426.99,Kochi,2021-02-23,21:32:34,RuPay,Walmart,Success,yes
TX9204199,U3888,1103607853649601,1961.37,Bangalore,2023-10-07,21:25:52,RuPay,Amazon,Success,no
TX6485234,U6698,9202641663616747,684.93,Bangalore,2024-06-20,10:16:40,Visa,ExxonMobil,Success,no
TX6409975,U3847,7838588449078324,583.58,Jaipur,2024-10-30,18:17:44,Visa,Best Buy,Success,no
TX1932869,U5913,0265755433538806,984.73,Leh,2023-12-23,01:11:03,Visa,Target,Success,no
TX9613940,U8559,8730137113708817,1070.67,Varanasi,2019-09-16,10:37:33,Diners Club,McDonald's,Success,no
TX1991576,U1586,6319027152418943,753.91,Mandya,2025-04-22,07:02:37,Visa,Target,Success,no
TX3589827,U1370,8981619557922380,392.41,Mysore,2023-08-30,12:15:57,RuPay,Shell,Success,no
TX9476575,U3581,6701312178246480,1681.34,Goa,2022-06-06,20:52:46,Diners Club,Target,Success,no
TX9230756,U3483,5887803705997834,1644.62,Varanasi,2024-07-30,10:57:37,RuPay,Starbucks,Failed,no
TX6463423,U4780,8840522457624347,66.49,Shillong,2019-10-20,17:43:51,MasterCard,Target,Success,no
TX8119254,U9957,6855619172246664,606.77,Kolkata,2023-09-29,07:59:12,Diners Club,McDonald's,Success,no
TX4180909,U7619,1456929888053333,587.71,Mandya,2023-06-24,00:35:52,American Express,Shell,Success,no
TX5269328,U6188,0362649478622824,66.72,Mumbai,2020-11-21,01:05:22,MasterCard,ExxonMobil,Success,yes
TX7394883,U7296,4213246992002748,1250.38,Udaipur,2022-04-28,06:29:35,MasterCard,Starbucks,Failed,no
TX9799919,U556,7606332985364929,1573.52,Hyderabad,2018-02-15,07:18:51,MasterCard,Apple Store,Success,no
TX4014875,U6731,4085520050121849,452.64,Mysore,2020-07-29,00:13:05,American Express,Shell,Success,no
TX4257732,U3117,9465079594445454,548.21,Mumbai,2018-01-01,17:31:57,Visa,Walmart,Failed,no
TX4162763,U6575,9401172764500277,1549.89,Jaipur,2024-05-31,12:58:56,American Express,Best Buy,Success,no
TX1413975,U1252,2199791432181465,36.3,Delhi,2018-06-11,01:55:16,Visa,Best Buy,Success,no
TX9556550,U8128,0145121744327039,180.46,Jaipur,2023-04-20,23:42:33,American Express,Apple Store,Failed,no
TX2625151,U2201,2500559082460067,1013.86,Shillong,2023-04-15,02:45:02,Diners Club,ExxonMobil,Success,no
TX7363856,U2150,7981513815466166,1677.38,Varanasi,2021-06-05,22:09:46,Visa,Walmart,Success,no
TX8543043,U8250,6577478539293864,1741.62,Delhi,2018-11-14,16:16:11,American Express,ExxonMobil,Success,yes
TX8095912,U5029,2239583643210913,1858.35,Shillong,2023-12-19,19:10:50,RuPay,Walmart,Success,yes
TX4431243,U8969,4371184847760719,333.02,Kochi,2021-07-15,12:19:25,American Express,Target,Success,no
TX7134864,U9748,9561079531666471,607.76,Leh,2023-03-05,16:06:27,American Express,Walmart,Failed,no
TX2800505,U8092,2093448817299399,496.69,Darjeeling,2020-04-03,10:26:14,American Express,Walmart,Success,no
TX5684665,U421,6967223906597934,1660.93,Hyderabad,2020-08-01,21:27:52,MasterCard,McDonald's,Failed,no
TX4186354,U2232,9766684751746379,694.21,Udaipur,2022-04-19,20:26:23,Diners Club,Best Buy,Success,no
TX8541433,U7619,8746165832272622,1872.2,Jaipur,2021-06-05,09:21:11,MasterCard,Flipkart,Success,no
TX5525129,U8729,1878391828391273,1139.23,Jaipur,2018-12-28,13:54:25,Visa,ExxonMobil,Success,no
TX2883228,U7076,8392376520782952,1799.51,Udaipur,2024-08-23,01:06:53,MasterCard,ExxonMobil,Success,no
TX2108750,U6302,5773199522614430,1601.1,Goa,2019-01-29,02:51:44,Visa,Apple Store,Success,no
TX3997803,U7473,0357649566531174,928.59,Mandya,2020-09-03,16:31:53,American Express,Starbucks,Success,no
TX1446796,U3830,3413320827365518,1967.24,Kolkata,2022-06-17,19:14:08,Diners Club,McDonald's,Failed,yes
TX1992514,U3410,9853413172884718,1533.5,Shillong,2019-12-11,18:13:55,Visa,Apple Store,Success,no
TX3441735,U6477,0590553111837536,1648.68,Jaipur,2023-01-11,03:29:30,MasterCard,Target,Success,no
TX6206417,U4797,2281863710590586,196.89,Kochi,2022-02-10,05:49:35,Visa,McDonald's,Success,no
TX3767757,U8166,2597985899862237,1141.01,Varanasi,2022-12-10,18:19:12,MasterCard,McDonald's,Success,no
TX1600680,U5772,1005475079627689,1617.95,Kolkata,2020-06-15,19:06:28,RuPay,Target,Success,no
TX8365120,U9234,5700130559852221,1538.06,Chennai,2023-03-17,18:17:41,Diners Club,Target,Success,no
TX7809564,U8667,5699977902251197,1448.61,Jaipur,2020-06-21,06:31:43,RuPay,Apple Store,Success,yes
TX2597350,U8634,4723014243883268,1211.53,Darjeeling,2019-09-14,07:14:45,MasterCard,Shell,Failed,no
TX3694252,U6797,2361348435620404,628.6,Kolkata,2020-03-02,02:42:15,American Express,Best Buy,Failed,no
TX7573835,U733,5922958581569016,275.98,Leh,2020-01-03,03:14:07,Diners Club,McDonald's,Failed,no
TX7318390,U819,1969113373205481,1931.96,Leh,2025-05-01,07:22:37,MasterCard,Flipkart,Failed,no
TX7447210,U9058,6065140933159902,1491.34,Shillong,2024-06-05,15:52:47,Diners Club,Best Buy,Success,no
TX4328900,U9883,1593392569145837,128.94,Mumbai,2020-02-29,04:22:43,RuPay,Apple Store,Success,yes
TX2634920,U1512,9461724707867400,262.74,Kolkata,2022-08-02,08:57:05,MasterCard,ExxonMobil,Failed,no
TX8831904,U3561,0426937844162506,697.24,Darjeeling,2019-08-27,03:20:00,RuPay,Flipkart,Success,no
TX5582558,U6179,0593432583376291,1989.48,Jaipur,2023-07-28,19:50:18,American Express,Starbucks,Success,no
TX2007635,U5698,4335995211695791,952.35,Mysore,2019-08-23,07:04:32,Visa,McDonald's,Success,no
TX5905568,U3822,3168351104895856,1101.14,Bangalore,2020-07-04,23:42:20,RuPay,Amazon,Success,no
TX9972360,U8314,1729616371323681,1809.11,Darjeeling,2019-08-04,10:04:54,MasterCard,McDonald's,Success,no
TX3614887,U4304,0072657298115907,856.34,Mumbai,2024-05-17,01:36:40,Diners Club,Walmart,Success,no
TX6413514,U9293,4278130205663789,459.71,Kolkata,2018-08-26,17:45:31,Diners Club,Walmart,Success,no
TX3631289,U4427,9329079279998317,66.92,Mumbai,2021-02-19,22:47:55,American Express,Starbucks,Success,no
TX3026394,U3343,9062448608692193,699.39,Bangalore,2023-03-13,11:10:50,Visa,Flipkart,Success,yes
TX9504005,U4204,0830135476806100,1404.23,Hyderabad,2021-07-02,04:12:30,American Express,ExxonMobil,Success,yes
TX4873888,U6522,6951185614103483,101.22,Jaipur,2019-05-01,02:20:17,Visa,Shell,Success,no
TX5898584,U3253,8039522957305208,1269.16,Delhi,2021-06-02,00:38:29,RuPay,Best Buy,Success,no
TX2439813,U7455,7178436454479851,956.64,Kolkata,2020-08-16,21:07:38,RuPay,McDonald's,Success,no
TX2738934,U9889,6495136699561251,1828.18,Bangalore,2024-04-01,16:53:22,RuPay,Shell,Failed,no
TX3812618,U1011,7602043883698648,1437.27,Kochi,2021-03-14,03:06:11,Diners Club,Walmart,Success,no
TX9519189,U4875,5504128972940115,397.07,Varanasi,2020-05-08,18:33:23,Visa,Best Buy,Success,no
TX3321044,U9950,2675298402698752,1331.68,Goa,2024-12-23,22:26:40,MasterCard,ExxonMobil,Success,no
TX4520768,U5167,2824988164231776,1159.78,Varanasi,2023-01-04,03:24:19,RuPay,Walmart,Success,yes
TX2602856,U6788,3621101031480513,801.98,Darjeeling,2022-08-07,18:23:19,MasterCard,Amazon,Success,yes
TX2039206,U2712,3022539367152135,989.73,Leh,2020-01-18,08:30:24,American Express,Target,Success,no
TX3262322,U1823,6331599019462903,817.82,Shillong,2022-07-17,03:34:17,Visa,Best Buy,Success,yes
TX3394010,U330,9372356777925299,658.06,Goa,2022-10-01,01:13:21,MasterCard,Amazon,Success,no
TX1270846,U1255,3942243282946623,31.9,Kolkata,2024-01-02,18:50:44,MasterCard,Best Buy,Success,no
TX1678374,U3621,2204310773280879,1908.99,Udaipur,2021-01-28,21:50:19,American Express,Best Buy,Success,no
TX8280208,U757,0797891387610295,1654.59,Kolkata,2021-12-04,22:41:51,MasterCard,Walmart,Success,no
TX4346693,U8688,9598895300073504,727.38,Chennai,2019-05-30,17:24:50,American Express,Shell,Success,no
TX2788043,U3281,1830973627717042,1843.35,Goa,2022-12-15,17:36:57,Visa,Apple Store,Success,no
TX2737906,U6171,7624523855944630,167.15,Darjeeling,2018-03-19,18:14:22,MasterCard,Best Buy,Success,no
TX9553308,U3490,0660429957311833,1820.18,Kochi,2018-05-14,07:57:44,Visa,McDonald's,Success,no
TX5098295,U6742,9949574258780164,1341.48,Bangalore,2024-12-22,06:42:22,MasterCard,McDonald's,Success,no
TX2695501,U599,4604620396962413,886.82,Kolkata,2024-09-05,05:10:23,Visa,Starbucks,Failed,yes
TX4233853,U7858,6742060105007416,1620.36,Bangalore,2021-03-07,10:20:27,Diners Club,Apple Store,Success,no
TX3854018,U4883,8542027558938485,858.96,Kolkata,2019-09-28,22:00:29,RuPay,Target,Success,no
TX7886974,U7130,9256377847300257,1215.66,Jaipur,2018-01-05,00:07:45,American Express,Target,Success,no
TX7367703,U1142,0384789884484113,169.11,Kochi,2023-12-01,16:45:30,American Express,Shell,Success,yes
TX1604658,U5163,6620107956722358,1689.67,Mumbai,2020-08-14,14:23:45,Visa,McDonald's,Success,no
TX7166410,U9468,6875165681581266,346.53,Jaipur,2023-10-30,18:50:48,Visa,Target,Success,no
TX7027331,U1628,9779088309800222,497.25,Kochi,2021-05-28,15:32:43,Visa,Target,Success,no
TX2458812,U7161,5317171239470022,1945.37,Hyderabad,2024-11-14,11:19:44,RuPay,Starbucks,Failed,no
TX5004718,U8004,8725839360238321,599.02,Darjeeling,2023-02-03,09:44:31,American Express,Target,Success,no
TX7986568,U4807,3211337679957898,1456.48,Darjeeling,2025-01-25,08:36:03,MasterCard,Shell,Failed,no
TX2319338,U4992,4117501993660912,260.99,Mysore,2024-11-15,23:53:40,Visa,ExxonMobil,Success,no
TX4571829,U2539,5613181506532663,1748.39,Shillong,2024-06-28,01:00:21,Diners Club,ExxonMobil,Success,no
TX6159723,U8292,8000996119083054,1859.51,Kochi,2018-05-04,16:37:08,Diners Club,Shell,Success,no
TX5657665,U926,8569593848356784,459.48,Mumbai,2024-03-07,20:59:36,RuPay,Target,Success,no
TX5129206,U4926,4283397184726314,713.03,Mysore,2020-10-28,11:09:37,RuPay,McDonald's,Success,yes
TX1772453,U8602,9142828357389105,363.61,Mandya,2023-01-07,02:06:06,American Express,Shell,Success,no
TX1296398,U8253,4452625666345609,1354.27,Hyderabad,2023-06-10,02:24:32,Diners Club,Flipkart,Success,no
TX2887781,U8128,3327102843708350,1106.78,Darjeeling,2024-11-22,02:14:01,MasterCard,Best Buy,Success,no
TX1649479,U8262,1762480049197699,471.5,Kolkata,2022-04-06,01:25:07,Diners Club,Shell,Success,no
TX2040634,U8422,9536276453322968,1456.52,Varanasi,2018-06-29,21:24:38,American Express,Target,Success,no
TX2634733,U8069,8973342157000936,1225.35,Mandya,2021-09-10,17:52:52,MasterCard,Shell,Success,yes
TX4408297,U2183,1379728585572822,1053.06,Bangalore,2022-06-27,01:26:56,RuPay,Shell,Failed,no
TX4139054,U1448,3711709999645710,1483.69,Udaipur,2022-03-18,01:57:02,Diners Club,Shell,Success,no
TX2659113,U2367,5509774621063753,1099.56,Delhi,2021-04-01,03:47:20,Visa,Flipkart,Success,no
TX5933743,U7743,6437656625158963,1595.75,Leh,2021-09-03,07:05:00,American Express,Flipkart,Success,no
TX4523213,U330,8938175951027220,1837.98,Chennai,2021-02-23,04:56:59,Diners Club,Amazon,Failed,no
TX9323247,U5241,6481076014321666,163.23,Chennai,2025-06-23,16:20:29,Visa,Target,Success,no
TX1861558,U8296,9697231462475905,1173.77,Hyderabad,2023-12-18,21:32:15,American Express,Amazon,Success,no
TX3181783,U466,0293346220753783,111.48,Darjeeling,2020-08-04,17:46:44,RuPay,Target,Success,no
TX7316963,U786,9088230677493450,1992.25,Chennai,2024-04-15,05:48:34,RuPay,Target,Success,no
TX4558877,U7692,4256581522199672,405.79,Mandya,2023-03-08,20:59:39,RuPay,Shell,Success,yes
TX5814356,U428,3117656251021578,892.34,Bangalore,2022-03-24,05:54:09,American Express,Best Buy,Success,no
TX5294007,U8683,1351606153799023,617.86,Kolkata,2021-08-28,02:46:22,MasterCard,Walmart,Success,no
TX2341923,U5674,9689244193390252,604.22,Bangalore,2023-10-04,01:54:19,Diners Club,Walmart,Success,no
TX5698025,U1230,7254942901157027,1358.19,Leh,2021-05-02,01:09:11,MasterCard,Starbucks,Success,yes
TX1926106,U3019,8514978536086952,510.47,Chennai,2018-09-19,16:54:27,RuPay,McDonald's,Success,no
TX9336249,U7629,7916346296892423,1869.75,Kochi,2021-01-26,03:37:06,Visa,Flipkart,Failed,yes
TX2945109,U9616,1117025976224452,1612.56,Kolkata,2024-10-13,11:10:26,Visa,Flipkart,Success,no
TX8301872,U7954,1972956106402436,1159.46,Jaipur,2018-07-22,03:14:43,Diners Club,McDonald's,Success,no
TX4723114,U7396,4252592778839696,696.57,Kolkata,2021-08-03,07:08:58,Visa,Apple Store,Success,no
TX8531034,U6091,3820023392724997,68.13,Mandya,2019-07-27,16:27:05,American Express,Amazon,Success,yes
TX6511630,U4785,3495015583852272,1601.09,Bangalore,2023-02-13,04:00:00,American Express,Amazon,Success,no
TX3064728,U3930,1208539346865943,957.57,Goa,2018-10-19,09:58:53,Visa,Best Buy,Failed,yes
TX4285653,U2866,8079149500023577,469.27,Hyderabad,2018-03-30,10:58:38,Diners Club,Target,Success,no
TX8911592,U4203,6527870033321717,1586.57,Chennai,2020-11-20,07:19:01,American Express,Amazon,Success,no
TX9043600,U5065,9815474172342730,1464.78,Chennai,2025-01-15,03:04:13,MasterCard,ExxonMobil,Success,no
TX5504767,U2816,2863037499288565,1233.88,Hyderabad,2018-07-25,22:59:42,MasterCard,Starbucks,Success,no
TX1199291,U5792,9896768692581803,1011.77,Bangalore,2023-10-03,15:44:54,RuPay,Apple Store,Success,no
TX6231107,U3139,9557977459034525,1333.78,Darjeeling,2023-08-17,11:39:31,RuPay,ExxonMobil,Success,no
TX7304504,U9764,0993109573010942,1696.58,Bangalore,2019-06-21,09:51:01,RuPay,Flipkart,Success,no
TX8355646,U3028,4918789336546336,781.98,Chennai,2024-11-22,11:32:31,American Express,ExxonMobil,Success,no
TX9058871,U6916,8381906034277755,1841.73,Chennai,2018-10-01,00:45:57,Diners Club,McDonald's,Failed,no
TX9179641,U2901,6145950213633162,588.27,Shillong,2019-12-07,12:34:49,American Express,Amazon,Failed,no
TX6408450,U9355,3029222351626925,1827.9,Mandya,2025-02-14,23:54:52,RuPay,Starbucks,Success,no
TX4778792,U7822,3346437764214076,40.78,Jaipur,2021-11-05,06:19:18,Visa,Amazon,Failed,no
TX8146929,U1959,7718597806287383,676.37,Udaipur,2023-01-11,23:11:04,American Express,Apple Store,Success,no
TX9258314,U1152,5893247708960660,891.47,Udaipur,2021-06-03,14:29:43,Visa,Amazon,Success,yes
TX6470415,U7939,3017988212371346,826.01,Bangalore,2020-03-26,12:01:41,American Express,Starbucks,Success,no
TX9846419,U5656,4764524896013705,549.57,Hyderabad,2020-04-18,08:01:49,Diners Club,Best Buy,Success,yes
TX5863297,U9704,9207444659428465,712.9,Mumbai,2023-10-31,09:33:03,American Express,Flipkart,Success,no
TX3770469,U8872,0850057620691328,533.11,Leh,2020-06-18,11:07:43,RuPay,Amazon,Success,no
TX7579358,U955,4784445381531035,743.85,Kolkata,2024-09-25,18:50:15,MasterCard,Amazon,Success,no
TX1486752,U1458,0545715554707047,1481.21,Chennai,2019-03-25,07:16:45,Diners Club,Apple Store,Success,no
TX8714761,U6658,0390980498628942,1655.49,Mumbai,2024-07-10,12:06:44,Diners Club,Starbucks,Failed,no
TX3592245,U602,2519890264278089,1443.55,Mumbai,2021-07-13,13:44:37,RuPay,ExxonMobil,Success,yes
TX8246234,U7161,8743333343814563,1920.39,Shillong,2022-12-20,08:55:57,RuPay,ExxonMobil,Failed,no
TX6475265,U1481,1001333329633812,802.05,Bangalore,2022-09-05,16:03:00,American Express,Flipkart,Success,no
TX6296979,U8985,2916969413271973,1123.48,Shillong,2023-06-22,18:34:56,RuPay,Target,Success,yes
TX9631803,U9217,5998848603306800,659.8,Jaipur,2025-05-12,10:37:34,Diners Club,Target,Success,no
TX7176834,U4949,3086878733364094,127.22,Varanasi,2023-01-03,15:15:27,RuPay,Walmart,Success,no
TX3982768,U3362,9844891635212693,1984.19,Jaipur,2018-07-20,11:04:11,MasterCard,ExxonMobil,Success,no
TX1689469,U9218,6945698881955038,1174.96,Bangalore,2019-09-25,20:25:42,Diners Club,ExxonMobil,Success,no
TX3505637,U9470,1355866417817183,1095.63,Mysore,2022-09-16,16:30:00,Diners Club,Starbucks,Success,no
TX6626134,U8505,7324446471448262,203.54,Varanasi,2019-10-18,21:19:46,Diners Club,Flipkart,Success,no
TX7256184,U5543,9382715935003827,826.7,Mumbai,2020-01-25,11:08:46,Diners Club,Starbucks,Success,yes
TX4024293,U3229,5861015259795207,1476.9,Bangalore,2023-02-20,18:08:23,American Express,Best Buy,Success,no
TX1443282,U1318,5566585898337366,264.53,Goa,2021-01-21,05:26:28,Visa,Walmart,Success,yes
TX9221438,U9818,3081712221922756,1097.09,Kolkata,2022-01-11,20:30:16,Visa,Target,Success,no
TX2703410,U8884,6815361644656304,587.56,Chennai,2019-08-27,17:49:18,MasterCard,Best Buy,Success,no
TX6627388,U1110,0219741634203204,105.98,Mandya,2021-12-09,18:34:25,Diners Club,Starbucks,Success,no
TX5893235,U2172,0256671380730657,1495.54,Leh,2019-01-25,22:42:26,MasterCard,McDonald's,Success,no
TX4774904,U4808,7955546558810389,1549.83,Mysore,2022-04-29,19:47:45,Visa,Amazon,Success,no
TX3238062,U8265,0370187299037941,1323.51,Delhi,2018-03-29,23:11:54,RuPay,Flipkart,Success,no
TX2701649,U5707,2830831394358123,1774.4,Darjeeling,2018-09-19,16:09:15,MasterCard,Starbucks,Success,no
TX2303449,U6907,5923501682196792,1332.76,Leh,2020-04-09,05:29:35,MasterCard,Shell,Success,yes
TX4748681,U1033,7900565127732019,1076.46,Mandya,2018-05-08,07:48:47,RuPay,Starbucks,Success,no
TX7841011,U4992,3811598967345761,510.81,Jaipur,2018-08-02,10:03:02,Visa,Walmart,Failed,yes
TX5653722,U451,7817381161310212,152.03,Leh,2025-05-02,19:31:11,RuPay,Walmart,Success,yes
TX5966659,U4859,3883941242275723,187.86,Mysore,2024-11-17,08:38:04,MasterCard,Amazon,Success,no
TX2048878,U1344,4177385957464631,170.87,Kochi,2020-09-16,18:03:53,RuPay,Amazon,Success,no
TX8721453,U610,6836530237003326,311.17,Hyderabad,2020-09-17,08:56:24,Diners Club,Apple Store,Success,no
TX4296107,U2798,0001257683312552,109.52,Mandya,2022-05-22,07:43:59,American Express,Starbucks,Success,yes
TX4929423,U4434,0465559845624266,1660.03,Mumbai,2023-07-31,14:05:44,Diners Club,Target,Success,no
TX7533762,U8244,6263542551539442,1737.03,Delhi,2025-04-30,18:34:55,American Express,Starbucks,Success,no
TX8083440,U6467,3687212346933178,1202.84,Shillong,2023-01-07,20:13:38,Visa,ExxonMobil,Success,no
TX4102221,U4231,5913955614334429,360.57,Goa,2021-10-23,01:54:49,American Express,ExxonMobil,Success,no
TX3467216,U6361,4223384118709707,1551.67,Kolkata,2024-10-02,08:24:06,American Express,Target,Success,no
TX7622295,U3322,8804983906259404,1682.48,Darjeeling,2018-07-11,04:59:00,American Express,Walmart,Success,no
TX3096756,U1191,8865392317507797,1204.1,Shillong,2022-07-15,01:27:22,RuPay,Apple Store,Success,yes
TX9145102,U169,7750514988336580,257.06,Kolkata,2023-12-22,21:30:13,RuPay,Flipkart,Success,yes
TX7521540,U3731,7683630455593415,974.93,Darjeeling,2022-06-25,08:04:25,RuPay,Amazon,Success,no
TX9846496,U5390,6308548502812827,1800.27,Leh,2018-05-25,19:37:41,Diners Club,Target,Success,no
TX2402806,U2098,6520012717859585,56.06,Kolkata,2023-02-03,01:02:00,American Express,Flipkart,Success,no
TX5660769,U8595,5390269871973447,1164.88,Goa,2022-04-18,22:09:55,Visa,Amazon,Failed,no
TX2347893,U8367,6569051269462952,150.35,Shillong,2023-04-18,11:15:58,Visa,Walmart,Failed,no
TX7057302,U5137,5861133864190671,194.35,Kolkata,2023-02-26,05:47:02,Diners Club,Walmart,Success,no
TX9632887,U4543,7093750781333512,1021.13,Delhi,2018-09-23,01:19:47,Visa,Starbucks,Success,no
TX5376706,U4272,7691770777735700,1148.42,Chennai,2023-06-23,06:13:45,RuPay,Best Buy,Success,no
TX7854495,U2692,7312103104949250,1445.76,Varanasi,2018-03-10,08:34:21,Diners Club,Starbucks,Success,yes
TX9569983,U4303,5352497935639829,366.29,Varanasi,2018-11-05,22:12:35,Visa,Apple Store,Success,yes
TX7354161,U4605,3163612794291107,1230.59,Chennai,2024-07-03,22:00:20,MasterCard,Target,Success,no
TX2329558,U3283,3411000419812271,1746.74,Mysore,2020-10-28,07:51:36,American Express,Apple Store,Success,no
TX4525405,U4862,8827635585441838,1299.68,Varanasi,2019-09-20,10:51:05,Diners Club,Shell,Success,no
TX5383651,U6010,8746832753463160,902.8,Mandya,2023-02-24,00:58:17,American Express,Best Buy,Success,no
TX8476698,U2862,1161555683029123,502.32,Hyderabad,2022-09-04,22:22:41,Diners Club,Shell,Success,no
TX2688769,U9086,1733068062416485,407.25,Shillong,2023-11-11,21:52:21,MasterCard,Best Buy,Success,yes
TX7865629,U5222,0314259961946552,838.21,Shillong,2021-03-26,12:57:07,Diners Club,Flipkart,Success,no
TX9255680,U1583,6372832617435610,1956.52,Mandya,2022-08-08,15:35:25,American Express,McDonald's,Success,no
TX1636349,U3886,3450906894998930,1811.75,Mumbai,2020-10-04,14:03:47,MasterCard,Walmart,Success,no
TX1192873,U7614,6605743691256256,343.18,Goa,2022-06-14,19:48:41,Visa,Starbucks,Success,no
TX8133238,U3924,0318457517490629,1821,Mumbai,2025-03-06,04:25:37,Visa,Amazon,Failed,no
TX2046556,U9959,0903613527414890,1215.04,Mumbai,2024-12-08,09:49:35,Visa,McDonald's,Failed,no
TX2086257,U3003,7396002866813979,814.22,Bangalore,2025-05-23,05:07:43,Visa,ExxonMobil,Success,no
TX9599406,U5049,3317402463552440,1294.95,Udaipur,2021-03-24,12:14:28,Diners Club,Walmart,Success,yes
TX9624269,U9343,4381581682793080,789.28,Leh,2022-12-07,06:50:05,RuPay,Apple Store,Success,no
TX1305985,U4914,1677479351485550,1070.66,Udaipur,2018-06-18,12:28:00,Visa,ExxonMobil,Success,yes
TX3337383,U1266,2885958524020242,1259.63,Shillong,2023-05-28,06:15:59,American Express,Shell,Success,no
TX5413273,U4453,1446896003783964,1804.04,Jaipur,2025-04-30,05:16:28,RuPay,Walmart,Success,no
TX9585532,U9160,3526736341755091,1760.61,Shillong,2024-04-15,19:14:50,American Express,Amazon,Success,no
TX3569642,U8669,3243804733088166,1540.6,Jaipur,2023-09-23,04:42:24,MasterCard,Best Buy,Failed,no
TX5790625,U3934,7910691596255547,716.3,Leh,2022-10-08,02:40:58,Visa,Starbucks,Success,no
TX7954854,U4232,5230176566244504,42.31,Jaipur,2021-02-23,03:52:21,RuPay,Starbucks,Success,no
TX7025815,U9972,8200981565628817,1465.69,Jaipur,2018-11-27,19:23:45,American Express,Flipkart,Success,yes
TX9634300,U4836,4745644985397042,1655.16,Kochi,2022-01-13,12:41:55,Diners Club,Shell,Success,no
TX4165375,U8933,1312004362189848,35.19,Jaipur,2019-12-05,21:22:44,MasterCard,McDonald's,Failed,no
TX5776869,U4151,7687071162392840,355.49,Leh,2023-04-01,20:38:17,Diners Club,ExxonMobil,Success,no
TX5411263,U633,9199656509259634,521.35,Jaipur,2022-08-20,19:46:30,Visa,Target,Success,yes
TX7221612,U9968,3902967865592021,858.8,Kochi,2018-11-25,15:24:49,Visa,Target,Success,no
TX2066052,U9295,0386869558916580,629.61,Udaipur,2020-02-29,12:47:17,RuPay,Target,Failed,no
TX5521795,U9782,1094795528702175,1473.99,Mumbai,2022-04-03,23:15:27,Visa,Best Buy,Success,no
TX3661839,U4176,4519913633295927,1626.69,Leh,2023-11-23,04:09:20,RuPay,Target,Success,yes
TX4976257,U8579,6078072085928802,693.86,Mysore,2023-12-16,11:31:52,American Express,Target,Success,no
TX5258223,U5501,1408893992914299,1289.77,Shillong,2020-01-22,17:27:13,Diners Club,ExxonMobil,Success,yes
TX5006896,U41,7005884397787962,1479,Udaipur,2021-09-28,06:31:56,RuPay,ExxonMobil,Success,yes
TX7807319,U367,9113060949389909,1343.94,Jaipur,2019-08-01,01:23:13,MasterCard,Starbucks,Success,no
TX8517973,U9045,6775623896219005,298.34,Delhi,2019-03-03,02:25:25,MasterCard,Apple Store,Success,no
TX2007150,U854,1708357045638254,1736.87,Shillong,2018-12-07,14:26:17,RuPay,ExxonMobil,Success,no
TX9907569,U6697,1680044579114498,51.61,Kolkata,2022-04-15,09:14:16,Diners Club,Shell,Success,no
TX1524835,U3737,7828102156586997,784.39,Mandya,2025-05-29,00:49:24,Visa,McDonald's,Success,yes
TX5987146,U6569,1254615015680772,858.36,Udaipur,2022-08-07,09:54:01,Visa,McDonald's,Success,yes
TX5088162,U6346,7991120062695105,1880.36,Mumbai,2022-08-23,01:26:47,RuPay,Flipkart,Failed,no
TX7544827,U4396,1317549382318558,630.38,Bangalore,2023-02-04,06:13:45,Visa,Flipkart,Success,no
TX4575189,U6122,1364143792590156,952.49,Jaipur,2021-10-06,06:18:45,MasterCard,Apple Store,Success,no
TX5022347,U4187,1898783785819883,285.92,Udaipur,2022-04-15,00:14:38,Diners Club,McDonald's,Failed,yes
TX5492825,U8503,5229426357960540,998.73,Goa,2021-10-13,05:45:26,MasterCard,Amazon,Success,no
TX4544166,U2838,8697752758042028,1403.44,Kolkata,2019-06-07,16:43:09,RuPay,Starbucks,Failed,no
TX9906098,U1146,0968242870872776,729.92,Jaipur,2025-05-29,14:04:30,American Express,Starbucks,Success,no
TX9584132,U3867,8064720589764287,512.68,Jaipur,2025-01-04,08:45:17,RuPay,Walmart,Failed,yes
TX1270643,U1161,1765285717099499,1560.16,Hyderabad,2023-07-16,07:20:45,American Express,Walmart,Success,no
TX1130770,U961,4515858732198746,932.81,Mumbai,2018-12-04,04:18:22,Diners Club,Flipkart,Success,no
TX2485013,U2108,7404363529067541,719.36,Chennai,2024-03-13,18:02:21,Diners Club,Amazon,Success,yes
TX2355539,U9631,7478498802469912,1902.07,Jaipur,2024-12-09,17:06:35,MasterCard,Apple Store,Failed,yes
TX5644331,U8889,5554802272599176,1231.88,Goa,2022-02-21,02:38:29,RuPay,McDonald's,Failed,no
TX3058078,U2100,1251804307240682,1034.33,Leh,2025-04-19,07:34:33,American Express,Best Buy,Success,no
TX5830753,U9709,0406673327493031,584.31,Mumbai,2021-02-15,14:33:21,American Express,Shell,Success,no
TX5540306,U9044,7630257915718503,1643.05,Varanasi,2021-01-25,18:21:06,American Express,Starbucks,Success,no
TX5282542,U2273,1825377058431726,1377.77,Goa,2022-07-07,12:08:16,Visa,Flipkart,Failed,no
TX4146179,U7033,3024053775451389,139.75,Varanasi,2020-07-25,09:41:05,Diners Club,Apple Store,Success,yes
TX8335851,U1357,9353768800777233,1135.44,Chennai,2023-06-19,23:08:42,Visa,Starbucks,Success,no
TX4528413,U5261,3362827854727134,1269.35,Mysore,2025-02-02,13:40:26,MasterCard,Best Buy,Success,no
TX1023742,U4948,4783860404949428,621.41,Chennai,2019-04-09,12:20:09,American Express,Amazon,Success,no
TX6466738,U6649,7205322483439132,1132.62,Kochi,2023-07-04,20:56:49,RuPay,Best Buy,Success,no
TX4089789,U6298,0898830654462273,75.52,Udaipur,2024-09-21,15:17:16,American Express,Target,Success,no
TX4957908,U4704,2395547307633392,1103.63,Goa,2020-04-23,21:58:46,Visa,Best Buy,Success,no
TX1930675,U1719,7200274548571656,1983.74,Kolkata,2018-03-10,06:27:55,Diners Club,Flipkart,Success,no
TX3862118,U1708,0915684462173829,1171.2,Chennai,2021-07-08,07:03:06,American Express,Amazon,Success,no
TX1860932,U6915,5099501000256554,883.62,Jaipur,2023-10-20,21:57:41,American Express,ExxonMobil,Failed,no
TX5005177,U43,0097703392493135,1853.83,Shillong,2019-01-30,14:19:19,RuPay,Shell,Success,no
TX9232141,U2090,3480662585518889,1904.07,Hyderabad,2023-05-08,14:28:22,RuPay,Shell,Success,no
TX5729149,U1697,9785522676733042,1791.35,Goa,2024-05-31,04:45:55,RuPay,McDonald's,Success,no
TX5157729,U1601,3067249005687707,1822.15,Kochi,2020-06-30,02:50:11,RuPay,Amazon,Success,no
TX3693042,U9240,8549807770909820,1414.88,Hyderabad,2018-01-29,11:35:41,Diners Club,ExxonMobil,Success,no
TX5364441,U8535,9014264901633149,1334.11,Darjeeling,2020-09-05,15:23:39,American Express,Apple Store,Success,yes
TX5997920,U5715,7290917667516757,138.71,Delhi,2024-03-16,09:02:16,American Express,Starbucks,Success,no
TX8478981,U3226,2058238116652687,1334.51,Varanasi,2018-11-22,00:56:35,Visa,Walmart,Success,no
TX5014007,U9730,2860684087928556,205.97,Shillong,2024-08-05,07:53:51,Visa,Starbucks,Success,no
TX3343308,U697,4231306434345213,729.02,Mysore,2025-04-27,18:52:28,Diners Club,Starbucks,Failed,no
TX7964203,U1550,2905452504418173,425.67,Leh,2021-08-09,06:30:33,MasterCard,Walmart,Failed,no
TX3728347,U66,7637828659794880,1435.04,Chennai,2020-12-10,00:59:25,American Express,ExxonMobil,Success,no
TX7738357,U3667,3393727882171870,955.01,Chennai,2022-01-04,16:59:28,Visa,Walmart,Success,yes
TX6501364,U1586,2742574128608497,1089.52,Mandya,2018-09-22,20:10:41,Visa,Starbucks,Success,no
TX5286338,U2029,5054968281669953,1927.89,Hyderabad,2020-04-08,01:09:51,MasterCard,Flipkart,Success,no
TX1395944,U7436,0158530280580616,944.18,Kochi,2020-12-08,02:38:25,RuPay,ExxonMobil,Success,no
TX5382442,U6317,3581856868673935,1875.24,Delhi,2018-10-27,08:17:59,RuPay,Walmart,Success,no
TX2086079,U4252,0683793568272555,485.17,Delhi,2020-01-14,01:22:00,MasterCard,Flipkart,Success,no
TX5166225,U699,5093816559688357,1104.44,Varanasi,2019-08-10,18:13:01,Diners Club,Starbucks,Success,yes
TX4546301,U796,2906497107869234,1624.01,Mumbai,2018-06-21,20:43:00,Diners Club,Target,Success,no
TX3999126,U4520,3320705372577339,1725.95,Mumbai,2021-04-29,07:50:54,MasterCard,Target,Success,no
TX6929575,U7985,0632490695004897,1819.91,Leh,2024-01-10,00:35:37,RuPay,Target,Success,no
TX6128963,U5634,0374825008367540,146.09,Kochi,2024-11-27,18:24:54,Visa,Target,Success,no
TX8096749,U9788,9045249906002503,288.54,Shillong,2025-01-09,06:12:17,Visa,McDonald's,Success,no
TX4588710,U649,1772274304332816,383.32,Hyderabad,2024-07-09,00:27:08,Diners Club,Shell,Failed,yes
TX1707767,U9502,4582673578725034,177.04,Bangalore,2025-03-31,13:04:36,Visa,Walmart,Success,no
TX8386113,U467,4129312186562049,804.21,Udaipur,2018-11-10,19:54:13,American Express,McDonald's,Failed,no
TX5626121,U1957,3675457324507610,1729.95,Jaipur,2018-01-17,12:27:36,American Express,Apple Store,Failed,no
TX7737660,U8468,7332485963814801,1730.36,Varanasi,2020-02-03,17:35:52,Visa,Flipkart,Failed,no
TX3179348,U824,8256763911342466,306.99,Kolkata,2018-01-11,21:06:50,RuPay,McDonald's,Success,yes
TX6454253,U5707,6535610790010866,1371.99,Udaipur,2018-11-13,13:07:55,MasterCard,Flipkart,Success,no
TX8186544,U6209,4459557914601154,1865.43,Darjeeling,2025-04-22,00:51:31,RuPay,Starbucks,Success,no
TX6927198,U772,5521026787445134,1628.1,Delhi,2018-01-01,04:10:22,Visa,Starbucks,Success,no
TX4894858,U6848,5872459316132538,1957.92,Hyderabad,2019-07-14,00:48:31,Visa,Flipkart,Success,no
TX5437526,U2347,4852883817392537,1825.93,Kolkata,2018-08-13,21:04:33,MasterCard,Amazon,Failed,no
TX2230618,U8923,7004646858118824,1574.97,Kolkata,2019-10-02,06:58:32,MasterCard,Shell,Success,no
TX9815044,U2845,5236630581949322,781.7,Darjeeling,2021-03-31,09:52:54,Visa,Amazon,Success,no
TX7163117,U6043,1998487153990368,828.81,Darjeeling,2023-07-29,19:14:28,Diners Club,McDonald's,Success,no
TX2556345,U3427,2887236510971528,774.86,Delhi,2023-10-16,10:23:21,American Express,Best Buy,Success,no
TX8076384,U1277,6632297720260754,880.35,Varanasi,2024-06-08,03:34:04,American Express,Best Buy,Success,no
TX3077092,U5578,8970329704802827,632.22,Darjeeling,2018-01-08,11:37:39,Diners Club,Starbucks,Success,no
TX5648209,U4366,4771992751818474,263.55,Goa,2020-05-24,01:45:04,RuPay,Starbucks,Success,no
TX3282245,U3413,2974552101191141,1588.66,Udaipur,2019-03-30,17:13:56,Diners Club,Best Buy,Success,no
TX9313015,U4040,2718508216940915,1959.49,Delhi,2021-11-02,08:04:50,Visa,Apple Store,Success,no
TX6414120,U7124,1579042910564155,462.04,Kochi,2020-04-27,21:25:04,Diners Club,Starbucks,Success,no
TX3246433,U929,4202524057235939,1375.89,Varanasi,2020-07-17,20:52:53,American Express,Amazon,Success,yes
TX3168736,U8954,8746313881967728,710.33,Mysore,2021-11-12,10:42:41,Diners Club,Best Buy,Success,no
TX3912706,U9536,2154926386159938,1364.57,Jaipur,2019-08-06,17:57:45,RuPay,Apple Store,Success,no
TX1277455,U2263,0451588104335999,310.31,Leh,2023-11-08,03:21:15,American Express,Starbucks,Success,no
TX4177224,U3645,9601778535941433,1624.58,Chennai,2018-12-30,02:43:57,MasterCard,Shell,Success,no
TX8326108,U2397,5031984288955730,391.68,Jaipur,2019-07-16,23:03:27,American Express,Walmart,Success,no
TX7485205,U4839,4166629458797069,1828.09,Kochi,2020-05-19,19:32:02,Diners Club,McDonald's,Success,no
TX6272176,U3788,4783304327688108,934.8,Mysore,2020-04-24,11:31:37,Visa,Starbucks,Success,no
TX8189184,U8386,8819044696418658,1677.64,Varanasi,2023-06-23,21:05:50,MasterCard,ExxonMobil,Success,no
TX3111410,U5609,2332424124037013,1372.73,Chennai,2025-06-01,00:15:26,MasterCard,Shell,Success,no
TX6510177,U2460,2666229861379599,432.42,Jaipur,2022-11-17,00:28:08,Diners Club,Walmart,Success,no
TX8690740,U8684,6877688434165733,72.1,Kolkata,2024-06-26,17:51:40,Diners Club,McDonald's,Success,no
TX6280293,U5431,1570087263178486,563.16,Hyderabad,2020-10-30,20:18:07,American Express,Shell,Success,no
TX6922533,U4637,8146822987789054,847.93,Varanasi,2018-01-23,09:34:58,Diners Club,Walmart,Success,yes
TX8228010,U2541,2673269405478938,132.1,Mandya,2018-10-01,12:56:03,American Express,McDonald's,Success,no
TX1453144,U8780,3768231727033703,657.2,Jaipur,2018-01-27,16:19:50,RuPay,Starbucks,Failed,no
TX3220146,U4330,2828362027996754,1384.2,Mumbai,2023-04-08,15:26:28,RuPay,Walmart,Success,yes
TX7792356,U356,6734887012934004,1468.83,Mandya,2021-02-28,08:47:18,RuPay,Apple Store,Success,no
TX5487311,U8196,0487047915730343,204.8,Hyderabad,2023-04-21,15:13:14,American Express,ExxonMobil,Success,no
TX3754949,U677,5556848763242779,697.41,Goa,2022-01-23,00:03:08,RuPay,Walmart,Failed,no
TX7656151,U1327,2343092829664824,1835.38,Goa,2023-05-07,06:26:17,Diners Club,Walmart,Success,no
TX6220170,U7668,8681008854112726,572.63,Mysore,2019-12-17,14:52:22,Visa,Target,Success,no
TX1930469,U4935,5502108584685720,609.78,Kolkata,2021-03-01,04:07:11,Diners Club,Starbucks,Success,yes
TX6558591,U9788,0527376318433009,1940.84,Varanasi,2024-08-02,21:04:46,American Express,McDonald's,Success,no
TX5886786,U7510,5954475172901829,1270.81,Jaipur,2022-10-29,08:32:01,American Express,Apple Store,Success,yes
TX6543769,U7455,5668417718574964,576.26,Hyderabad,2023-09-22,16:34:50,Diners Club,Apple Store,Success,yes
TX5374736,U3294,1472720040782000,650.36,Mumbai,2018-12-04,22:51:02,American Express,Starbucks,Success,no
TX5793004,U1949,2268091347166459,822.66,Varanasi,2021-04-13,16:51:04,Diners Club,Shell,Success,no
TX7431887,U4439,4374403995332318,1838.17,Udaipur,2019-07-08,05:17:23,American Express,ExxonMobil,Success,no
TX5935901,U2961,0340535804360379,1532.24,Mumbai,2024-11-11,12:17:53,Visa,Best Buy,Success,no
TX9343701,U5011,9461622659946093,59.01,Chennai,2024-08-24,06:06:28,RuPay,ExxonMobil,Success,yes
TX4110843,U754,1998202860440721,456.59,Mandya,2018-11-01,05:47:54,Diners Club,Amazon,Failed,no
TX6395466,U5655,1626626397711869,44.17,Kolkata,2022-06-21,08:48:29,RuPay,Walmart,Failed,yes
TX2988005,U256,2906588253006844,1265,Bangalore,2020-02-02,11:02:21,RuPay,McDonald's,Failed,no
TX3039205,U6593,7012328836322135,874.27,Mandya,2019-02-18,09:54:21,American Express,ExxonMobil,Failed,yes
TX4748720,U3618,1261941597057672,600.53,Darjeeling,2023-07-16,13:44:27,Diners Club,ExxonMobil,Success,no
TX3109088,U5760,1705893483054080,465.95,Jaipur,2023-10-08,09:52:27,Diners Club,Apple Store,Success,no
TX5699511,U8493,9888609806273188,33.26,Udaipur,2019-10-12,02:47:00,American Express,ExxonMobil,Success,no
TX2059912,U5681,8783783124146054,976.03,Leh,2021-05-12,11:46:47,MasterCard,Apple Store,Success,no
TX2513147,U9461,0614639752199039,1002.16,Goa,2019-07-20,05:52:27,MasterCard,Best Buy,Success,no
TX5666275,U3061,1897295077893896,586.01,Varanasi,2018-05-18,05:52:59,Visa,McDonald's,Success,yes
TX3582616,U1942,3814816811646040,1019.32,Darjeeling,2020-06-06,21:06:54,RuPay,ExxonMobil,Success,no
TX3318514,U89,9319962722474140,1391.15,Goa,2023-03-02,22:16:37,RuPay,Best Buy,Success,no
TX7365331,U6399,6990916455370106,1820.27,Chennai,2023-05-15,20:29:01,Diners Club,Apple Store,Success,no
TX7023663,U2262,2643886149390461,816.1,Hyderabad,2025-04-24,10:24:22,RuPay,McDonald's,Success,no
TX2909885,U8288,9724642620831753,1440.59,Bangalore,2019-10-11,11:29:10,Visa,Best Buy,Failed,no
TX2891345,U7013,5667330121992983,369.82,Mumbai,2021-08-14,04:50:16,American Express,Apple Store,Success,no
TX5814772,U2451,3082207216740277,1347.23,Varanasi,2021-04-11,21:39:47,Visa,Target,Success,no
TX8980212,U1511,8226434495363521,1182.58,Darjeeling,2022-11-22,16:08:44,Diners Club,Shell,Success,no
TX2220847,U4731,2202823599649500,1314.66,Bangalore,2022-02-18,03:53:55,American Express,ExxonMobil,Success,no
TX8609971,U9051,8952495154604915,650.71,Bangalore,2020-11-18,07:00:35,American Express,Target,Success,yes
TX1115251,U404,0904193814083660,713.01,Varanasi,2019-06-02,15:45:29,MasterCard,Walmart,Success,no
TX1536187,U806,6318829608242471,711.19,Varanasi,2020-06-08,01:10:59,Visa,Starbucks,Success,no
TX7333340,U803,2928651659472811,743.71,Udaipur,2023-10-19,04:50:22,Visa,Best Buy,Success,no
TX4953522,U3789,5028129926636930,1208.52,Delhi,2020-05-21,23:36:32,Visa,Target,Success,no
TX9942536,U104,5523335938848179,1851.27,Goa,2021-11-16,03:26:19,American Express,Shell,Success,no
TX7142909,U4566,2424838515572003,272.62,Kochi,2022-12-19,06:53:34,MasterCard,ExxonMobil,Success,no
TX9296170,U6330,2649843096078810,1574.23,Kolkata,2021-04-17,11:09:40,RuPay,McDonald's,Success,yes
TX6612178,U1140,3468834575304985,775.8,Darjeeling,2020-07-25,19:51:40,MasterCard,McDonald's,Failed,no
TX6029554,U7647,7906672358097223,1370.34,Mandya,2023-09-19,15:45:14,MasterCard,Walmart,Success,no
TX8666293,U8482,9912240539903106,1863.5,Shillong,2018-01-23,21:52:46,Diners Club,Walmart,Success,yes
TX7384478,U2782,7381159231817727,225.2,Delhi,2024-10-17,13:38:37,Visa,Walmart,Failed,no
TX3044860,U2405,8138139027713563,819.54,Jaipur,2023-07-14,10:08:21,Diners Club,McDonald's,Success,no
TX1030633,U5500,8779882050414872,487.98,Mumbai,2021-05-30,03:55:28,RuPay,Target,Success,yes
TX6336249,U4061,1867992735306897,1383.59,Mandya,2025-04-27,18:12:58,RuPay,Amazon,Success,yes
TX2271130,U6891,2360983642468891,1028.03,Mysore,2024-02-09,04:43:28,Visa,Apple Store,Success,no
TX1146771,U4902,6129397500077709,837.77,Kochi,2019-03-10,09:46:51,MasterCard,Shell,Success,yes
TX9895262,U2676,9713435243890081,1135.84,Jaipur,2022-05-17,15:51:02,RuPay,Flipkart,Success,no
TX2046788,U7232,6794108078732961,1511.71,Mandya,2024-01-07,19:15:56,American Express,Target,Success,no
TX4818664,U250,6807568077798673,806.17,Bangalore,2018-02-18,01:12:48,American Express,Flipkart,Success,yes
TX2961917,U974,5764438109385316,1353.76,Leh,2019-08-30,18:04:56,MasterCard,Walmart,Success,no
TX4734996,U9169,2521714190693631,700.79,Darjeeling,2022-09-30,12:08:28,MasterCard,Walmart,Success,no
TX8590148,U7412,6337077161254679,1291.27,Shillong,2022-09-14,09:46:32,RuPay,Starbucks,Success,no
TX8279814,U7089,7552527316538319,1339.53,Mumbai,2023-07-19,03:43:19,Diners Club,Flipkart,Success,no
TX6916637,U2525,1181716986508775,645.56,Varanasi,2019-06-18,02:05:35,Diners Club,Amazon,Success,no
TX5126378,U1574,3601892506598341,1908.38,Mandya,2022-10-28,01:56:56,MasterCard,McDonald's,Failed,no
TX1005185,U6743,2613795893385213,1977.87,Varanasi,2019-06-11,00:39:59,MasterCard,Best Buy,Failed,no
TX4426191,U3527,6514125705325077,1179.17,Delhi,2019-11-25,05:52:16,MasterCard,Best Buy,Success,no
TX1904890,U2721,1517259568547688,544.69,Hyderabad,2025-02-15,05:36:42,Visa,Apple Store,Success,no
TX9431879,U2505,7655649309750959,802.4,Chennai,2024-05-06,18:49:17,RuPay,ExxonMobil,Success,no
TX7453326,U7230,6095213479713878,589.98,Darjeeling,2024-07-15,16:42:44,American Express,Shell,Success,no
TX1367934,U924,8338783613671786,1115.02,Mumbai,2025-06-02,16:51:17,Diners Club,Starbucks,Success,yes
TX7065370,U3622,9460092106725891,975.74,Delhi,2021-03-24,20:39:48,Diners Club,Flipkart,Success,yes
TX1941289,U6023,1728989885888193,1690.04,Delhi,2022-03-14,17:02:10,RuPay,ExxonMobil,Success,no
TX9954472,U8197,0603077573384924,1390.85,Kochi,2020-07-19,00:21:33,Diners Club,Shell,Failed,yes
TX9040960,U8383,1369748698289958,507.87,Darjeeling,2022-02-12,20:01:41,Diners Club,Starbucks,Success,yes
TX9626412,U7156,5021002582616548,902.67,Chennai,2023-02-12,20:27:09,American Express,Best Buy,Success,no
TX4497572,U2732,5446155778855291,1784.02,Hyderabad,2020-07-29,06:56:24,Diners Club,ExxonMobil,Success,yes
TX3931775,U4053,9327278168469219,1700.04,Bangalore,2018-08-04,17:29:46,MasterCard,Target,Success,yes
TX5203629,U3546,4839039900896062,907.24,Kolkata,2023-08-31,00:26:11,RuPay,Best Buy,Success,no
TX9940637,U3015,1938716864908553,951.83,Delhi,2022-06-08,08:50:25,MasterCard,Shell,Success,no
TX1785640,U6365,5065906745913987,415.89,Leh,2021-04-08,01:38:10,Visa,Walmart,Success,no
TX1102532,U7770,1540267712605790,124.81,Darjeeling,2019-07-26,08:02:14,MasterCard,Flipkart,Success,no
TX9363784,U791,9745724424739965,872.73,Darjeeling,2019-03-10,15:25:46,RuPay,McDonald's,Success,no
TX1558603,U6799,1282581272543403,1641.11,Darjeeling,2025-05-14,04:58:28,American Express,McDonald's,Success,no
TX2820389,U4649,7239486700883146,732.35,Mandya,2022-03-07,00:00:49,Diners Club,Amazon,Failed,yes
TX6296064,U791,9576245979318722,430.11,Jaipur,2019-12-31,04:00:05,RuPay,Walmart,Success,no
TX2250692,U8275,2616278364001892,1803.17,Udaipur,2018-08-31,23:45:10,RuPay,Flipkart,Failed,no
TX4215399,U5945,6439375018766418,749.16,Udaipur,2021-10-23,08:07:58,RuPay,Flipkart,Success,no
TX1361823,U6457,9183146421704520,989.39,Mandya,2023-05-14,17:56:40,Diners Club,Shell,Failed,yes
TX8117816,U1559,3156231164017915,803.09,Shillong,2024-02-22,11:04:03,Diners Club,Best Buy,Success,no
TX4871862,U1043,3546498211601942,843.51,Mysore,2023-10-19,08:13:00,RuPay,McDonald's,Success,no
TX1825384,U1256,7513936057327026,1154.83,Mysore,2024-12-19,16:23:53,RuPay,Apple Store,Success,no
TX7854076,U8988,1619063890825868,221.96,Mysore,2024-06-29,00:35:47,RuPay,Starbucks,Success,no
TX6584001,U7744,3802450907600920,1911.01,Darjeeling,2019-04-15,07:41:45,RuPay,Walmart,Success,no
TX6846336,U2112,8672382562332041,1207.2,Chennai,2021-03-28,07:26:46,American Express,Target,Success,no
TX9696394,U377,5124098152966210,550.3,Mysore,2023-07-10,09:55:41,Diners Club,Target,Success,no
TX6858852,U7380,6781675618236608,1809,Darjeeling,2019-10-21,14:07:18,Visa,Target,Success,no
TX6551503,U6362,9517599780596624,376.6,Mumbai,2021-02-09,11:49:16,RuPay,McDonald's,Success,yes
TX1620677,U4122,5704493778861764,901.25,Udaipur,2021-09-27,04:22:07,MasterCard,Walmart,Success,yes
TX4468487,U4817,5966416667780800,285.89,Leh,2020-05-24,00:54:38,Diners Club,Shell,Success,yes
TX2165477,U2700,8322361260682459,838.79,Kochi,2024-03-26,01:25:56,RuPay,Starbucks,Success,no
TX6901455,U6523,9420596706227117,497.63,Udaipur,2020-06-25,12:03:31,MasterCard,Shell,Success,no
TX9773926,U8598,1596740837265328,254.49,Mandya,2020-11-24,10:17:46,Diners Club,Walmart,Failed,yes
TX4329894,U2065,2444710709871098,1656.93,Hyderabad,2024-11-02,00:48:20,RuPay,Apple Store,Failed,no
TX7739984,U9867,6282639068360475,772,Kolkata,2019-11-09,08:26:55,American Express,Amazon,Success,no
TX3115018,U4195,0864896357246095,634.76,Chennai,2024-04-06,08:35:54,Diners Club,Walmart,Success,no
TX2041892,U5630,7356410333907739,1120.6,Udaipur,2023-02-27,04:35:52,American Express,Best Buy,Success,no
TX4392288,U1137,5218033520708179,525.69,Darjeeling,2024-05-17,06:53:54,American Express,Apple Store,Success,no
TX5529259,U6191,1410858048468541,994.27,Darjeeling,2019-08-26,17:52:53,Visa,Apple Store,Failed,no
TX4756142,U8289,4680967509417555,1673.85,Leh,2022-03-21,17:44:03,Visa,Walmart,Success,yes
TX2823302,U408,4670262456662540,1402.14,Udaipur,2021-09-08,13:06:17,MasterCard,Best Buy,Failed,yes
TX2890889,U817,6201610216545412,1984.87,Bangalore,2018-04-16,09:27:05,MasterCard,Flipkart,Success,no
TX2472004,U794,0765875360603931,599.79,Mysore,2021-09-02,15:48:38,American Express,ExxonMobil,Failed,no
TX4662934,U1887,1052488481532055,1268.75,Kolkata,2018-04-20,17:06:13,American Express,Target,Success,yes
TX8138661,U6147,8946658517595098,31.32,Udaipur,2020-10-06,00:17:33,MasterCard,Target,Success,no
TX1973913,U7517,2540245916593234,779.12,Chennai,2018-10-03,04:50:22,Diners Club,Flipkart,Success,no
TX9479552,U2827,2087982390328939,1678.94,Chennai,2022-04-27,00:32:00,American Express,Amazon,Success,no
TX1884237,U750,8508729813528389,1284.89,Goa,2021-08-02,03:40:30,MasterCard,Amazon,Success,no
TX9322041,U5672,9040408906047496,1145.54,Leh,2025-05-08,23:08:33,RuPay,Starbucks,Success,no
TX4985059,U9705,8441885386315896,415.64,Darjeeling,2023-11-18,18:12:10,American Express,Best Buy,Success,no
TX4489468,U8906,0976194831589308,1296.3,Mandya,2025-05-09,00:54:40,Diners Club,Best Buy,Success,no
TX2859457,U8049,0149895011193885,708.41,Chennai,2025-04-15,01:23:10,MasterCard,Flipkart,Success,no
TX2441292,U6311,2373505504455632,404.5,Kochi,2018-08-28,20:38:36,Diners Club,Flipkart,Success,no
TX3942084,U8946,5370047004949605,1531.76,Delhi,2022-07-13,14:28:24,Visa,ExxonMobil,Success,no
TX5711433,U2047,3908076356213959,1950.51,Mandya,2021-06-10,19:37:02,MasterCard,Walmart,Success,no
TX8607142,U1748,2518282405109718,94.37,Goa,2018-11-12,14:05:09,Diners Club,Flipkart,Success,yes
TX2846727,U6655,6534583421861022,923.65,Bangalore,2022-09-30,02:41:17,RuPay,Target,Failed,no
TX1783462,U980,7932123495558858,695.28,Kochi,2021-09-07,01:36:46,Visa,Flipkart,Success,yes
TX7907780,U9415,6905599996823987,736.05,Jaipur,2021-01-09,21:38:58,Visa,McDonald's,Success,no
TX8162187,U1866,0284236317232591,1594.37,Leh,2023-10-25,17:21:51,MasterCard,McDonald's,Success,no
TX8807632,U4504,6612548864978774,507.97,Kochi,2025-04-27,23:19:46,RuPay,Starbucks,Success,no
TX4252263,U5325,1964036728912086,1158.92,Kochi,2021-01-21,06:48:18,American Express,Target,Success,yes
TX7142156,U9869,8130665038829068,1740.3,Delhi,2018-06-06,16:41:40,American Express,ExxonMobil,Success,no
TX9625506,U5743,7069073971121641,1303.77,Mandya,2023-07-09,05:21:46,MasterCard,Walmart,Success,no
TX4661807,U8405,3405205193581488,1467.21,Kochi,2025-02-20,08:26:42,Diners Club,Shell,Failed,no
TX9306178,U8675,2252932583679514,1356.26,Bangalore,2019-02-25,05:40:51,American Express,McDonald's,Success,no
TX2585241,U9631,7559730679627116,1607.64,Udaipur,2018-08-08,17:39:44,Diners Club,Target,Success,no
TX8824553,U6050,7187186030659319,353.83,Udaipur,2025-05-15,15:51:12,RuPay,Target,Success,no
TX1173081,U9259,4602364006260130,254.17,Kochi,2018-07-03,16:25:14,Visa,Target,Success,no
TX9001706,U570,5015585708810063,830.73,Kolkata,2019-06-14,17:18:35,MasterCard,Target,Success,no
TX7988044,U4416,7791819006399809,1425.68,Varanasi,2022-04-06,08:48:53,American Express,Shell,Success,no
TX6502495,U7537,1598909222273376,101.22,Udaipur,2021-04-12,08:43:36,MasterCard,Amazon,Success,yes
TX3868497,U3430,6899798177674250,1051.03,Varanasi,2020-10-28,16:08:31,Visa,ExxonMobil,Failed,no
TX2118414,U8010,3349897792953257,924.28,Kolkata,2018-12-13,13:28:57,MasterCard,Shell,Success,no
TX4149424,U8408,8850332701609525,40.4,Jaipur,2020-01-20,23:13:11,RuPay,Best Buy,Success,no
TX6121529,U6364,6519065895320748,722.89,Hyderabad,2021-11-07,03:18:27,Visa,Target,Success,no
TX8544970,U7052,5390003657310065,245.38,Mysore,2019-07-18,22:03:48,American Express,Flipkart,Success,no
TX7470427,U3709,2473461000988350,1028.56,Varanasi,2025-05-11,22:36:41,Visa,Starbucks,Success,no
TX7955752,U2696,4001105997280711,41.95,Udaipur,2022-11-30,17:32:13,MasterCard,McDonald's,Success,no
TX6255287,U7754,7927842944326829,741.52,Darjeeling,2019-08-21,19:50:06,RuPay,Walmart,Success,no
TX5104378,U5215,6199319382766055,684.18,Mysore,2018-07-23,23:56:23,MasterCard,Walmart,Success,no
TX8023776,U4139,7832154986832978,912.46,Shillong,2023-07-04,04:46:36,RuPay,Target,Success,no
TX5352678,U595,5551446637047267,20.39,Hyderabad,2023-02-25,00:03:27,RuPay,ExxonMobil,Failed,no
TX9491482,U6004,7371202622762402,819.67,Shillong,2022-08-04,11:38:31,Visa,Amazon,Failed,no
TX2286531,U9428,4060133033111706,1482.99,Kolkata,2024-10-13,23:56:47,RuPay,Amazon,Failed,no
TX5277916,U2241,6469860386084646,894.82,Jaipur,2023-04-17,23:10:18,RuPay,ExxonMobil,Success,no
TX4904238,U7517,0952886087016722,210.27,Shillong,2022-05-29,21:36:56,American Express,Best Buy,Success,no
TX1477561,U7513,2855201831299893,1348.9,Kochi,2020-03-28,02:33:43,Diners Club,ExxonMobil,Failed,no
TX6603219,U6777,7008207617324748,986.9,Hyderabad,2022-01-29,10:49:29,Diners Club,Walmart,Failed,no
TX7839628,U3509,6149148428226280,1027.46,Kochi,2018-05-30,13:39:17,RuPay,ExxonMobil,Success,no
TX7174699,U353,5357778851252549,1098.52,Delhi,2023-01-06,10:14:28,Visa,Starbucks,Success,no
TX2592059,U6742,5722089343185851,1231.05,Kolkata,2025-06-28,01:07:58,RuPay,ExxonMobil,Failed,yes
TX5074404,U3597,0571247643348454,14.75,Bangalore,2020-05-21,22:33:41,RuPay,ExxonMobil,Failed,yes
TX1348322,U5240,5410720377636852,422.23,Darjeeling,2019-03-14,19:28:27,American Express,Starbucks,Success,no
TX5782677,U7840,0149874825445787,642.73,Delhi,2019-03-06,01:11:18,American Express,Target,Success,no
TX1247907,U3880,3547287682869281,547.43,Jaipur,2018-04-15,17:29:32,MasterCard,Target,Failed,no
TX7891285,U2728,5535552346904817,1588.6,Leh,2021-11-19,21:20:30,MasterCard,Flipkart,Success,no
TX5113674,U9813,0010523391623663,968.71,Kochi,2018-08-12,23:14:17,MasterCard,McDonald's,Failed,no
TX6318799,U5515,3164545096521843,346.42,Kochi,2019-05-17,10:17:16,MasterCard,ExxonMobil,Success,no
TX8435746,U4497,7046934423512831,1970.22,Kolkata,2019-12-24,05:35:10,RuPay,Flipkart,Failed,no
TX3037234,U5827,2770586167659615,1564.75,Kolkata,2018-10-31,19:14:34,Diners Club,McDonald's,Success,no
TX6204762,U7391,3013879068506667,1407.09,Bangalore,2023-06-26,20:37:27,MasterCard,Walmart,Success,no
TX7023423,U2415,4674522095452341,514.04,Bangalore,2024-08-03,07:43:17,Visa,Shell,Success,no
TX2033414,U2157,5404850369641008,74.23,Mandya,2024-07-03,00:21:16,American Express,Apple Store,Success,no
TX1048629,U3882,7256758557080944,1477.85,Udaipur,2024-07-02,16:23:11,Visa,Flipkart,Failed,no
TX4727974,U5006,9585657946809574,28.53,Darjeeling,2018-09-27,00:23:22,Diners Club,Target,Success,no
TX6973566,U8473,2959360220547441,664.81,Kolkata,2022-04-05,06:34:20,MasterCard,Apple Store,Success,no
TX1460466,U4346,4848506152407638,1691.83,Mandya,2020-05-01,10:01:28,Visa,Apple Store,Success,no
TX3588379,U3308,5358522962154856,99.69,Kochi,2024-12-07,05:06:44,Diners Club,Flipkart,Success,yes
TX3193352,U1623,8138750500322057,475.99,Goa,2018-06-08,20:53:46,Visa,Apple Store,Success,no
TX6267103,U4948,2456848200556861,497.55,Mysore,2024-12-13,06:29:39,RuPay,Best Buy,Success,no
TX5705504,U79,3546614997439343,1663.8,Delhi,2021-04-25,15:33:16,Diners Club,McDonald's,Success,no
TX2308199,U2801,7862549757964251,559.22,Hyderabad,2022-08-10,05:29:53,Diners Club,Target,Success,no
TX8090797,U810,7391069707423812,79.46,Udaipur,2022-05-16,01:24:31,Diners Club,Flipkart,Success,no
TX6427289,U3558,1481675875155279,1903.65,Leh,2020-07-30,22:05:36,Diners Club,Flipkart,Success,no
TX8182992,U8138,7382711570562703,1718.04,Hyderabad,2023-11-24,08:12:57,Visa,Target,Success,no
TX4747736,U6812,3345531017488742,450.87,Darjeeling,2023-08-06,10:33:37,RuPay,Starbucks,Success,no
TX6613132,U6227,6267363220600671,1811.5,Goa,2024-07-18,23:04:12,MasterCard,Starbucks,Success,no
TX2621931,U5202,6689327274661597,871.24,Jaipur,2021-12-25,00:10:20,Visa,Best Buy,Failed,no
TX5230678,U2287,0629335339662585,1943.17,Mysore,2018-08-15,20:37:00,MasterCard,Walmart,Success,no
TX9534868,U663,7108918970091785,514.85,Mysore,2022-06-14,07:25:22,MasterCard,Target,Failed,no
TX8323498,U2819,0459132432152000,1397.07,Kolkata,2020-11-13,12:53:43,MasterCard,Walmart,Success,yes
TX7829791,U835,5025342149492685,274.44,Mumbai,2021-09-27,21:25:58,Visa,Apple Store,Success,no
TX7458019,U4889,5324104384335562,1035.49,Mandya,2022-06-01,22:15:30,Visa,ExxonMobil,Failed,no
TX7219701,U4088,3434163993598196,1113.6,Kolkata,2019-09-05,01:14:38,MasterCard,Apple Store,Success,no
TX4004109,U8685,4721429679785676,276.67,Mysore,2021-02-13,05:51:23,MasterCard,McDonald's,Success,no
TX1126683,U8054,3764271779603119,1557.22,Darjeeling,2020-08-28,02:27:34,Diners Club,Shell,Success,no
TX5722972,U3056,3368786672359886,1305.17,Shillong,2018-03-31,18:56:55,American Express,Flipkart,Success,yes
TX3335065,U8553,1631063653685805,1890,Leh,2018-04-22,10:23:53,American Express,ExxonMobil,Success,yes
TX5748361,U7020,9971588670922730,1505.44,Leh,2020-08-13,18:01:52,RuPay,Apple Store,Success,no
TX7749249,U2605,4772974102079834,1408.66,Delhi,2018-04-07,19:27:53,MasterCard,ExxonMobil,Success,no
TX3251535,U1233,6508597505891665,1676.15,Mumbai,2020-12-15,23:16:02,MasterCard,Shell,Success,yes
TX4147471,U1353,0640597202214880,1957.69,Goa,2021-11-27,13:07:50,Diners Club,Apple Store,Success,yes
TX1639564,U6873,0239938552060387,1089.22,Kochi,2025-01-16,06:58:45,MasterCard,McDonald's,Failed,no
TX1998341,U3857,0341024208236460,1136.55,Bangalore,2019-02-05,02:14:32,RuPay,Walmart,Success,no
TX3109620,U5700,1662738696151088,1733.23,Leh,2024-03-16,11:49:59,American Express,Apple Store,Success,no
TX3875064,U2316,1521399715532337,1354.46,Mumbai,2024-04-10,21:01:49,Diners Club,Shell,Success,yes
TX9745415,U6724,6584269514177584,530.75,Mumbai,2022-04-23,17:45:22,Diners Club,McDonald's,Failed,yes
TX7515381,U7742,4170149215614478,388.08,Darjeeling,2024-11-21,13:36:17,MasterCard,Flipkart,Success,yes
TX2918597,U4444,0715908619648930,1709.6,Shillong,2020-07-30,02:41:23,RuPay,Shell,Success,yes
TX7607773,U648,6540594278086292,337.27,Kolkata,2020-11-27,01:06:52,RuPay,Amazon,Success,no
TX6766076,U3995,9833943138289946,357.67,Jaipur,2022-10-14,14:09:36,MasterCard,Target,Success,no
TX2414000,U6196,1621720866875155,302.65,Leh,2020-02-03,13:33:24,RuPay,Best Buy,Success,no
TX1762067,U9768,1808707553686903,1042.37,Chennai,2024-08-29,09:07:39,American Express,Target,Success,no
TX7467633,U3170,9259736811334828,1020.42,Mumbai,2020-08-29,17:44:18,American Express,Apple Store,Success,no
TX4993208,U1843,6301868201404622,994.35,Mandya,2018-05-12,01:35:03,Diners Club,Apple Store,Success,no
TX6918791,U58,1332313931213062,1356.42,Jaipur,2022-12-08,03:36:55,RuPay,Shell,Failed,yes
TX1991315,U4356,1217063662346646,1852.08,Mandya,2018-12-20,13:57:43,American Express,ExxonMobil,Success,no
TX7980882,U9069,1715334970834213,1922.11,Bangalore,2023-02-23,12:14:38,RuPay,Walmart,Failed,no
TX3962268,U5113,5619336350892873,894.27,Darjeeling,2022-09-01,14:55:47,American Express,Walmart,Failed,no
TX3676597,U2171,9273967734609704,107.7,Udaipur,2023-05-21,15:44:52,Diners Club,Apple Store,Success,no
TX3840668,U5878,9026040521663148,797.79,Leh,2024-10-13,06:42:01,Visa,Shell,Failed,no
TX3354568,U3546,5125918410495844,22.64,Mumbai,2020-09-19,10:56:58,American Express,Target,Success,no
TX4291336,U5176,4830513351806777,878.33,Bangalore,2023-11-02,02:02:51,Visa,Target,Success,no
TX7234691,U8035,3669548479388921,1309.55,Goa,2025-06-22,20:48:05,American Express,Starbucks,Success,no
TX8831665,U6360,0809589661256567,797.01,Shillong,2024-05-20,01:27:12,MasterCard,ExxonMobil,Success,no
TX4195499,U3827,7994194920818290,1079.69,Delhi,2024-12-19,16:40:54,American Express,ExxonMobil,Success,yes
TX1271612,U5608,2669809334956898,1518.34,Mumbai,2024-07-13,02:13:42,MasterCard,McDonald's,Success,no
TX3118861,U9606,1893711685617464,167.29,Hyderabad,2021-11-05,16:15:35,American Express,Starbucks,Failed,no
TX9045781,U1593,7022717970968014,126.87,Udaipur,2023-04-01,16:55:26,MasterCard,ExxonMobil,Success,no
TX7105460,U1903,2444313235629258,781.49,Darjeeling,2024-09-13,20:22:09,RuPay,ExxonMobil,Success,no
TX6233614,U4721,0737428979543083,1237.99,Delhi,2021-07-16,23:04:14,Diners Club,Starbucks,Success,no
TX3546629,U4211,1074818054679614,616.42,Kochi,2021-04-01,19:15:10,MasterCard,Walmart,Success,yes
TX8038645,U2674,7512506614326119,37.75,Bangalore,2024-12-13,04:25:56,Visa,Starbucks,Success,no
TX9126211,U9177,9144385040250746,118.43,Goa,2020-04-19,04:18:48,American Express,Walmart,Success,no
TX6171059,U7901,9695427435985828,1257.94,Varanasi,2022-10-04,02:22:26,RuPay,Apple Store,Success,no
TX3090421,U580,0135009599925404,1044.84,Chennai,2020-07-31,09:51:43,MasterCard,ExxonMobil,Success,yes
TX2300320,U5800,7873011326852690,98.92,Kochi,2022-03-30,14:12:12,RuPay,Shell,Success,no
TX1067584,U4043,4777051973434642,540.39,Jaipur,2022-01-10,13:53:31,MasterCard,Amazon,Success,no
TX4162454,U783,6809460588915773,1792.73,Mysore,2023-05-17,19:44:06,Visa,Best Buy,Success,yes
TX3734818,U3290,4903286430452111,266.27,Mumbai,2019-01-15,19:15:25,Diners Club,Walmart,Success,no
TX3840829,U580,6214246598132894,971.23,Mumbai,2019-09-06,21:53:39,American Express,Flipkart,Success,no
TX5449136,U3494,5425373909117400,1379.92,Hyderabad,2019-10-30,20:05:07,MasterCard,Flipkart,Failed,yes
TX9426733,U3293,3037142502419851,1485.53,Udaipur,2020-10-22,03:23:02,MasterCard,Target,Failed,yes
TX1472030,U9965,5299423532233157,180.51,Udaipur,2023-03-28,16:52:19,Diners Club,Shell,Success,no
TX9293793,U6512,5059277082207095,793.88,Mumbai,2023-03-14,02:30:23,MasterCard,Flipkart,Success,no
TX8130991,U4560,3185875171304715,420.1,Varanasi,2019-10-31,14:56:28,American Express,Target,Success,no
TX6148338,U2037,3396042982183864,963.1,Mumbai,2022-08-13,17:24:09,MasterCard,Starbucks,Success,yes
TX8220865,U2926,8243443743226518,1958.08,Delhi,2021-10-13,14:26:56,MasterCard,McDonald's,Success,no
TX6637785,U8736,0798519909270369,1278.38,Mumbai,2018-12-25,06:12:12,Visa,ExxonMobil,Failed,yes
TX9349586,U9483,7467114828603236,781.83,Kolkata,2023-02-18,08:55:37,American Express,Shell,Failed,no
TX2244019,U7576,4147018272488596,998.17,Delhi,2022-10-28,10:33:32,MasterCard,Flipkart,Success,no
TX5067579,U2884,2491733107503261,845.96,Chennai,2023-10-28,04:37:36,MasterCard,Flipkart,Failed,no
TX4549739,U7526,4306660995418321,1225.48,Darjeeling,2022-08-03,00:24:01,Visa,Starbucks,Success,no
TX6513220,U35,8468777726384681,1847.51,Kolkata,2023-04-25,17:42:56,MasterCard,Best Buy,Success,no
TX8605382,U8140,0036888588152834,1547.05,Leh,2021-10-02,10:46:23,Visa,Target,Success,no
TX6642460,U7924,3615136720865203,1895.1,Mandya,2019-09-25,02:43:57,Visa,Flipkart,Success,no
TX7182492,U5985,3638617119739398,966.67,Darjeeling,2019-11-15,13:20:04,American Express,McDonald's,Success,no
TX9804855,U3824,4215463603955792,1829.63,Jaipur,2019-12-18,18:10:58,RuPay,Target,Success,no
TX3479619,U3522,2990286798647621,120.98,Shillong,2021-12-01,07:13:30,Diners Club,Starbucks,Success,no
TX8630391,U997,2693467882122203,1891.14,Hyderabad,2020-12-18,03:08:08,Visa,Walmart,Success,no
TX4203238,U7026,4022870450700199,268.86,Hyderabad,2020-11-09,20:02:56,RuPay,Best Buy,Success,yes
TX5788175,U1825,2532493639985553,913.35,Delhi,2019-07-16,09:16:38,Diners Club,Best Buy,Success,no
TX3288486,U2856,5009637578066412,828.31,Mandya,2022-02-17,15:42:52,Visa,Apple Store,Success,no
TX2791906,U8592,9388952226656637,1371.54,Mandya,2020-11-03,13:06:38,American Express,Flipkart,Success,no
TX4243056,U1009,2684510597592813,183.37,Hyderabad,2024-10-08,00:57:56,American Express,Target,Success,yes
TX3924571,U8305,4549472656765058,687.74,Kochi,2025-06-26,02:25:50,American Express,Starbucks,Success,no
TX6349685,U557,3161640611682767,1133.77,Kochi,2024-12-19,12:34:21,MasterCard,McDonald's,Success,no
TX7603860,U3242,0571954415717046,209.42,Mandya,2024-10-27,03:41:19,Visa,Apple Store,Success,no
TX9257892,U5277,1559214931171563,359.74,Varanasi,2022-09-08,02:28:22,Diners Club,Shell,Success,no
TX5274766,U7137,2374458496944087,124.42,Shillong,2020-01-20,12:28:54,American Express,Starbucks,Success,yes
TX2712776,U3002,0581826970462077,1559.87,Hyderabad,2023-03-15,08:46:45,Visa,Walmart,Success,no
TX2317653,U9983,1933983877382110,139.15,Hyderabad,2021-03-17,17:51:58,MasterCard,ExxonMobil,Success,no
TX5310829,U3929,9918872417023067,1579.37,Chennai,2022-10-16,23:26:02,American Express,Best Buy,Success,yes
TX9110676,U4454,4172637339128633,791.16,Mumbai,2024-06-04,02:15:58,Diners Club,McDonald's,Success,no
TX4634188,U3609,4067571408904943,669.77,Kochi,2020-03-15,00:50:04,MasterCard,Flipkart,Success,no
TX2563157,U3674,2900531078501868,1780.54,Hyderabad,2022-06-14,21:00:14,Diners Club,Starbucks,Success,no
TX6203760,U940,1231267316619550,1930.46,Kochi,2023-01-11,17:06:27,Visa,ExxonMobil,Success,no
TX1754561,U2681,4195529537297272,306.37,Darjeeling,2019-10-03,20:47:19,Diners Club,Amazon,Success,no
TX8102788,U3892,3275189972090420,1341.03,Jaipur,2023-10-10,08:58:06,RuPay,Shell,Success,no
TX8843865,U9066,3865259743529504,1439.73,Udaipur,2021-11-10,15:14:01,American Express,McDonald's,Failed,no
TX9532839,U5256,0306352906512290,1810.39,Delhi,2018-11-24,07:51:21,RuPay,Apple Store,Success,no
TX8807139,U5969,6306192613666297,1742,Leh,2020-12-12,13:59:23,MasterCard,ExxonMobil,Success,yes
TX7549668,U7643,5198671874295517,792.9,Kolkata,2022-12-08,06:29:35,American Express,Flipkart,Success,yes
TX1702099,U7515,3470428482407037,83.35,Varanasi,2020-06-29,12:12:30,Diners Club,Shell,Success,no
TX5598703,U5432,1772286421997824,1579.4,Chennai,2021-06-30,04:03:35,American Express,Flipkart,Success,no
TX4398835,U5702,6342549598754279,345.82,Udaipur,2022-04-21,11:54:47,American Express,Best Buy,Failed,yes
TX8662454,U5114,0043889590521598,949.11,Mumbai,2024-01-02,23:58:39,Diners Club,Amazon,Success,no
TX3731941,U3654,4663921300602362,1131.95,Kochi,2022-03-29,07:20:22,Diners Club,Walmart,Success,yes
TX1887293,U8980,0992231034132357,614.61,Mumbai,2023-11-28,11:49:44,RuPay,ExxonMobil,Success,no
TX2620114,U4096,2851465043242698,1734.4,Mandya,2019-11-17,14:09:52,RuPay,Amazon,Success,yes
TX4198071,U4954,5781581038481647,52.87,Shillong,2023-10-20,05:25:16,American Express,Target,Failed,no
TX3299133,U2580,9234623782407593,1838.22,Mumbai,2020-12-26,01:00:15,RuPay,Target,Success,no
TX5507683,U6563,5587403069137089,1377.83,Hyderabad,2025-04-12,20:09:52,American Express,Starbucks,Success,no
TX3988855,U7779,8573159797613906,944.28,Kolkata,2020-06-15,01:52:13,MasterCard,McDonald's,Success,no
TX8943879,U4165,8482931081962338,865.63,Kochi,2022-08-11,16:34:25,Diners Club,Flipkart,Success,no
TX2157968,U4334,8344195637560104,651.99,Kochi,2019-09-04,18:59:34,Diners Club,Apple Store,Success,yes
TX2368307,U2500,3634607118372853,1071.87,Hyderabad,2018-07-14,22:15:41,American Express,Apple Store,Success,no
TX8395634,U7003,1971160849273966,943.3,Mandya,2018-04-05,13:47:12,Diners Club,Apple Store,Success,no
TX8193684,U9922,4280642432012241,663.37,Mysore,2018-06-01,23:55:22,MasterCard,Walmart,Success,no
TX1684065,U6092,5922015439601785,344.06,Leh,2021-03-03,20:59:32,Diners Club,ExxonMobil,Success,no
TX9766478,U9879,3313137060948305,1710.64,Kochi,2022-02-05,13:57:39,RuPay,Shell,Success,yes
TX8824792,U5839,2382459060411061,838.4,Mumbai,2021-01-16,17:49:28,American Express,Apple Store,Success,no
TX4481871,U9438,4873811417995816,1966.32,Leh,2022-10-29,08:23:04,RuPay,Flipkart,Success,no
TX6991793,U8021,2063944317988219,593.89,Leh,2024-03-09,21:43:53,RuPay,Amazon,Success,no
TX1894360,U613,0749790764463916,31.74,Darjeeling,2024-05-23,05:01:11,MasterCard,Target,Success,no
TX9010173,U4236,0658734095363276,1117.62,Varanasi,2020-07-17,07:10:38,Diners Club,Flipkart,Failed,no
TX1178676,U843,9474980618805285,1965.19,Jaipur,2021-03-29,02:42:04,RuPay,Walmart,Success,no
TX7947915,U544,3769690255743796,1033.93,Leh,2018-06-23,06:35:26,Diners Club,Amazon,Failed,no
TX9349818,U6827,0712041918072543,594.07,Hyderabad,2021-01-28,15:37:40,MasterCard,McDonald's,Success,no
TX3985889,U2474,6640602212117514,411.77,Hyderabad,2018-08-13,03:48:53,MasterCard,ExxonMobil,Success,no
TX3640128,U9023,4686480165634218,1240.71,Kochi,2021-08-04,12:21:12,Visa,Shell,Failed,no
TX2888430,U1931,5786345799803382,432.12,Mandya,2020-09-19,04:11:52,MasterCard,Amazon,Success,no
TX5573335,U206,2156700983839206,778.84,Varanasi,2020-12-26,22:37:14,American Express,Apple Store,Success,no
TX8101710,U5639,6062587890998723,826.61,Goa,2023-03-16,05:44:00,Visa,Walmart,Success,no
TX1405697,U2064,9028980376841720,933.32,Udaipur,2018-05-09,18:58:19,MasterCard,Target,Success,no
TX3799199,U4667,7826844499191069,326.95,Darjeeling,2022-12-21,01:39:39,American Express,Amazon,Success,no
TX7937188,U2508,6142007110228417,1980.41,Varanasi,2024-09-04,22:10:06,Diners Club,Starbucks,Success,no
TX3934305,U5471,5894454293569735,764.52,Goa,2019-08-29,07:36:24,MasterCard,Amazon,Success,no
TX8144380,U7328,7791502749384953,1350.74,Kochi,2019-10-23,22:00:02,MasterCard,Starbucks,Success,no
TX8690601,U156,0603978571683922,529.87,Hyderabad,2019-03-31,16:20:41,American Express,Flipkart,Success,no
TX9484671,U8198,9760232041222892,1474.17,Mysore,2022-03-13,08:04:51,MasterCard,Shell,Success,no
TX6179924,U7033,4873722104974542,408.13,Leh,2018-01-19,07:00:37,Visa,Flipkart,Success,no
TX2345978,U9615,6055172942862533,225.36,Delhi,2020-02-22,22:54:49,American Express,McDonald's,Success,yes
TX9272678,U1486,8939804070994456,1238.19,Chennai,2025-06-27,21:27:31,RuPay,Apple Store,Success,no
TX4876923,U895,4021486116013801,830.06,Darjeeling,2020-03-07,03:12:33,Diners Club,Starbucks,Success,no
TX1363659,U4720,6569465605507081,39.2,Jaipur,2025-02-02,05:07:34,RuPay,Walmart,Success,yes
TX4068939,U9247,5502551699992122,598.96,Mysore,2018-01-28,13:40:39,RuPay,Walmart,Success,yes
TX5739503,U8457,1169868628628188,1120.31,Kolkata,2020-07-30,07:12:04,American Express,Amazon,Success,no
TX2194417,U3264,7591691386446705,552.32,Shillong,2025-05-11,15:07:27,Visa,Shell,Failed,no
TX7399743,U7635,3446345320765369,568.98,Kolkata,2020-12-26,00:17:26,RuPay,Apple Store,Failed,no
TX3742660,U3962,0805710753016251,1006.28,Hyderabad,2021-05-20,21:14:47,RuPay,Shell,Success,no
TX1222021,U7146,6544237338283895,935.38,Mumbai,2018-12-04,15:54:40,Diners Club,Apple Store,Success,yes
TX3542938,U7830,7261882755017986,643.33,Darjeeling,2023-02-16,06:39:20,Diners Club,Best Buy,Success,yes
TX7522100,U4297,6931789524414818,1492.62,Bangalore,2025-04-11,08:02:27,RuPay,Target,Success,no
TX4020723,U3955,6561824549069290,1606.01,Mandya,2023-08-01,10:53:53,Visa,Amazon,Success,no
TX6185298,U7321,3528921633810259,1063.51,Mumbai,2024-02-01,16:36:43,MasterCard,ExxonMobil,Success,no
TX5650869,U6332,2158365688260456,1282.48,Jaipur,2023-03-17,17:44:24,RuPay,Shell,Success,no
TX9991511,U2789,3498071138039839,1144.13,Jaipur,2024-07-27,16:11:09,Visa,Walmart,Success,no
TX2380107,U9257,4803813306892319,1871.2,Udaipur,2018-01-18,10:48:54,Visa,Flipkart,Success,no
TX7200763,U7121,7472957934756052,957.81,Jaipur,2018-07-09,14:39:14,Diners Club,Best Buy,Failed,no
TX7002562,U8299,3340065310697271,208.94,Goa,2022-03-06,05:05:23,RuPay,Target,Success,no
TX3257218,U8285,1165529177071613,1131.65,Mysore,2019-08-12,22:30:58,American Express,ExxonMobil,Success,no
TX7699787,U9073,9866410794472593,1501.3,Hyderabad,2020-08-30,08:59:55,Visa,Amazon,Success,no
TX3631455,U8779,3417287854216051,1733.77,Mysore,2022-11-27,02:20:23,American Express,Target,Success,no
TX6137047,U9524,9392766427062547,446.73,Shillong,2018-07-23,21:33:35,American Express,Apple Store,Success,yes
TX7377605,U8819,9248419740905904,524.72,Goa,2022-02-04,11:36:04,RuPay,ExxonMobil,Failed,no
TX7059076,U2352,6181958744674935,1627.41,Kolkata,2018-01-03,10:04:59,RuPay,Starbucks,Success,yes
TX5899855,U964,3119790180471986,909.02,Varanasi,2020-05-10,02:23:04,MasterCard,McDonald's,Success,no
TX7028675,U9499,7199761163348265,1241.59,Mandya,2025-04-18,22:43:31,RuPay,Target,Success,no
TX5528044,U5229,6556241596108487,778.16,Kolkata,2022-03-19,12:31:57,American Express,Amazon,Success,yes
TX6125189,U5236,6510410476087173,1241.88,Leh,2021-11-29,04:08:39,Visa,Amazon,Success,no
TX3402703,U2364,5383519759912829,1858.86,Jaipur,2018-03-22,11:37:52,Diners Club,Target,Success,no
TX3722801,U4828,4879056177786888,796.07,Hyderabad,2020-05-06,05:09:18,Visa,ExxonMobil,Failed,no
TX9307347,U2109,1546321324453246,723.09,Shillong,2022-11-05,08:19:42,Diners Club,Shell,Success,no
TX4669330,U3044,1244286904837838,1616.73,Delhi,2022-02-17,20:45:45,RuPay,Apple Store,Failed,no
TX9708749,U4721,8235874169752423,584.55,Delhi,2022-11-29,06:54:58,RuPay,Amazon,Success,no
TX8804929,U4821,2166452234354937,201.78,Kolkata,2021-03-23,14:43:18,American Express,McDonald's,Success,yes
TX7293878,U5133,7743895478153848,722.42,Kochi,2023-02-01,15:18:03,RuPay,Amazon,Success,no
TX1414167,U9348,7064931013402987,721.06,Kolkata,2022-12-13,01:04:03,RuPay,Target,Success,no
TX6477534,U4549,0255556686715191,1693.28,Leh,2018-08-23,05:31:13,Diners Club,McDonald's,Failed,no
TX5805104,U2713,7821999174766360,1757.6,Varanasi,2024-09-11,05:23:20,American Express,Starbucks,Failed,no
TX4931330,U9449,1091906777135862,995.89,Hyderabad,2018-03-29,15:52:08,MasterCard,McDonald's,Success,no
TX6565320,U1298,7655045835978599,453.13,Goa,2018-09-07,15:37:18,Diners Club,Target,Success,no
TX7210025,U1104,4783359942399894,1437.41,Mysore,2019-09-29,14:12:15,American Express,Walmart,Success,no
TX8414718,U6480,6881902226935803,449.34,Varanasi,2022-05-14,03:42:39,RuPay,Starbucks,Success,no
TX8530047,U4045,5774611727581329,1765.27,Mumbai,2024-09-02,04:16:58,RuPay,Apple Store,Success,no
TX3562151,U8164,1243106323725767,1549.49,Hyderabad,2024-09-21,21:40:26,RuPay,Walmart,Success,no
TX2462967,U4349,5170257584708018,1333.99,Chennai,2021-02-16,17:46:28,RuPay,McDonald's,Failed,no
TX5235500,U5622,9547125864906971,526.87,Chennai,2025-05-24,20:18:18,American Express,Walmart,Success,no
TX7720520,U882,3465619753482489,19.81,Hyderabad,2019-06-02,03:07:18,Diners Club,Best Buy,Success,no
TX8720770,U4702,7996089095082824,435.68,Leh,2020-03-08,10:16:17,RuPay,Flipkart,Success,yes
TX8968260,U5157,0790594568587744,295.52,Shillong,2025-06-30,13:45:22,Diners Club,ExxonMobil,Success,no
TX2993659,U5362,4848698892879600,664.69,Hyderabad,2019-04-17,22:03:02,American Express,Target,Success,no
TX1318048,U8051,9781536598444804,259.51,Kolkata,2023-04-08,22:05:19,RuPay,Starbucks,Failed,no
TX4583834,U7136,0273107504743322,1414.06,Mandya,2018-09-11,01:51:27,Visa,Target,Success,no
TX5743012,U6949,5005586207280956,1886.81,Hyderabad,2024-12-09,13:48:59,MasterCard,Apple Store,Success,no
TX5380178,U6964,5526109453292076,1700.1,Delhi,2021-04-09,18:30:36,American Express,Apple Store,Success,no
TX4327296,U2399,1624215279098638,422.32,Hyderabad,2022-06-02,22:08:00,MasterCard,Starbucks,Success,no
TX8209961,U5940,4010752011359782,422.93,Varanasi,2020-12-23,11:33:48,MasterCard,Best Buy,Failed,no
TX6759521,U7051,3400843756656955,1919.46,Udaipur,2020-06-19,14:40:04,Visa,Best Buy,Success,yes
TX2169850,U2341,7571942770647249,656.38,Delhi,2018-01-31,10:15:04,Diners Club,Amazon,Success,no
TX8037989,U4074,1028565610457549,1971.85,Shillong,2020-08-20,16:51:59,RuPay,Best Buy,Success,yes
TX7503150,U2155,0080575694211133,37.99,Delhi,2023-01-02,23:38:39,Diners Club,Flipkart,Success,yes
TX8790542,U2187,7581914995120624,1953.86,Darjeeling,2021-06-29,16:08:26,Diners Club,Flipkart,Success,no
TX7429310,U4803,1848023844504743,1048.72,Chennai,2024-12-10,13:39:36,Diners Club,Amazon,Success,no
TX4017107,U9446,2277504603709731,1203.12,Shillong,2018-07-19,12:28:09,RuPay,Flipkart,Success,yes
TX6272572,U9518,9274183395945633,263.94,Varanasi,2018-05-16,03:01:37,American Express,Starbucks,Success,no
TX7328847,U3939,7768409308596305,676.6,Jaipur,2020-06-11,13:23:18,RuPay,Target,Success,no
TX5354841,U8160,2571055236673774,1417.28,Udaipur,2018-08-09,23:22:27,Visa,Best Buy,Success,no
TX3017681,U1847,5687748358528739,1870.4,Shillong,2024-03-09,20:51:45,RuPay,Walmart,Failed,no
TX1597385,U6473,6585354557416247,1558.76,Mandya,2020-11-10,13:41:27,American Express,ExxonMobil,Success,no
TX6481145,U3491,7158063585080881,1845.06,Leh,2020-04-29,02:23:10,American Express,Target,Success,yes
TX2301444,U8885,6930478989352385,1121.22,Kolkata,2025-04-27,19:25:19,RuPay,Target,Success,yes
TX6383710,U3460,9536874551451163,996.91,Udaipur,2023-02-26,02:23:27,Diners Club,Amazon,Success,yes
TX3246151,U3186,0393936095596326,397.59,Udaipur,2024-09-22,23:05:13,American Express,ExxonMobil,Success,no
TX9275953,U7639,7820676067152800,1024.19,Kolkata,2022-09-19,21:25:23,Visa,ExxonMobil,Failed,no
TX7197878,U4001,2898312754332878,157.33,Jaipur,2020-02-04,03:39:04,American Express,ExxonMobil,Success,no
TX9145974,U2272,1417839312041842,583.18,Udaipur,2020-01-29,07:36:10,RuPay,Target,Success,no
TX8122665,U295,4621897435417530,306.54,Bangalore,2022-03-01,22:16:35,Diners Club,Apple Store,Success,yes
TX5936594,U5365,7103900554925858,501.31,Jaipur,2024-11-14,21:07:20,Visa,Flipkart,Success,no
TX2148484,U5386,6130428410410955,688.33,Kochi,2021-03-13,04:08:41,Diners Club,Shell,Success,yes
TX4909743,U9636,4305648300130908,1390.67,Kolkata,2018-01-13,02:13:05,Visa,Shell,Success,no
TX2950591,U6924,9443482368034579,1570.18,Shillong,2019-09-24,00:38:51,American Express,Flipkart,Failed,yes
TX9563705,U5911,8548370752886710,942.17,Chennai,2019-01-12,09:21:10,Visa,McDonald's,Success,no
TX2206995,U3757,5983265871340266,1854.76,Chennai,2023-05-28,00:16:28,Visa,Amazon,Failed,yes
TX1915961,U6696,7441901713516227,647.97,Mandya,2022-12-12,11:14:11,RuPay,Flipkart,Success,yes
TX9442294,U6364,0436134224128113,1255.06,Mumbai,2018-09-23,20:18:22,Visa,Apple Store,Success,yes
TX7571408,U1180,4102809786993734,112.28,Kochi,2023-08-21,09:49:33,Visa,Starbucks,Success,no
TX6955621,U1600,7339951994309426,95.51,Delhi,2022-09-29,05:03:44,MasterCard,Walmart,Success,no
TX7215759,U3848,5696527322136867,263.46,Darjeeling,2018-08-17,16:37:37,Diners Club,Walmart,Success,no
TX5955766,U6289,3033005534623336,921.7,Hyderabad,2023-12-21,11:31:58,RuPay,Amazon,Success,no
TX7243268,U5280,3292096530346433,803.4,Goa,2025-03-20,10:11:36,RuPay,Apple Store,Success,no
TX7547492,U358,9694140133928622,1759.37,Kochi,2019-08-11,21:23:28,RuPay,McDonald's,Success,no
TX9241540,U7743,8927169462962696,572.86,Mumbai,2021-03-09,15:21:57,Visa,Shell,Success,no
TX1746250,U2679,9720749634908144,491.78,Chennai,2021-03-20,08:09:22,Diners Club,McDonald's,Success,no
TX5450548,U1275,0247489736915246,510.91,Darjeeling,2018-06-26,03:12:40,Diners Club,Shell,Success,no
TX4637342,U1887,4596339973837238,1161.8,Shillong,2023-10-04,09:25:45,Diners Club,Apple Store,Success,no
TX8682944,U5332,0286748255287490,1818.47,Kolkata,2019-08-26,22:04:26,American Express,Amazon,Success,yes
TX8829906,U8876,7205913427460570,1577.29,Mumbai,2018-01-18,16:07:01,Visa,Walmart,Success,no
TX5507378,U8950,0750896852711498,1306.19,Jaipur,2021-01-23,20:03:30,RuPay,Best Buy,Success,no
TX3342824,U2079,8262644055750470,485.21,Bangalore,2020-03-16,22:47:44,RuPay,Walmart,Success,no
TX4476456,U3361,7328236812532204,133.92,Leh,2025-06-15,04:28:59,Visa,Best Buy,Success,no
TX7769232,U9408,1670966887353404,279.84,Mandya,2020-02-02,05:51:59,Visa,Shell,Failed,yes
TX5585623,U3554,1248192494458407,1097.87,Kochi,2025-03-09,03:46:59,Diners Club,Flipkart,Success,yes
TX5161616,U4360,7610753024574225,1776.26,Goa,2018-12-06,09:24:42,RuPay,Starbucks,Success,yes
TX2761173,U1156,5475621267538058,94.39,Leh,2018-01-10,17:18:23,American Express,ExxonMobil,Failed,no
TX4233228,U3286,2622364342926979,1266.31,Varanasi,2019-12-15,13:57:15,American Express,Apple Store,Success,no
TX6665971,U687,9817345886556350,138.01,Kolkata,2022-07-18,08:05:46,American Express,Shell,Success,no
TX2626144,U2421,6228432127786199,677.99,Kochi,2021-08-14,05:22:00,American Express,Apple Store,Success,no
TX3156714,U7707,7471865105078081,982.43,Kochi,2023-10-30,01:03:47,Diners Club,Flipkart,Success,no
TX4805748,U2640,7962650114747744,656.89,Kochi,2020-09-18,01:18:13,American Express,Walmart,Success,no
TX1931764,U6082,6270533912723941,253.71,Mandya,2022-09-24,13:50:58,Diners Club,ExxonMobil,Success,yes
TX9110345,U5010,2824176248388931,1762.78,Bangalore,2020-09-07,09:48:55,American Express,Walmart,Success,no
TX5586983,U7957,1567620405829388,183.84,Goa,2023-05-23,16:48:52,RuPay,Target,Success,no
TX1002421,U9555,6146531311892633,783.29,Chennai,2022-09-09,22:16:44,RuPay,Amazon,Success,no
TX5647237,U1608,1786587856499506,1810.12,Varanasi,2018-05-22,07:31:59,RuPay,Starbucks,Success,no
TX6576598,U3156,5035164736049092,1994.82,Shillong,2019-01-14,01:20:47,American Express,McDonald's,Success,no
TX4428653,U5861,1979459966450497,221.27,Darjeeling,2022-05-22,06:18:57,MasterCard,McDonald's,Success,no
TX8261820,U3454,5027347631525685,69.69,Chennai,2023-05-27,20:56:29,RuPay,Walmart,Failed,no
TX4521947,U7713,3256141902076499,1041.07,Udaipur,2019-08-18,01:28:05,American Express,Flipkart,Success,no
TX9823907,U222,5034543079419695,1347.52,Mysore,2024-07-06,09:40:58,MasterCard,Flipkart,Success,no
TX5762870,U732,4984344789396542,1226.63,Varanasi,2020-02-18,22:18:58,Visa,Walmart,Success,yes
TX4074487,U2109,5455632746788209,1232.69,Hyderabad,2018-01-05,20:20:20,RuPay,Target,Success,no
TX8205242,U4366,5537597712798462,1871.93,Hyderabad,2021-09-25,06:42:42,MasterCard,Best Buy,Success,no
TX5240733,U9085,0319054483995110,1825.11,Darjeeling,2018-09-30,12:26:08,Visa,Starbucks,Success,no
TX8502909,U5324,0704475543093352,657.26,Shillong,2022-04-25,10:31:38,American Express,Apple Store,Success,no
TX8971791,U2140,3573150196818431,360.51,Jaipur,2023-02-06,12:07:35,RuPay,Flipkart,Failed,no
TX5879774,U4256,2555609951597551,537.26,Varanasi,2023-11-04,02:40:36,MasterCard,Amazon,Success,yes
TX5564493,U9438,5995692660800120,730.57,Mumbai,2018-12-26,21:33:04,American Express,Apple Store,Success,no
TX9868706,U6865,1714660965487298,1162.12,Varanasi,2022-07-31,12:58:17,American Express,Flipkart,Success,no
TX2306187,U1077,3278989610030679,840.44,Delhi,2018-08-08,13:38:25,American Express,Starbucks,Success,no
TX7975610,U1712,9482902075152728,1455.32,Shillong,2019-10-25,19:45:32,American Express,Starbucks,Success,no
TX5322370,U9970,3001283606848393,710.34,Mumbai,2025-06-16,20:26:06,MasterCard,Walmart,Success,no
TX4739209,U6672,4783628313131572,142.59,Goa,2019-07-15,21:30:55,Diners Club,Best Buy,Success,no
TX7986072,U5911,7924575608888118,658.53,Varanasi,2019-11-30,23:55:24,Diners Club,Apple Store,Failed,no
TX3182960,U7219,9735843356303896,89.11,Bangalore,2019-04-28,22:28:46,American Express,Shell,Success,no
TX5600550,U3997,7976788058983657,1811.81,Kochi,2024-02-18,15:49:21,American Express,ExxonMobil,Success,no
TX8601486,U7851,9794323964724731,1294.93,Mumbai,2024-11-28,21:42:20,American Express,Shell,Success,no
TX8832022,U6250,5874146504140706,14.8,Bangalore,2021-01-26,00:59:35,American Express,Target,Success,no
TX6025031,U5876,0182805934501189,982.72,Mumbai,2019-01-13,22:45:46,American Express,ExxonMobil,Success,no
TX1246838,U5013,6736494632382526,1949.42,Leh,2025-06-10,15:11:44,American Express,Starbucks,Success,no
TX4450335,U9213,7070683428161965,1176.04,Varanasi,2019-10-22,04:45:55,Diners Club,Shell,Failed,no
TX1296119,U4503,6154623052775448,85.59,Kolkata,2025-06-13,01:27:22,RuPay,Amazon,Success,yes
TX9820355,U5767,0934430938831833,1791.66,Varanasi,2018-04-17,20:37:07,RuPay,McDonald's,Success,no
TX6002220,U3174,9713603709037746,1995.66,Chennai,2018-03-22,07:30:40,RuPay,Amazon,Success,no
TX5610563,U4978,2997312906261210,974.81,Kochi,2022-08-18,02:51:45,Diners Club,Starbucks,Success,no
TX9953072,U7604,6843413833619045,1845.79,Jaipur,2021-12-22,00:12:00,MasterCard,Target,Success,no
TX3813002,U3316,2092950633016548,504.87,Varanasi,2023-12-25,07:06:05,Diners Club,Best Buy,Success,no
TX9690995,U2412,2735453326588637,946.15,Hyderabad,2018-05-21,15:20:59,RuPay,McDonald's,Success,yes
TX9533613,U7455,2604260350306874,782.23,Darjeeling,2020-04-20,11:47:34,Diners Club,Best Buy,Success,no
TX7327597,U7091,8378356586355575,803.11,Chennai,2022-04-02,07:19:20,American Express,Walmart,Success,no
TX8652147,U6245,7596931643814155,1098.77,Mysore,2023-04-19,14:03:21,RuPay,Flipkart,Success,no
TX6761729,U5118,1075164973071671,65.06,Chennai,2019-05-23,11:32:28,Diners Club,Flipkart,Success,no
TX8210937,U3466,8945015554390315,534.93,Mysore,2019-02-08,10:06:34,Diners Club,McDonald's,Success,no
TX3465928,U311,9238009775653135,1176.5,Delhi,2022-02-24,08:33:25,Diners Club,ExxonMobil,Success,no
TX8008985,U4953,7250601153328925,350.46,Delhi,2020-04-23,10:53:20,MasterCard,McDonald's,Success,no
TX2001916,U5337,7840549957688854,1377.92,Kolkata,2022-01-19,21:38:56,RuPay,Walmart,Failed,no
TX8637802,U6419,1375269035101069,614.65,Hyderabad,2022-04-02,21:25:25,MasterCard,Walmart,Success,yes
TX1158745,U6540,7943730667395709,584.62,Chennai,2018-04-07,18:19:00,American Express,McDonald's,Success,no
TX3656689,U9813,7174940118848226,267.75,Mumbai,2025-02-17,20:15:16,American Express,Amazon,Success,no
TX6658593,U2011,7545909979362625,1992.22,Jaipur,2022-09-17,05:17:20,MasterCard,Walmart,Success,no
TX5893405,U661,6109395789825952,1755.78,Shillong,2024-05-28,08:36:27,American Express,ExxonMobil,Success,no
TX6789932,U4300,0124870759296499,1475.85,Hyderabad,2021-07-22,03:20:47,MasterCard,Best Buy,Success,no
TX4358321,U7760,1890551523296011,1041.57,Jaipur,2025-06-09,01:59:07,American Express,Best Buy,Success,no
TX7513572,U3296,3331282397090023,1711.08,Bangalore,2019-09-30,03:29:24,RuPay,Apple Store,Success,yes
TX9460246,U4703,9045658072836327,1803.34,Darjeeling,2025-02-03,09:09:00,RuPay,ExxonMobil,Success,no
TX7109197,U6419,0371219125075597,829.69,Mumbai,2018-08-13,22:30:05,RuPay,ExxonMobil,Success,yes
TX1747957,U4181,7140558892772407,1937.12,Kolkata,2024-06-28,18:18:07,Visa,Apple Store,Success,yes
TX2503992,U5971,9342874417392007,1951.92,Mumbai,2023-05-10,13:44:25,Diners Club,Best Buy,Success,no
TX6960535,U2082,1824178713449732,346.8,Mysore,2022-10-19,09:38:11,MasterCard,Apple Store,Success,no
TX5240996,U9616,6594570893720409,1686.29,Goa,2024-05-26,20:04:21,American Express,McDonald's,Success,no
TX7985055,U4612,8258922409242572,866.29,Mumbai,2023-07-02,00:53:09,American Express,Target,Failed,no
TX4180220,U23,8748789914152988,1123.1,Goa,2022-05-09,11:06:22,American Express,Target,Success,no
TX4523746,U8269,4568253496107099,1186.19,Kochi,2022-11-16,00:37:31,Visa,ExxonMobil,Success,yes
TX8560937,U6359,1283160996662792,749.43,Darjeeling,2019-08-10,07:58:53,American Express,ExxonMobil,Success,no
TX6593861,U3589,2057865314167766,1275.92,Mandya,2023-08-04,08:39:39,Diners Club,Amazon,Success,no
TX4071465,U9909,2971858254263503,384.94,Delhi,2024-07-19,10:10:32,RuPay,Amazon,Success,yes
TX1144029,U3397,0131860392265678,1995.64,Bangalore,2020-02-01,06:48:23,RuPay,Best Buy,Success,no
TX5051237,U2535,1594725192046006,1750.64,Mandya,2018-01-31,03:55:04,RuPay,Walmart,Success,no
TX5437657,U7166,7831766112500859,80.53,Bangalore,2020-03-22,06:44:32,American Express,McDonald's,Success,no
TX4436806,U5090,9071411833627272,1202.98,Kolkata,2018-02-18,01:34:06,RuPay,ExxonMobil,Success,yes
TX9402725,U1956,0812147156960884,1940.72,Kochi,2021-02-03,17:41:13,Visa,Starbucks,Success,no
TX2174596,U4265,4013751349809731,491.63,Delhi,2020-02-11,23:31:23,MasterCard,Walmart,Success,no
TX1020150,U1159,0773071992679984,1555.39,Goa,2019-09-28,19:12:47,Visa,Apple Store,Failed,yes
TX4713462,U6650,2225746204848895,1361.83,Bangalore,2025-05-08,09:33:33,American Express,Walmart,Success,no
TX2458473,U9901,2427353477628865,1702.71,Bangalore,2022-07-27,14:09:27,MasterCard,Shell,Success,no
TX6750361,U1287,5321541076616594,1244.22,Leh,2023-10-20,07:52:19,MasterCard,Flipkart,Success,no
TX6254642,U516,8948894447355394,442.26,Kolkata,2022-02-19,06:27:19,Visa,Shell,Success,no
TX4297215,U6628,6600240186778344,920.28,Bangalore,2018-09-12,06:16:15,RuPay,Shell,Success,no
TX8624425,U6061,5384290875833905,166.18,Shillong,2021-08-19,20:53:50,American Express,Shell,Success,no
TX6183775,U5847,3205032404431897,1392.7,Leh,2025-06-26,13:31:25,Diners Club,Flipkart,Failed,no
TX7079669,U7832,7890325918634931,1806.52,Bangalore,2021-09-08,11:57:49,American Express,Shell,Success,no
TX3207053,U1681,1800164383737635,613.47,Shillong,2024-06-17,03:11:03,MasterCard,Amazon,Success,no
TX3777794,U4585,9753142537512712,1676.11,Udaipur,2022-11-27,09:17:54,Visa,Amazon,Success,yes
TX7561818,U4040,3414037726825051,1151.54,Mysore,2023-09-04,11:21:40,RuPay,Target,Success,no
TX6570711,U4499,9036370193365069,1478.56,Delhi,2020-01-14,08:16:54,Diners Club,Walmart,Success,no
TX5477482,U9267,1560505318926750,749.03,Kolkata,2022-05-28,13:22:48,American Express,Amazon,Success,no
TX7206557,U1320,1348352736555317,1488.77,Kochi,2018-06-25,15:57:02,Diners Club,Shell,Success,yes
TX9657921,U1187,5177054674032972,1882.31,Mandya,2024-03-16,04:59:57,RuPay,Shell,Success,yes
TX5389686,U5916,5479296701963938,191.84,Chennai,2023-05-03,03:59:31,American Express,Target,Success,no
TX5353050,U6287,8494079647525624,232.99,Mysore,2022-05-25,18:06:30,American Express,Best Buy,Failed,no
TX2095959,U5096,8950373734891613,1605.49,Mumbai,2021-05-27,03:18:43,RuPay,Best Buy,Success,yes
TX3467329,U4279,9884603990722768,806.59,Hyderabad,2020-02-26,08:51:35,Diners Club,Walmart,Success,no
TX2953930,U8258,7200639279732414,484.44,Hyderabad,2018-09-23,13:26:28,MasterCard,Target,Success,no
TX2180531,U5466,8900817572205573,1094.25,Kolkata,2023-11-06,11:32:22,American Express,Flipkart,Success,no
TX9377383,U3187,3557835644381032,878.12,Jaipur,2025-02-13,19:19:11,Diners Club,Flipkart,Success,yes
TX5780311,U5882,0093763379445468,1672.72,Bangalore,2025-06-27,07:16:18,MasterCard,Amazon,Success,no
TX1818170,U267,3723494141957158,596.31,Shillong,2023-02-27,09:58:54,Diners Club,Apple Store,Success,no
TX5448207,U5869,2081116280258498,1780.13,Mysore,2019-02-18,11:41:33,Visa,ExxonMobil,Success,no
TX9192305,U3590,7084906538885825,350.21,Varanasi,2019-02-17,18:12:28,RuPay,Amazon,Success,no
TX5260358,U6725,0566268415078760,1453.09,Kolkata,2022-10-08,10:08:47,Diners Club,Apple Store,Success,no
TX9236089,U8090,2067066009650910,599.72,Chennai,2022-06-28,09:39:20,American Express,Starbucks,Success,no
TX3430966,U5473,4457177611207607,459.87,Delhi,2020-01-26,12:26:47,RuPay,Target,Success,yes
TX7895214,U2283,2121390010653871,1977.41,Kochi,2018-06-19,23:36:54,Diners Club,Walmart,Success,yes
TX2012079,U3295,0830560848845159,1861.2,Jaipur,2024-09-04,17:48:52,MasterCard,Walmart,Success,no
TX8489365,U9473,0160199107711303,42.79,Mysore,2019-02-01,05:40:47,MasterCard,Best Buy,Success,no
TX8766940,U8068,3776714258519295,484.85,Mumbai,2022-03-18,05:03:49,Visa,McDonald's,Success,no
TX2925169,U8624,1955946703288275,97.85,Delhi,2024-09-16,08:09:00,Diners Club,ExxonMobil,Success,no
TX9759174,U5072,6412713290562860,114.76,Mandya,2020-05-22,14:02:20,Visa,Walmart,Failed,yes
TX1442213,U1490,2879632570111094,1192.13,Mumbai,2020-11-11,03:59:03,Diners Club,Shell,Success,no
TX9926723,U4824,1899529238316351,1522.63,Darjeeling,2018-06-11,22:23:04,Diners Club,Walmart,Success,yes
TX5835558,U544,4522142658068480,1648.7,Udaipur,2020-11-06,10:53:01,RuPay,Starbucks,Success,yes
TX5291423,U8750,2529595548738468,326.11,Udaipur,2019-12-31,01:16:14,American Express,Amazon,Failed,no
TX6555597,U7869,0209129374176099,1357.1,Bangalore,2021-11-28,06:23:47,MasterCard,Best Buy,Success,no
TX8517382,U1265,2724142836386717,803.38,Bangalore,2022-07-30,04:18:11,RuPay,Shell,Success,no
TX5868680,U7632,2697833370969487,1991.18,Kochi,2020-03-12,17:53:36,RuPay,Starbucks,Success,no
TX9969395,U3217,3811151235739813,356.57,Hyderabad,2023-10-10,08:29:49,MasterCard,Target,Success,yes
TX8532434,U4866,2533542230705665,190.61,Delhi,2021-02-02,15:11:52,RuPay,Target,Success,no
TX3641011,U3055,3795716544034100,1948.81,Varanasi,2022-12-23,07:23:15,Diners Club,Shell,Success,no
TX3082028,U8045,8239962739020340,958.47,Mysore,2020-05-25,16:31:26,American Express,Target,Success,yes
TX4733707,U4016,2444112648234678,1984.63,Delhi,2021-06-17,13:56:30,RuPay,Best Buy,Success,no
TX1139272,U8122,0664611012634686,1682.33,Mumbai,2019-05-18,07:34:58,American Express,Starbucks,Success,no
TX9946377,U7611,8498458393545073,884.03,Leh,2019-03-23,01:02:42,Diners Club,Amazon,Success,yes
TX4832827,U9436,6817473953905990,1520.24,Hyderabad,2022-07-07,09:03:32,RuPay,Flipkart,Success,no
TX3382417,U6789,6115358320444061,1040.96,Udaipur,2019-10-10,19:03:15,Diners Club,Amazon,Success,yes
TX7672507,U8952,9429151187537018,640.73,Jaipur,2022-02-01,23:05:59,American Express,Shell,Success,no
TX1429480,U893,2854081886082566,1248.55,Delhi,2021-12-01,08:06:40,Visa,Starbucks,Success,no
TX5589742,U366,9974634902053737,143.52,Mumbai,2018-03-02,05:32:34,American Express,Walmart,Failed,no
TX3137879,U2772,3335984644585124,507.1,Darjeeling,2021-12-14,05:03:04,RuPay,Best Buy,Success,no
TX8721666,U7691,6398320243034095,455.82,Bangalore,2021-08-27,19:51:31,American Express,Best Buy,Success,yes
TX1677042,U4534,3723478692197123,1332.3,Kolkata,2023-06-04,20:33:56,MasterCard,Best Buy,Success,no
TX3378150,U8066,6215888600605911,572.59,Shillong,2020-01-18,01:01:57,Visa,Apple Store,Success,no
TX1660257,U8098,1938557420351138,1468.06,Shillong,2023-02-17,10:05:08,Visa,Shell,Success,no
TX1182798,U6953,0241043513903866,277.69,Kolkata,2021-06-21,20:30:17,MasterCard,Shell,Success,no
TX5039408,U8132,1371776360565201,709.79,Darjeeling,2022-01-01,17:05:09,MasterCard,Walmart,Success,yes
TX4127633,U6356,5834922322056345,1419.22,Mysore,2019-08-02,02:56:10,RuPay,Target,Success,yes
TX1576039,U2509,0036276331167214,1178.51,Bangalore,2018-12-25,01:34:58,RuPay,Amazon,Failed,no
TX1883688,U9346,5553165385171936,220.34,Kolkata,2019-12-05,21:02:56,Diners Club,Amazon,Success,no
TX8916555,U2091,6796743809001438,1538.85,Chennai,2021-07-27,01:45:48,RuPay,Best Buy,Success,yes
TX1073657,U3657,0674993301013564,1343.66,Bangalore,2020-07-05,10:38:44,Diners Club,Best Buy,Success,no
TX7416256,U213,1321539206534613,1486.63,Chennai,2023-06-05,14:01:23,Visa,McDonald's,Success,no
TX5078391,U2095,2621545140237492,1299.51,Kochi,2021-09-27,04:22:16,American Express,Target,Failed,no
TX3165527,U927,5312354803108959,1065.8,Darjeeling,2020-10-14,21:03:03,RuPay,Best Buy,Success,no
TX4819959,U592,5997515546257241,1726.76,Udaipur,2019-05-27,17:04:33,MasterCard,Flipkart,Success,no
TX8233861,U2035,9278510855122577,386.75,Mandya,2023-02-22,06:21:20,American Express,ExxonMobil,Success,no
TX5329532,U3487,6425373683822276,800.93,Kochi,2023-03-09,10:50:48,American Express,McDonald's,Success,yes
TX8095568,U322,4086536333558557,1928.32,Varanasi,2020-09-14,21:18:36,Visa,Starbucks,Success,no
TX6612315,U6216,8352657788244107,1224.35,Shillong,2020-09-14,06:53:32,Visa,Amazon,Failed,no
TX7408770,U5033,4987626557548926,1666.28,Mumbai,2020-11-27,11:17:51,Visa,Best Buy,Success,yes
TX4870413,U5979,1460248456689544,1682.39,Kolkata,2020-01-12,04:36:24,American Express,Walmart,Success,no
TX9236860,U1177,0519790669413455,556.09,Shillong,2018-09-09,20:22:25,Visa,Best Buy,Success,yes
TX4832163,U6260,9704653356623448,1655.24,Darjeeling,2021-10-03,06:35:24,Diners Club,Shell,Success,no
TX2151828,U7175,0306850514404725,868.74,Mandya,2021-01-08,21:03:50,American Express,McDonald's,Success,no
TX2397620,U6783,3064366405328382,353.96,Chennai,2022-09-10,18:02:31,Diners Club,Target,Success,yes
TX8302796,U9034,5645873389652163,40.44,Mumbai,2020-08-10,17:43:50,Visa,Shell,Success,no
TX3118130,U9548,3577516175608169,666.66,Delhi,2018-08-07,13:46:18,Visa,Amazon,Success,no
TX6337809,U4754,7348151621089942,150.85,Udaipur,2019-01-19,11:45:09,Visa,ExxonMobil,Success,no
TX5205290,U1693,4397495546529449,1852.01,Udaipur,2025-02-15,18:57:00,MasterCard,Flipkart,Success,no
TX8848935,U440,8710982303112268,1327.1,Shillong,2020-08-17,13:49:17,RuPay,Shell,Success,no
TX3611784,U2872,5929126124469441,1077.17,Darjeeling,2024-04-12,14:44:01,MasterCard,Target,Failed,no
TX1860065,U5422,3456489101506719,1818.14,Leh,2019-06-08,04:27:47,American Express,Starbucks,Success,no
TX2429739,U9336,7809114875363817,863.93,Varanasi,2023-06-06,02:37:44,Visa,Walmart,Success,no
TX9902387,U484,5624279205750152,373.55,Mandya,2023-07-11,09:59:46,Diners Club,Flipkart,Success,no
TX9762675,U1413,6511277636896408,482.9,Udaipur,2022-11-19,06:35:55,American Express,Apple Store,Success,no
TX5708220,U5811,0213484168689997,820.1,Goa,2018-02-22,16:41:24,Visa,Amazon,Failed,no
TX9090675,U3764,8446301201789328,997.34,Leh,2025-02-04,11:53:23,American Express,Shell,Success,no
TX3658370,U8299,7354008583474079,335.08,Jaipur,2024-11-28,05:05:45,American Express,Starbucks,Success,no
TX9405852,U8660,1624021535175457,181.63,Delhi,2023-06-08,06:04:03,Visa,Walmart,Failed,no
TX1916211,U4762,8759667538197763,1288.94,Shillong,2018-11-23,16:06:54,Diners Club,Target,Failed,no
TX1749720,U754,2445596639029004,310.34,Varanasi,2025-01-15,16:24:50,MasterCard,Apple Store,Success,no
TX2260800,U5726,7828886102339245,1198.51,Kolkata,2021-03-12,08:52:52,Visa,Flipkart,Failed,yes
TX8994237,U777,9738183394926498,40.06,Bangalore,2024-06-17,12:47:27,Diners Club,ExxonMobil,Success,no
TX5117811,U4768,5476003457996489,1644.11,Kolkata,2020-06-02,23:41:56,American Express,Starbucks,Failed,yes
TX9546334,U6045,9772578623802506,1445.05,Udaipur,2024-11-01,17:41:51,MasterCard,Best Buy,Success,no
TX5975209,U3883,1028102397542781,1085.61,Jaipur,2022-01-03,01:08:42,American Express,Target,Success,no
TX4115850,U2343,0803664505988739,409.06,Udaipur,2025-01-24,18:23:54,Visa,Flipkart,Success,no
TX9485493,U2746,7651611599283862,452.61,Bangalore,2019-01-20,22:28:28,MasterCard,McDonald's,Success,no
TX2783019,U4000,0010909307230861,823.78,Chennai,2019-12-05,21:31:26,MasterCard,ExxonMobil,Success,no
TX2301576,U953,6992333715847733,943.84,Udaipur,2019-10-04,21:53:40,American Express,Shell,Success,no
TX4943273,U2748,0793451766230071,262.56,Udaipur,2025-06-27,09:56:14,RuPay,Starbucks,Success,yes
TX4298857,U2946,6811026069735403,1207.89,Chennai,2018-04-04,04:58:45,Diners Club,McDonald's,Success,no
TX2270247,U1565,5233310616483665,757.33,Hyderabad,2019-12-28,14:09:13,MasterCard,Flipkart,Success,no
TX3625214,U8013,9510342705747775,1927.62,Varanasi,2024-03-05,22:04:26,Visa,Target,Success,no
TX4425440,U3863,0930116781883209,1591.62,Shillong,2024-07-10,00:01:37,Visa,Amazon,Success,no
TX3970801,U244,4422991287810273,1113.94,Delhi,2019-03-16,00:43:35,Diners Club,ExxonMobil,Success,no
TX4294946,U6192,5520276470905481,831.62,Mysore,2019-04-27,19:57:12,American Express,Flipkart,Success,yes
TX4556213,U336,3041803579927323,1947.1,Bangalore,2019-11-19,22:36:05,Diners Club,ExxonMobil,Success,no
TX7696014,U9032,7976501079266512,642.66,Darjeeling,2018-12-10,18:55:28,American Express,Shell,Success,no
TX6941454,U354,8568947898173080,962.3,Hyderabad,2022-06-28,15:45:25,RuPay,Amazon,Success,yes
TX9715633,U1773,8120546746139111,667.35,Darjeeling,2024-08-13,11:35:43,RuPay,Walmart,Success,no
TX3978819,U2355,9654791990520799,564.41,Jaipur,2018-07-26,06:48:44,RuPay,McDonald's,Success,no
TX5242125,U836,1102564235154772,1739.95,Shillong,2022-10-26,00:10:22,RuPay,Apple Store,Success,no
TX3838450,U8176,8494312681975798,1471.96,Hyderabad,2024-06-24,03:25:23,Diners Club,McDonald's,Success,no
TX8992884,U4460,1270343011772112,1412.36,Leh,2020-05-17,11:05:16,Visa,Best Buy,Success,no
TX6060823,U9563,2424061879934852,213.08,Leh,2019-12-05,19:09:09,Diners Club,Shell,Success,yes
TX9632334,U5018,4479768018278584,149.25,Jaipur,2023-12-14,17:41:15,RuPay,Amazon,Success,no
TX1313909,U3177,4644254780991435,861.49,Delhi,2019-04-12,18:14:15,MasterCard,McDonald's,Success,yes
TX1354709,U1857,3315828352779850,1365.24,Shillong,2024-02-04,06:21:14,MasterCard,Amazon,Success,no
TX2176554,U6259,0329522490852658,1210.84,Delhi,2018-05-25,06:49:04,MasterCard,Target,Success,no
TX3023499,U6655,1055975631920794,1966.37,Goa,2020-05-14,04:54:08,RuPay,ExxonMobil,Success,yes
TX2215733,U2512,5789942192665041,1431.94,Shillong,2021-09-17,19:21:13,MasterCard,ExxonMobil,Success,no
TX7020130,U9534,8935640291488522,1670.05,Delhi,2019-04-29,19:30:29,Diners Club,Best Buy,Success,no
TX1261421,U3895,8766384105123796,1084.28,Leh,2025-04-29,19:29:28,MasterCard,Flipkart,Success,no
TX6802713,U2520,0229195147185348,215.31,Leh,2023-09-29,07:12:23,MasterCard,Starbucks,Success,no
TX9500959,U2445,0742841272576879,1189.58,Chennai,2021-02-18,04:28:55,RuPay,McDonald's,Success,no
TX3863015,U5648,0870172104029457,598.73,Chennai,2021-01-31,16:12:40,Diners Club,Walmart,Success,no
TX9012598,U6585,3134575219940550,1866.97,Varanasi,2021-06-04,10:52:52,Visa,Starbucks,Failed,no
TX2024706,U2398,6886226639432845,689.16,Hyderabad,2023-05-12,10:53:17,Diners Club,Target,Success,no
TX1694511,U8746,9775367923397468,599.96,Kolkata,2022-11-15,18:01:45,Visa,McDonald's,Success,no
TX4281236,U3317,7534480879785454,1224.16,Delhi,2022-06-13,15:32:05,American Express,Amazon,Success,no
TX8592009,U4385,5901157108865492,976.81,Mandya,2025-01-31,06:30:39,Visa,Starbucks,Success,yes
TX4686527,U8245,5689958824216105,78.37,Darjeeling,2023-03-16,17:31:29,RuPay,ExxonMobil,Success,no
TX7712422,U7166,8145862817298294,1005.3,Mysore,2022-05-01,19:39:47,MasterCard,Best Buy,Success,no
TX5055528,U9696,0128595452139063,299.01,Leh,2021-03-01,21:43:29,Visa,ExxonMobil,Success,no
TX5264505,U2080,1164265026373002,1179.01,Goa,2022-01-14,19:21:41,American Express,Target,Failed,no
TX4134466,U6383,7453035940556702,1895.88,Varanasi,2023-04-03,04:06:49,MasterCard,Shell,Failed,yes
TX5518045,U7213,8248734632664826,660.28,Mumbai,2018-08-04,16:22:56,Diners Club,Shell,Success,no
TX2628304,U2007,1336768453864715,1880.32,Hyderabad,2025-01-28,17:23:05,American Express,McDonald's,Success,no
TX4473360,U1588,5100908562340938,1959.13,Darjeeling,2023-12-02,10:31:18,Diners Club,ExxonMobil,Failed,no
TX9176501,U6863,4632032196386564,1927.01,Hyderabad,2018-06-05,03:09:24,Diners Club,Best Buy,Success,no
TX2889363,U9079,9995306594138844,505.73,Hyderabad,2018-02-08,18:10:19,American Express,Best Buy,Success,no
TX3018241,U842,2929769981542287,1870.18,Leh,2021-05-07,12:42:51,RuPay,Best Buy,Failed,yes
TX7803062,U4954,6244479347703428,278.67,Hyderabad,2024-05-14,18:19:55,RuPay,Amazon,Success,no
TX6591093,U5653,7715059799111784,1508.77,Kolkata,2021-12-21,18:17:18,MasterCard,Best Buy,Success,no
TX8872067,U9757,9050522788682032,44.71,Varanasi,2018-04-03,16:52:35,American Express,ExxonMobil,Success,no
TX8663838,U1562,0092477781334342,253.39,Goa,2023-11-23,17:13:14,Visa,Target,Success,no
TX9800107,U4836,4108651699529410,1323.83,Bangalore,2021-08-10,02:40:30,American Express,Starbucks,Success,no
TX8360598,U2764,2116904817669667,1567.11,Kochi,2020-08-03,11:58:30,Visa,Starbucks,Success,no
TX4343930,U3102,2016445531521887,237.6,Kochi,2022-03-12,05:50:41,MasterCard,Apple Store,Success,yes
TX3650714,U1568,4494723671647895,1651.05,Mandya,2022-01-03,09:17:50,MasterCard,Shell,Failed,no
TX5954942,U9123,3731915956646393,1728.44,Delhi,2023-11-30,07:15:48,RuPay,Walmart,Failed,no
TX7181208,U8248,6690586321571021,25.13,Jaipur,2023-12-15,04:57:44,RuPay,Shell,Success,no
TX2780302,U1204,9022559269917457,579.07,Kochi,2018-11-03,09:27:12,American Express,Starbucks,Failed,no
TX4584633,U7412,3325422850693663,637.84,Mumbai,2018-02-25,00:00:29,MasterCard,Walmart,Success,no
TX4266955,U5533,0837982005169989,1376.85,Shillong,2018-11-03,19:25:58,Diners Club,Amazon,Success,yes
TX4199362,U1974,5021250321248409,12.6,Mumbai,2021-06-01,12:45:57,Visa,Target,Success,yes
TX9320830,U4302,1074217097094756,1190.2,Mysore,2018-12-04,00:48:25,RuPay,Flipkart,Success,no
TX7711019,U5323,5208068317834249,1158.95,Leh,2020-09-02,13:08:59,MasterCard,Target,Success,yes
TX2290588,U1329,2107947879879202,984.54,Kolkata,2023-04-04,20:13:09,RuPay,ExxonMobil,Success,no
TX4874667,U8105,2137850884278081,643.41,Kolkata,2020-11-09,03:17:01,MasterCard,Best Buy,Success,yes
TX4912294,U9966,6957351374460990,1759.63,Goa,2021-06-17,11:47:48,MasterCard,Shell,Failed,no
TX7696430,U3509,1289148123208901,1072.53,Hyderabad,2021-07-10,05:04:17,RuPay,Amazon,Success,no
TX2561097,U2842,8150648716885915,265.83,Darjeeling,2024-02-27,14:51:37,American Express,ExxonMobil,Success,no
TX9579465,U9718,5926158181341450,142.55,Leh,2018-12-15,05:21:17,RuPay,Walmart,Success,no
TX2169285,U6999,5310665939581681,164.15,Goa,2020-11-30,14:25:10,Visa,Starbucks,Success,no
TX3402980,U4765,0978180493648613,448.12,Udaipur,2021-08-10,01:44:35,American Express,Target,Success,no
TX7199375,U6262,0689393398571560,671.32,Chennai,2020-03-01,02:27:06,American Express,Apple Store,Success,yes
TX5054782,U6151,4807820457595312,1007.94,Delhi,2018-01-27,18:12:48,MasterCard,Best Buy,Success,no
TX6084428,U5612,3636414327482161,710.86,Shillong,2024-10-18,21:41:05,Visa,Flipkart,Success,no
TX6488143,U2147,8222368110421671,1984.55,Goa,2024-02-13,08:47:07,American Express,Apple Store,Success,no
TX6487629,U2734,5809355045717880,635.51,Hyderabad,2020-05-10,08:27:45,MasterCard,Flipkart,Success,yes
TX3420780,U2702,2540091971735240,1751.71,Chennai,2025-04-28,17:39:37,Diners Club,Best Buy,Success,no
TX9766600,U8139,4605767484942394,1396.78,Hyderabad,2020-11-19,07:15:26,American Express,McDonald's,Success,no
TX3498619,U5892,6679147239320436,1273.42,Bangalore,2022-02-24,06:38:17,MasterCard,Flipkart,Success,no
TX5599658,U4076,7464438962024597,1265.67,Chennai,2020-04-07,19:54:46,Diners Club,Walmart,Success,no
TX8762594,U3514,0592080993984530,1426.39,Mysore,2024-09-13,11:22:09,American Express,Amazon,Success,yes
TX5623989,U9297,0112620759490110,1994.64,Delhi,2022-01-09,08:19:06,RuPay,Shell,Success,yes
TX1204757,U471,9928233281960024,292.23,Darjeeling,2021-07-01,09:36:10,RuPay,Amazon,Success,no
TX9397258,U6385,6537827791730568,1509.89,Kochi,2020-05-29,11:32:54,American Express,Best Buy,Success,yes
TX8376238,U3514,2639359010885743,202.82,Goa,2022-11-27,19:10:26,Diners Club,Starbucks,Success,yes
TX5801855,U3850,2096051453337920,1465.38,Udaipur,2022-01-08,06:59:10,Diners Club,McDonald's,Failed,no
TX2029298,U3499,7525464798301119,540.16,Hyderabad,2024-04-02,23:33:08,MasterCard,Shell,Failed,no
TX8009654,U9098,5017821680338919,1024.98,Mysore,2021-11-18,01:43:49,MasterCard,Target,Failed,no
TX2721687,U3972,8644350326526522,722.95,Kochi,2018-07-05,02:56:17,MasterCard,Target,Success,no
TX7698478,U7221,0476757215433441,986.48,Chennai,2021-12-21,03:16:46,MasterCard,Target,Success,yes
TX4943646,U4593,0615012880672740,1841.86,Mandya,2023-10-26,18:11:21,American Express,Walmart,Success,no
TX8462880,U7286,6879403038068020,1825.02,Bangalore,2021-02-10,14:21:03,RuPay,McDonald's,Success,no
TX3806275,U6809,9875424539090818,62.59,Mysore,2021-11-18,22:52:37,MasterCard,ExxonMobil,Success,no
TX5860273,U6262,8892942579569037,1855.41,Kolkata,2018-09-04,10:56:21,Diners Club,McDonald's,Success,no
TX7297118,U4526,4570443121033117,766.3,Mysore,2025-06-26,16:29:12,Diners Club,Starbucks,Success,yes
TX5894537,U6766,7362457270682335,242.65,Darjeeling,2024-08-20,06:34:59,Visa,Target,Success,no
TX2745733,U9018,5920787292395861,86.07,Chennai,2025-01-26,02:07:26,RuPay,Shell,Success,no
TX4602649,U9400,8685581536389335,954.75,Chennai,2022-07-19,06:31:48,RuPay,Amazon,Success,yes
TX7734678,U1220,5145572140817675,751.11,Delhi,2018-10-05,13:25:05,RuPay,McDonald's,Success,yes
TX1261546,U6426,4936604684013913,1527.5,Mysore,2018-01-07,01:15:56,Visa,Best Buy,Failed,yes
TX1143450,U4942,7267578259973639,558.26,Mysore,2019-08-10,23:26:45,Visa,Amazon,Success,no
TX2686869,U6263,8326471986966899,1090.64,Shillong,2024-02-05,10:28:22,Diners Club,McDonald's,Failed,no
TX8032585,U4530,9990806791618494,781.48,Udaipur,2020-09-24,13:25:06,Diners Club,ExxonMobil,Success,no
TX8225665,U3873,5399662030625023,123.11,Delhi,2021-11-21,05:45:53,Diners Club,Shell,Failed,no
TX7650874,U7321,9781987667410024,455.7,Delhi,2020-02-04,10:32:55,Visa,Shell,Success,no
TX9684411,U1009,9346601267026124,1607.97,Mandya,2020-06-19,17:06:23,Visa,Flipkart,Failed,no
TX3584454,U6124,2986693052916246,1559.8,Goa,2022-05-13,09:16:28,RuPay,Starbucks,Success,no
TX9370760,U5157,0876605048662395,856.99,Bangalore,2019-09-24,18:45:36,American Express,Target,Success,no
TX9137258,U6428,2315090363442371,908.06,Udaipur,2022-06-25,03:32:48,MasterCard,Flipkart,Success,no
TX2853974,U1807,2441134235383762,1714.7,Jaipur,2022-11-30,05:30:44,RuPay,McDonald's,Success,no
TX5230744,U2587,7979391222932532,1103.34,Delhi,2020-10-15,17:17:26,Visa,Best Buy,Failed,yes
TX6200355,U7302,6873302294758476,1931.25,Mandya,2024-06-08,20:57:25,Diners Club,McDonald's,Success,no
TX7811441,U7298,6418013447328832,825.69,Shillong,2019-02-22,20:29:59,American Express,McDonald's,Success,no
TX1926348,U2636,6767039274896857,428.37,Darjeeling,2023-11-24,01:43:37,RuPay,Shell,Success,no
TX7485489,U1698,7276806235065414,774.21,Udaipur,2022-05-15,09:42:02,Visa,ExxonMobil,Success,yes
TX4100235,U6292,3176517481419164,665.67,Bangalore,2020-02-17,14:10:31,Diners Club,Best Buy,Success,no
TX1018495,U5275,0603309217784351,1319.66,Varanasi,2022-08-01,16:09:15,American Express,ExxonMobil,Success,yes
TX1495941,U8477,8300629873096208,203.83,Jaipur,2018-12-29,02:52:04,Diners Club,ExxonMobil,Failed,no
TX4431855,U4383,3826470544452908,1107.99,Mandya,2022-12-15,01:16:19,MasterCard,Flipkart,Success,no
TX7109450,U2018,4173017532121612,78.38,Mumbai,2023-06-26,01:54:30,American Express,McDonald's,Success,no
TX2007589,U609,1156291147036011,511.23,Varanasi,2021-10-26,23:18:20,Visa,Target,Success,no
TX2851194,U3280,5739417763298114,922.84,Hyderabad,2020-04-08,05:40:23,American Express,Flipkart,Success,no
TX3421567,U6082,3326924806738786,1852.59,Mysore,2024-09-08,16:13:02,American Express,Apple Store,Failed,no
TX9771021,U9823,1788508309040974,1194.5,Shillong,2023-03-28,19:20:43,RuPay,ExxonMobil,Success,no
TX8727761,U6220,4629886621622219,51.88,Hyderabad,2021-09-20,22:18:44,RuPay,Amazon,Success,yes
TX1827100,U8719,1550582730536098,1058.59,Jaipur,2019-04-26,23:09:32,American Express,Starbucks,Success,no
TX3776010,U7061,3360226095320213,91.57,Mandya,2024-04-28,03:19:22,American Express,Flipkart,Success,no
TX4372735,U3173,0878436556170740,1601.87,Bangalore,2024-03-11,18:26:42,Diners Club,ExxonMobil,Failed,no
TX7997686,U9773,8734814084052927,201.33,Leh,2021-10-04,08:37:21,Visa,ExxonMobil,Success,yes
TX6327196,U1666,7312552684694736,411.33,Goa,2022-03-14,23:05:56,Diners Club,Amazon,Success,no
TX3335954,U9585,8938326251364628,247.18,Mumbai,2018-01-18,21:48:53,Visa,McDonald's,Success,no
TX5319433,U5100,3307343698916330,795.19,Kolkata,2022-06-25,22:48:30,Diners Club,McDonald's,Success,no
TX6599348,U6334,0025006891666315,1590,Jaipur,2024-02-29,01:14:32,American Express,Best Buy,Success,no
TX2642403,U8964,7493753018790375,922.39,Goa,2018-12-04,12:01:24,MasterCard,Starbucks,Success,no
TX5404860,U9642,7480311076443543,845.85,Bangalore,2022-02-13,15:13:47,Diners Club,Target,Success,no
TX3986258,U1205,5529089323127060,229.69,Bangalore,2020-10-09,19:49:38,Diners Club,Starbucks,Failed,no
TX4517648,U5848,6680616610954510,595.32,Mumbai,2021-12-06,16:39:53,Diners Club,Starbucks,Success,no
TX1114008,U6530,8727907300363187,1503.84,Delhi,2023-04-30,04:42:55,Diners Club,Walmart,Success,no
TX9774151,U3674,2379861515303103,1918.32,Goa,2020-07-22,14:03:28,RuPay,Apple Store,Success,no
TX4253520,U9112,5437922310926992,1536.21,Mumbai,2019-03-30,19:31:33,Diners Club,Best Buy,Success,no
TX6613997,U9073,3211291248153086,1016.69,Udaipur,2019-03-10,21:36:53,Diners Club,ExxonMobil,Success,no
TX2761469,U7038,1272855239951457,1846.51,Chennai,2021-06-16,11:47:01,American Express,Amazon,Success,no
TX6211454,U8059,6058974870595655,824.31,Kochi,2022-06-06,01:15:00,Diners Club,Starbucks,Success,yes
TX2654465,U8836,4014144155344390,273.14,Bangalore,2021-08-07,10:43:09,Visa,Best Buy,Failed,no
TX2150539,U8764,9344590083730101,224.35,Udaipur,2023-02-05,02:59:04,Visa,Flipkart,Success,no
TX4705615,U8783,6686810939079055,1233.58,Udaipur,2022-09-15,05:40:36,RuPay,Walmart,Success,no
TX3205895,U9065,4018528052456619,852.56,Leh,2019-09-28,11:17:07,American Express,Starbucks,Success,no
TX7555037,U3413,9266528679824676,1905.28,Shillong,2021-08-10,16:18:05,American Express,Best Buy,Failed,yes
TX4933459,U8248,0132544185992358,374.17,Delhi,2024-07-06,22:36:55,American Express,Amazon,Success,no
TX3467613,U3717,5204419772871579,1849.19,Jaipur,2020-01-16,06:30:44,MasterCard,McDonald's,Success,no
TX3900357,U4302,3220145539175737,583.2,Kolkata,2022-10-23,12:07:50,MasterCard,Walmart,Success,no
TX3369280,U9866,5391945306278796,1844.61,Leh,2021-01-26,16:25:31,American Express,Flipkart,Success,no
TX5009062,U8624,4971226380832003,419.73,Hyderabad,2022-03-14,19:37:28,Diners Club,Target,Success,no
TX9322765,U6787,1898381787798444,172.58,Kochi,2018-09-27,11:27:49,Diners Club,Apple Store,Success,no
TX6176423,U8565,0423788908417264,1140.96,Bangalore,2024-12-25,16:36:29,RuPay,Flipkart,Success,no
TX9093613,U1813,6636914666880563,1109.26,Mumbai,2019-12-04,10:43:10,Diners Club,Best Buy,Failed,no
TX2485166,U3375,4776636109126294,126.93,Mandya,2022-04-19,20:56:35,RuPay,Amazon,Success,no
TX2881522,U6997,0458583671758125,1838.63,Jaipur,2019-06-01,01:13:25,Visa,ExxonMobil,Success,no
TX5582866,U1018,8449051570154812,1414.23,Jaipur,2025-05-11,10:42:56,RuPay,Starbucks,Success,no
TX4188371,U8641,5132918879639427,1047.14,Varanasi,2023-05-17,10:29:49,MasterCard,McDonald's,Failed,no
TX4987691,U1301,5427851931648550,1759.82,Hyderabad,2018-07-10,10:12:05,RuPay,Amazon,Success,no
TX4054413,U1919,0672935282380765,1413.96,Delhi,2018-07-25,06:39:44,RuPay,Shell,Success,no
TX9112331,U7989,4557964968967211,1097.86,Kochi,2018-09-29,15:08:31,MasterCard,Amazon,Success,no
TX3899938,U5896,1266516693859172,1910.71,Chennai,2024-12-17,07:09:00,Visa,Best Buy,Failed,yes
TX1410850,U5191,4950871908685859,1424.32,Jaipur,2018-11-06,17:33:24,MasterCard,Starbucks,Success,yes
TX6723938,U442,5527227912601310,1433.7,Darjeeling,2023-12-29,05:54:23,RuPay,Apple Store,Success,no
TX8763277,U8362,6470550932072572,678.24,Mumbai,2022-12-17,17:55:37,Visa,ExxonMobil,Success,yes
TX2342462,U5055,9472845672706631,754.98,Mandya,2019-12-10,03:39:18,Visa,Flipkart,Failed,no
TX1737264,U300,0019724724521286,1596.93,Mysore,2021-02-10,10:14:58,RuPay,Best Buy,Success,yes
TX8530382,U8559,8596208832655472,1997.96,Leh,2023-05-13,07:37:50,American Express,Flipkart,Success,no
TX7815130,U6506,2698967408456416,1534.55,Kochi,2018-04-28,05:32:12,American Express,Target,Success,no
TX9194473,U7306,6352290982040607,1260.92,Goa,2018-04-07,11:41:28,Visa,Amazon,Success,no
TX4507274,U9630,9840035827210242,1335.43,Udaipur,2020-06-22,19:23:41,MasterCard,Amazon,Success,yes
TX9516459,U2248,3293321775976176,335.39,Hyderabad,2021-06-01,15:41:21,Visa,Walmart,Success,no
TX1907510,U6359,0426058263315128,1470.29,Delhi,2021-01-22,11:59:41,MasterCard,Target,Success,no
TX3261347,U1034,1058967829516965,518.98,Bangalore,2020-03-13,09:22:07,Diners Club,Shell,Success,no
TX8295066,U5883,6042827081352070,1339.79,Kochi,2020-04-21,02:14:29,American Express,Apple Store,Success,no
TX8633442,U7219,8960482116216008,1425.16,Delhi,2021-04-05,07:49:26,RuPay,Walmart,Success,no
TX4083118,U6406,9066170774017583,940.62,Kochi,2018-04-03,16:26:45,Visa,Best Buy,Success,no
TX1017339,U2152,6336664818510064,665.78,Kochi,2024-02-20,10:26:27,Diners Club,Best Buy,Success,yes
TX6330200,U2690,5465957044391888,1006.5,Kochi,2023-07-26,16:22:54,Visa,Shell,Success,no
TX9687711,U7906,9562916871471060,1051.63,Darjeeling,2020-07-16,19:38:11,Visa,ExxonMobil,Success,no
TX5826786,U9468,6846742780203614,1627.26,Udaipur,2024-03-22,14:59:29,Visa,Target,Success,no
TX2724779,U99,8109540752224662,1761.29,Chennai,2021-06-23,15:00:51,Diners Club,Shell,Success,yes
TX6379245,U4400,1652324320162400,543.01,Chennai,2025-05-16,09:25:23,RuPay,Best Buy,Success,yes
TX3238673,U3332,2201254406746038,1327.63,Kolkata,2023-03-09,23:55:13,MasterCard,Shell,Failed,no
TX1650601,U5226,4017639242387363,1004.56,Mysore,2020-08-06,23:06:52,American Express,Starbucks,Success,no
TX8916582,U6689,7232058565323830,601.21,Leh,2019-09-24,23:55:18,Visa,Starbucks,Success,no
TX1403200,U9937,7867958003319578,1929.04,Chennai,2018-10-09,05:04:43,MasterCard,McDonald's,Success,no
TX7876895,U9891,0163266823060025,992.61,Mumbai,2018-12-24,01:01:54,American Express,Apple Store,Success,yes
TX4215372,U9284,5044111135458968,1189.63,Kolkata,2023-01-18,09:39:07,Visa,Amazon,Success,no
TX2693748,U1746,6307416022462767,314.37,Mysore,2020-02-26,04:20:45,American Express,Amazon,Failed,yes
TX2347453,U5124,1966136954865052,685.78,Udaipur,2021-01-20,18:10:33,Diners Club,Starbucks,Success,yes
TX9488546,U3194,0635777222103133,983.2,Varanasi,2019-03-02,18:27:26,RuPay,Amazon,Success,yes
TX1464092,U9273,5174267517021076,1584.95,Goa,2023-05-31,06:21:53,Diners Club,Flipkart,Success,no
TX3211275,U3425,0265521635411004,1375.18,Varanasi,2023-08-18,21:16:42,Diners Club,Walmart,Success,no
TX2795327,U9762,5810588955316495,231.7,Shillong,2020-10-14,20:01:32,Visa,Shell,Success,no
TX5373146,U8823,0815592552600099,109.89,Shillong,2024-04-05,21:46:29,American Express,Shell,Success,no
TX5762967,U1793,4269637521465590,960.59,Mysore,2023-06-30,20:56:30,MasterCard,Starbucks,Failed,no
TX8095143,U2458,2768993304268227,547.17,Kolkata,2019-06-28,15:24:43,Visa,Best Buy,Success,no
TX5176699,U2542,2040956574521713,418.96,Kolkata,2021-03-07,16:48:14,MasterCard,Shell,Success,no
TX5540085,U3336,0475836651339314,1205.41,Jaipur,2019-02-14,21:55:16,Diners Club,ExxonMobil,Success,yes
TX7647383,U5786,1771318863112703,618.66,Mysore,2019-10-11,06:38:15,RuPay,Starbucks,Success,yes
TX5814688,U6239,9199544408991820,748.3,Kolkata,2023-08-12,21:04:53,MasterCard,ExxonMobil,Success,yes
TX4220569,U3607,7198586291813435,1651.14,Hyderabad,2018-02-11,07:06:08,American Express,Amazon,Success,yes
TX9297192,U7633,4184986697526253,1970.58,Chennai,2019-02-12,03:06:39,RuPay,Starbucks,Success,yes
TX1760371,U8317,6949108852518643,881.49,Shillong,2024-05-11,01:58:58,Visa,Starbucks,Success,no
TX1579459,U8175,6867475464449418,691.5,Kochi,2021-11-15,12:50:38,Diners Club,Best Buy,Success,no
TX8816951,U126,5216473269872500,302.39,Mandya,2019-01-17,02:12:16,Diners Club,McDonald's,Failed,no
TX8551195,U1692,8085586518352273,1922.92,Mumbai,2019-07-22,04:10:22,Diners Club,Target,Failed,no
TX9990022,U313,9537822745367654,1114.38,Delhi,2019-05-12,21:09:52,Visa,Walmart,Success,no
TX4618834,U6542,4246666700888873,397.1,Kochi,2021-12-11,04:01:25,Visa,ExxonMobil,Success,no
TX2430177,U6109,9866812483014166,1929.31,Shillong,2018-07-23,21:31:07,MasterCard,Apple Store,Success,no
TX2457695,U6059,3274095447835936,335.69,Varanasi,2024-07-11,21:53:19,RuPay,Walmart,Success,no
TX9091710,U2018,5346261168533198,1014.66,Jaipur,2018-12-20,15:57:28,American Express,Apple Store,Success,no
TX2806004,U3146,9556279679603139,1171.64,Varanasi,2019-06-06,21:44:06,Visa,McDonald's,Success,yes
TX7463547,U6724,7687467220626293,1158.71,Leh,2025-02-08,08:19:58,MasterCard,Starbucks,Success,no
TX5035093,U838,8910008766973479,1960.52,Varanasi,2025-04-15,03:51:13,MasterCard,Best Buy,Success,yes
TX8202282,U6304,3735918631359309,1729.76,Jaipur,2018-12-30,10:14:37,RuPay,Target,Success,no
TX4013690,U6371,8965780429660770,1570.06,Hyderabad,2019-06-03,02:11:33,RuPay,McDonald's,Success,yes
TX1535124,U4060,6689031931769709,1837.91,Bangalore,2023-03-30,12:28:03,Visa,Target,Success,no
TX8816975,U2070,0101820403834012,809.02,Mysore,2023-10-15,17:07:21,American Express,Apple Store,Success,no
TX1958691,U8316,6946894173687956,949.4,Mumbai,2024-04-05,01:51:50,RuPay,Apple Store,Success,no
TX6517198,U3629,7430927072231873,1803.39,Chennai,2022-07-27,05:17:40,American Express,Target,Success,no
TX5853925,U5198,2264797556932337,1664.56,Bangalore,2023-10-30,15:45:40,MasterCard,Shell,Success,no
TX1947224,U2555,4094786646722863,855.44,Jaipur,2018-03-21,04:20:34,MasterCard,Amazon,Failed,no
TX4389585,U6830,9805532158825847,272.53,Darjeeling,2022-10-17,19:31:40,Visa,Amazon,Success,no
TX4147617,U2818,8966274024083836,1358.8,Udaipur,2020-02-07,16:56:18,American Express,Best Buy,Success,no
TX8159248,U6910,8477469398155002,909.18,Kochi,2019-11-22,12:19:05,American Express,ExxonMobil,Failed,no
TX8143663,U5762,9582022039499842,117.51,Kolkata,2024-03-17,17:50:05,RuPay,Flipkart,Success,no
TX5132092,U5638,3604447630804664,151.77,Leh,2021-05-16,15:45:38,MasterCard,Flipkart,Success,yes
TX9937996,U7383,3238936729437573,1949.64,Goa,2019-08-28,10:58:03,American Express,Starbucks,Success,yes
TX8864944,U1988,9533355740104488,1281.15,Darjeeling,2021-09-06,13:53:26,RuPay,Best Buy,Success,yes
TX6000698,U1329,1822985488710040,998.58,Delhi,2021-01-02,05:22:37,Visa,Flipkart,Success,no
TX3405368,U4718,4743862024606823,966.82,Mumbai,2022-08-04,08:50:22,RuPay,Target,Failed,no
TX8200367,U192,3058713871222480,23.1,Udaipur,2018-09-08,04:56:00,MasterCard,McDonald's,Success,no
TX1340844,U124,3021498483818563,104.69,Goa,2018-04-11,12:57:17,American Express,Apple Store,Success,no
TX7307849,U4460,8802631482794569,1533.41,Mandya,2019-08-14,00:18:53,American Express,Apple Store,Success,yes
TX6233956,U5669,0946517644750578,981.8,Delhi,2023-12-31,12:24:56,RuPay,Flipkart,Success,yes
TX8536439,U8781,9586214492519714,1000.34,Bangalore,2022-02-25,21:34:06,RuPay,Amazon,Failed,no
TX4967557,U7577,1292788443004592,743.98,Kochi,2024-03-24,12:08:00,American Express,ExxonMobil,Success,no
TX4976819,U9963,1033987552440527,1333.44,Chennai,2024-06-25,20:21:23,Visa,Amazon,Success,yes
TX3098908,U7571,5549041764661693,642.19,Kochi,2025-04-04,09:26:47,RuPay,ExxonMobil,Success,no
TX7216901,U8738,2283103786787296,1955.61,Delhi,2021-05-16,02:11:29,MasterCard,ExxonMobil,Success,yes
TX7654820,U1213,1362330961976421,1122.3,Mandya,2023-03-16,16:59:49,RuPay,Target,Success,no
TX5330070,U9542,8364838328852321,1356.87,Jaipur,2024-08-29,01:11:48,Diners Club,Walmart,Success,no
TX7319929,U7092,5486246929484005,840.72,Mysore,2020-04-21,20:12:50,RuPay,Walmart,Failed,yes
TX5532520,U2989,6583278649106028,1518.08,Mumbai,2023-09-06,08:41:57,American Express,Walmart,Success,no
TX2474869,U681,3101299551612237,163.12,Delhi,2023-07-08,02:40:58,RuPay,Target,Failed,no
TX2016301,U1434,3058843886263668,718.87,Goa,2023-09-10,11:38:34,MasterCard,Shell,Success,no
TX4209712,U9632,0806621888661910,1061.48,Shillong,2020-11-28,10:38:23,MasterCard,Starbucks,Success,no
TX8961086,U6122,1620384013096628,445.2,Darjeeling,2022-12-05,04:41:18,Visa,Best Buy,Failed,no
TX1604304,U4884,1898452773504689,645.82,Delhi,2020-05-10,17:48:02,Diners Club,Target,Success,no
TX5786684,U7231,8664842256959658,1674.01,Jaipur,2024-05-26,23:50:12,Visa,Amazon,Failed,no
TX5751621,U4794,2835223964417288,1994.14,Jaipur,2021-02-16,11:08:26,MasterCard,Walmart,Success,no
TX1045517,U5806,1695730073794166,333.32,Delhi,2024-05-10,17:16:07,American Express,Apple Store,Success,no
TX6388938,U3226,6055277423254146,901.9,Mumbai,2024-10-12,16:48:26,MasterCard,Flipkart,Success,yes
TX1605116,U7778,5473429912207090,1768.59,Hyderabad,2023-09-29,12:56:46,Diners Club,Amazon,Success,yes
TX3263314,U7154,7320905342356853,207.18,Delhi,2021-09-02,00:57:24,MasterCard,Amazon,Success,no
TX6706089,U6900,9997567446212705,1404.66,Kochi,2018-03-07,18:28:10,Diners Club,Target,Success,no
TX4773610,U130,8892403062290512,1314.66,Mandya,2018-03-30,07:16:51,American Express,Target,Success,no
TX4001683,U9036,5454748544507635,570.64,Udaipur,2023-12-28,13:51:28,Diners Club,Target,Success,no
TX7006020,U6546,6556349318008820,823.67,Mandya,2021-07-25,09:31:53,American Express,ExxonMobil,Success,no
TX8039314,U8396,6301385983817030,799.26,Hyderabad,2023-08-10,01:32:12,Diners Club,Best Buy,Success,yes
TX2279945,U7457,7007797566741965,1698.74,Delhi,2019-06-06,05:28:30,RuPay,Flipkart,Failed,no
TX8475109,U9372,2756400040555569,795.73,Kochi,2025-06-06,00:16:44,Visa,Shell,Success,no
TX3445892,U5569,2402470521020257,404.7,Darjeeling,2023-03-05,02:01:40,RuPay,Apple Store,Success,no
TX5978432,U401,7484424841064148,989.94,Darjeeling,2019-07-08,04:58:25,Visa,Walmart,Success,no
TX7788598,U1550,4554578476465853,1647.7,Goa,2019-10-19,02:10:48,American Express,Apple Store,Success,no
TX5939986,U9337,1007937896225170,1022.68,Udaipur,2018-10-04,00:56:27,Visa,Shell,Success,no
TX3713276,U3476,2806402120105021,202.19,Hyderabad,2018-02-24,00:07:48,MasterCard,Target,Success,yes
TX5494567,U9863,3216948094411351,1436.93,Jaipur,2023-01-18,12:26:18,Diners Club,Flipkart,Success,yes
TX9387645,U7266,9897727330739104,1289.68,Kochi,2020-11-17,10:27:11,American Express,Apple Store,Success,no
TX6985671,U876,0609747314920109,1946.86,Darjeeling,2024-11-10,13:27:01,Diners Club,Starbucks,Success,no
TX6981106,U4857,5262940435134427,1769.35,Kochi,2018-05-04,13:56:27,American Express,ExxonMobil,Success,no
TX6657161,U3440,3713344891905330,1196.03,Kochi,2024-07-09,16:07:28,MasterCard,Amazon,Success,no
TX6141160,U6061,8948560613062336,1653.83,Leh,2025-02-02,13:31:38,MasterCard,Shell,Failed,no
TX2478176,U2116,7654526555830538,1788.97,Udaipur,2023-11-03,18:22:35,American Express,Flipkart,Success,no
TX8038279,U8651,3152205999641517,43.44,Mumbai,2024-11-25,18:01:46,American Express,Apple Store,Success,no
TX4077122,U366,5711283683803857,469.92,Darjeeling,2021-09-28,13:36:02,Visa,ExxonMobil,Failed,yes
TX3013313,U4803,8818932438965873,842.02,Mysore,2022-08-04,10:07:42,Visa,Best Buy,Success,no
TX3755059,U8954,5192783212714826,1364.23,Hyderabad,2025-03-30,12:39:16,Visa,Apple Store,Success,no
TX8444922,U8458,6172409951928833,1172.33,Darjeeling,2023-06-02,14:25:15,Visa,ExxonMobil,Success,yes
TX4229711,U7157,0295590120857196,842.83,Darjeeling,2023-04-21,15:15:16,RuPay,Target,Success,no
TX4635983,U3944,6892092898719567,1902.65,Goa,2024-09-02,21:51:15,Diners Club,ExxonMobil,Success,no
TX2334850,U7598,2750143556016627,1991.82,Mandya,2022-12-19,13:50:00,Diners Club,Starbucks,Success,no
TX7964065,U8174,8720529312692764,1561.12,Bangalore,2022-06-08,21:55:32,Visa,Flipkart,Failed,no
TX7302031,U7532,3476657493650919,1694.62,Hyderabad,2024-12-05,00:30:14,MasterCard,McDonald's,Success,no
TX9490868,U6060,5594915855430138,225.04,Mandya,2023-02-17,17:31:13,RuPay,Walmart,Success,no
TX6296320,U6282,3105943178264480,917.94,Leh,2023-02-03,12:48:05,MasterCard,Flipkart,Success,yes
TX9922318,U9702,2083131278034955,1666.89,Goa,2024-12-02,08:56:09,RuPay,Shell,Success,no
TX6219303,U1125,4991966855396592,292.49,Mysore,2022-01-14,05:42:58,MasterCard,Walmart,Success,no
TX1233060,U8938,2230625989035349,775.17,Darjeeling,2021-08-17,07:25:05,Diners Club,McDonald's,Failed,no
TX3994237,U864,2197133901593487,1415.56,Kolkata,2021-05-02,21:19:34,MasterCard,ExxonMobil,Success,no
TX2983275,U9352,8287141132718433,293.86,Delhi,2023-02-10,23:01:08,Diners Club,Flipkart,Failed,no
TX9853596,U7833,9887591576869369,741.4,Goa,2021-11-15,17:58:26,Visa,Amazon,Success,no
TX5767635,U9740,2978420424384869,1399.62,Shillong,2025-02-04,16:24:22,RuPay,Amazon,Success,no
TX6302071,U8410,8926572340502809,865.7,Mandya,2025-06-04,21:50:16,Diners Club,Amazon,Success,yes
TX3434906,U9091,4457461965516729,1756.86,Mandya,2021-04-15,03:34:22,Visa,Walmart,Success,no
TX7542663,U5388,7752886195953401,996.72,Delhi,2022-07-19,19:57:34,MasterCard,Starbucks,Failed,no
TX5288626,U8750,0678726919963187,1503.94,Mysore,2023-02-23,05:50:15,Diners Club,Best Buy,Success,no
TX8642967,U6640,7865135362139015,1977.75,Bangalore,2021-08-06,09:38:43,MasterCard,Walmart,Success,no
TX4197996,U4072,0108683969585555,1344.92,Kolkata,2022-06-04,07:50:45,MasterCard,Apple Store,Success,yes
TX3741414,U2826,5604070842895269,1140.25,Darjeeling,2022-07-05,16:59:02,Diners Club,Shell,Success,no
TX7415848,U5121,6733985508842474,1221.5,Mysore,2023-06-11,11:09:18,RuPay,Starbucks,Success,no
TX1836143,U3067,1982071266231474,1143.72,Mandya,2024-11-14,06:04:30,Diners Club,Amazon,Success,no
TX8693621,U8684,7448649363698869,1998.6,Delhi,2020-07-18,05:59:09,Visa,Best Buy,Success,no
TX4060484,U7181,7781193274706429,978.93,Goa,2021-01-03,15:28:31,Visa,Best Buy,Failed,no
TX8887563,U5481,1078609298825282,1097.4,Leh,2023-12-04,04:37:39,Diners Club,Amazon,Success,no
TX1642770,U4679,5995290603558147,655.43,Mysore,2018-04-27,23:45:48,Visa,Flipkart,Success,no
TX7616624,U3697,3283975474874828,639.59,Mandya,2019-11-14,06:13:28,Visa,McDonald's,Failed,no
TX7054274,U2141,4444925196256219,1420.88,Mandya,2018-12-29,21:34:07,MasterCard,Flipkart,Success,yes
TX1630705,U2066,9659519896993126,308.82,Mumbai,2019-07-26,21:40:54,MasterCard,McDonald's,Success,yes
TX1585156,U1003,6308483835898960,695.97,Darjeeling,2019-11-08,15:38:31,RuPay,Shell,Failed,no
TX5185946,U5294,5729416649970547,751.53,Kolkata,2024-03-25,02:36:21,Diners Club,Flipkart,Success,no
TX4959785,U8803,1722933650358060,1918.24,Mumbai,2019-01-23,01:35:40,Diners Club,McDonald's,Success,no
TX9409677,U5581,8766351437613234,1902.82,Delhi,2019-01-04,23:09:10,Diners Club,Walmart,Success,yes
TX5534929,U2382,1181186926647149,455.96,Kochi,2024-03-21,18:51:26,Diners Club,Target,Success,yes
TX7039996,U1911,6287842450417909,1053.75,Kochi,2022-05-03,05:44:52,Visa,Shell,Success,no
TX4532229,U8052,2825545687458079,431.91,Kochi,2024-02-14,22:42:30,RuPay,Starbucks,Success,no
TX5257274,U8374,9262850720132903,1886.64,Mysore,2024-08-21,08:05:19,American Express,Starbucks,Success,no
TX3687067,U2129,6452196679812284,1756.92,Chennai,2018-07-21,16:56:40,RuPay,McDonald's,Success,no
TX2799161,U7003,1492785904163493,1037.07,Mumbai,2022-09-10,07:44:10,American Express,Amazon,Success,no
TX7299129,U1138,3316335187748449,1772.07,Kochi,2022-10-11,20:37:23,American Express,Flipkart,Success,no
TX5661151,U394,3608498778484344,1909.53,Leh,2023-11-24,19:36:44,Diners Club,Amazon,Failed,no
TX5087992,U243,3194801235313464,625.09,Mandya,2023-11-14,00:36:44,American Express,Starbucks,Success,no
TX1172688,U5655,8626666456229973,1555.83,Kolkata,2025-02-13,20:55:51,RuPay,Target,Success,yes
TX5334609,U6980,0438994333033248,219.3,Chennai,2020-07-15,10:53:12,American Express,Starbucks,Success,no
TX8035534,U5419,5014288465378821,1608.51,Mysore,2021-04-29,13:10:11,RuPay,ExxonMobil,Failed,no
TX1491089,U3760,2038149138981765,274.62,Mysore,2022-03-09,13:56:02,MasterCard,ExxonMobil,Success,no
TX8061848,U1505,4763617202299014,236.54,Mandya,2022-06-10,12:51:51,Visa,Flipkart,Success,yes
TX3164244,U5620,4742779780055098,427.15,Jaipur,2023-07-07,03:56:56,American Express,Apple Store,Success,yes
TX6725166,U4683,5216129332085147,379.86,Shillong,2022-04-01,15:08:22,Visa,Target,Success,no
TX3823753,U7220,9121828611076058,88.63,Kolkata,2025-05-19,09:00:37,American Express,Best Buy,Success,no
TX8460135,U7908,1573553423199446,781.43,Udaipur,2023-12-04,22:27:01,MasterCard,McDonald's,Success,no
TX3382395,U9277,8095479791994214,1399.55,Leh,2023-08-07,23:03:56,MasterCard,Amazon,Success,no
TX9735023,U6980,3196568449266292,301.56,Udaipur,2021-09-14,00:56:20,MasterCard,Amazon,Success,no
TX8246482,U1639,1445409536030994,1758.7,Bangalore,2022-09-09,23:36:54,RuPay,Shell,Success,no
TX2384379,U9779,6139147071200538,1588.56,Jaipur,2018-03-09,15:21:10,RuPay,Starbucks,Success,no
TX7158338,U2345,1022961313675112,856.7,Leh,2025-06-02,06:42:00,MasterCard,McDonald's,Failed,no
TX7837987,U2768,4570897318986598,1722.88,Delhi,2023-03-17,10:55:06,Visa,Shell,Success,no
TX5415267,U6639,9915106097754983,315.45,Mandya,2020-10-27,07:32:37,RuPay,Target,Success,yes
TX4827544,U9571,0102799630928053,255.75,Udaipur,2025-01-10,10:33:29,American Express,Flipkart,Success,yes
TX7801752,U5836,9707361989988961,1063.18,Udaipur,2019-10-17,07:49:18,MasterCard,ExxonMobil,Success,no
TX3238245,U9386,7682285318276488,1956.27,Leh,2023-09-16,05:03:05,Diners Club,Flipkart,Success,no
TX7515059,U5281,0246473555917497,1821.16,Kochi,2022-05-10,16:05:07,RuPay,Best Buy,Success,no
TX6098956,U5419,6606830725351593,1788.55,Chennai,2024-01-11,04:06:25,Diners Club,Best Buy,Success,no
TX3891937,U1584,2754209270016397,792.51,Kochi,2025-01-23,00:01:40,Visa,Target,Failed,no
TX3984053,U1012,1839494290121914,1868.4,Bangalore,2024-04-13,19:39:39,American Express,McDonald's,Success,yes
TX8058233,U9687,5609035387017241,1843.36,Delhi,2022-05-17,08:50:05,Visa,Apple Store,Success,no
TX7500271,U7190,4517125420595466,432.08,Leh,2021-10-30,11:27:02,Visa,Walmart,Success,no
TX7343312,U5314,0819257761318550,917.01,Darjeeling,2023-02-01,14:28:29,Visa,Best Buy,Success,yes
TX9949163,U7394,7382928891666794,1056.62,Kochi,2021-04-23,11:00:04,Visa,Target,Success,yes
TX9719585,U9839,6313480871083564,389.13,Goa,2022-11-24,02:36:25,American Express,Amazon,Success,no
TX3084528,U4142,3999217643185470,1318.11,Mumbai,2020-02-17,00:39:17,RuPay,Apple Store,Success,no
TX3019983,U452,2053804740756586,350.32,Kolkata,2020-08-12,12:54:00,MasterCard,Starbucks,Success,no
TX4624251,U4587,2910430966124708,506.02,Kolkata,2019-05-06,03:27:17,Diners Club,Target,Success,no
TX1298673,U1669,5511680058738400,1109.11,Jaipur,2023-09-20,04:15:08,Diners Club,ExxonMobil,Success,no
TX6356004,U5122,8081786139262756,329.26,Chennai,2021-03-30,04:28:05,American Express,Apple Store,Success,yes
TX3213642,U2919,7959536241606873,1800.69,Mandya,2023-08-10,08:29:17,Diners Club,McDonald's,Success,no
TX7972064,U61,3498350517341440,1480.69,Darjeeling,2023-07-13,04:53:19,Diners Club,McDonald's,Success,yes
TX5957858,U9298,7630610052195566,1641.09,Mandya,2023-06-16,06:05:44,MasterCard,Starbucks,Success,yes
TX7138193,U9954,1869346559614980,1057.9,Kochi,2022-12-27,17:04:59,RuPay,McDonald's,Success,no
TX8061223,U9479,1089167249303632,1276.78,Kolkata,2019-12-09,09:48:24,Diners Club,McDonald's,Success,no
TX2664858,U201,9928215778161668,1140.27,Goa,2022-05-21,06:21:04,American Express,ExxonMobil,Success,no
TX9885861,U3522,2645240384930242,201.37,Mysore,2020-07-28,15:20:06,Visa,Amazon,Success,no
TX7056925,U2113,6750183653487880,1121.58,Mysore,2018-05-28,23:58:45,RuPay,Apple Store,Failed,yes
TX2932695,U9986,5062557456114385,1301.63,Darjeeling,2024-06-18,13:15:43,RuPay,McDonald's,Success,no
TX5970428,U4509,2497924116617337,163.9,Shillong,2018-04-08,08:50:48,MasterCard,McDonald's,Success,no
TX9281473,U9283,6935104266337677,1791.34,Varanasi,2021-07-22,14:29:05,MasterCard,Flipkart,Success,no
TX7110131,U3292,9588739131555006,784.19,Bangalore,2020-02-05,01:02:04,Visa,McDonald's,Success,no
TX2011333,U1343,1133924737765722,980.1,Mumbai,2020-07-04,18:33:18,Visa,Flipkart,Success,yes
TX2374114,U7172,1138623014895474,778.81,Chennai,2019-04-20,18:30:47,MasterCard,Walmart,Success,no
TX8841678,U7475,6065520074046407,1737.82,Hyderabad,2022-10-25,19:35:44,MasterCard,Target,Failed,yes
TX6027151,U7111,2132699826713121,541.96,Shillong,2022-03-24,14:31:06,American Express,Best Buy,Failed,yes
TX3669227,U5007,6844657710794003,1312.03,Shillong,2023-10-30,19:48:20,MasterCard,Flipkart,Success,no
TX5053212,U4798,5132209290613939,238.48,Shillong,2019-11-13,19:28:44,Visa,Target,Success,no
TX7900093,U3524,1437860990569764,1755.46,Hyderabad,2019-09-14,04:34:23,American Express,Target,Success,no
TX6937493,U9817,7579121225548339,645.98,Kolkata,2023-01-01,00:04:47,MasterCard,Walmart,Success,no
TX8241876,U7401,0924342721671616,857.8,Chennai,2023-04-16,10:18:47,American Express,McDonald's,Success,no
TX9992356,U4133,0234711991882337,1501.12,Shillong,2018-10-31,00:12:27,Visa,McDonald's,Success,yes
TX8875845,U8838,0498487296248634,1777.47,Jaipur,2021-10-17,23:07:06,Diners Club,Flipkart,Success,no
TX6115292,U1002,3870006081006647,321.86,Chennai,2018-07-22,06:55:55,RuPay,Target,Success,no
TX4158628,U1164,1066504759264139,1991.41,Shillong,2022-01-25,08:24:56,Diners Club,Starbucks,Success,yes
TX7373049,U657,2756770731155735,1503.65,Kochi,2024-06-23,15:45:46,MasterCard,Shell,Failed,no
TX3584506,U9317,4054179544408776,199.7,Leh,2018-10-18,02:36:53,Diners Club,Flipkart,Success,yes
TX8516025,U1640,1927662462667344,1522.26,Mysore,2021-04-08,20:56:02,Visa,Flipkart,Success,no
TX2257676,U3554,2515048396404699,584.18,Darjeeling,2020-05-18,21:13:31,Diners Club,Walmart,Success,no
TX8014932,U8680,6867842035911520,546.73,Chennai,2020-01-31,21:53:24,Diners Club,Walmart,Failed,yes
TX3813422,U8091,4758341573350749,1236.01,Mysore,2020-06-28,15:29:27,Diners Club,McDonald's,Failed,yes
TX5702668,U5068,3098119493814669,1117.15,Chennai,2021-10-11,02:09:40,RuPay,Starbucks,Success,no
TX6662814,U9303,9547614978349425,1463.58,Shillong,2020-09-28,08:57:23,RuPay,Amazon,Success,no
TX8408142,U8257,9993497769689529,1618.3,Kolkata,2020-12-18,03:57:30,American Express,McDonald's,Success,no
TX1493204,U2433,9413266768027082,1666.2,Chennai,2021-04-21,16:49:07,Diners Club,Target,Success,no
TX4439812,U7697,0481711967555605,1185.49,Mumbai,2019-10-28,07:36:33,MasterCard,Apple Store,Success,no
TX5063125,U9163,8647086357850250,54.67,Kochi,2023-01-08,16:14:11,MasterCard,ExxonMobil,Success,yes
TX3539766,U8596,2634418746060264,1324.29,Chennai,2022-01-27,01:31:05,Visa,Apple Store,Failed,no
TX4439410,U5613,7034905711438605,29.92,Mysore,2023-09-26,02:28:27,Visa,Best Buy,Success,no
TX1015588,U4132,8249500624487509,1803.72,Varanasi,2023-08-20,06:08:16,Diners Club,ExxonMobil,Success,yes
TX5033597,U4989,7848101277890936,1688.4,Delhi,2022-09-23,11:54:57,Visa,Shell,Success,yes
TX5768514,U6750,4402449989401756,89.51,Delhi,2021-11-01,01:12:42,Diners Club,Target,Success,no
TX9875618,U7401,4899995576796050,200.92,Mumbai,2018-03-25,06:27:41,American Express,Best Buy,Success,no
TX6240223,U9957,0913562325456323,441.74,Mandya,2022-05-13,03:28:23,RuPay,Best Buy,Failed,no
TX7529265,U4992,6350444075711607,848.53,Hyderabad,2023-04-13,17:30:31,Visa,Target,Failed,no
TX5026299,U5485,9697055344280791,345.15,Leh,2024-05-03,12:35:13,American Express,Shell,Success,yes
TX9109969,U8638,8387879456195348,1582.57,Goa,2025-05-19,14:41:22,Visa,Apple Store,Success,no
TX5201950,U1447,3618862139837453,784.64,Mysore,2023-01-01,06:21:20,Visa,Target,Success,no
TX9952773,U6610,6321797981013849,733.4,Mumbai,2019-11-08,02:07:09,RuPay,Amazon,Success,no
TX1448590,U8192,3796638566125789,1452.26,Jaipur,2022-05-30,09:12:35,RuPay,Target,Success,no
TX9937945,U9378,2071423505856419,1991.33,Mandya,2019-08-10,09:35:08,RuPay,Starbucks,Success,no
TX4141570,U564,4271269008104257,1572.41,Udaipur,2018-08-08,00:07:53,Visa,McDonald's,Success,no
TX2903367,U4377,5510883547550066,1005.78,Jaipur,2021-07-17,09:04:13,American Express,McDonald's,Success,no
TX1749705,U860,3877306320560301,66.54,Kochi,2024-01-08,23:01:40,Diners Club,McDonald's,Success,no
TX1020551,U29,2328996222243141,269.75,Udaipur,2019-02-17,01:08:43,MasterCard,Shell,Success,no
TX2149768,U2894,3244266133033973,1548.96,Leh,2019-10-04,23:06:25,Diners Club,McDonald's,Success,no
TX4404693,U4618,1197773474201119,1934.17,Kochi,2022-07-24,09:18:17,RuPay,Amazon,Success,no
TX5382374,U4183,3116401136665069,563.58,Mumbai,2024-11-06,02:41:11,Visa,Walmart,Success,no
TX4729656,U8540,1122553266079222,1141.79,Delhi,2024-10-24,20:12:08,RuPay,Target,Success,no
TX8114862,U3104,6710572505638333,1475.63,Leh,2024-02-10,08:02:38,Visa,Shell,Success,no
TX8296263,U4845,5715755798809782,963.71,Hyderabad,2018-12-05,13:01:47,Visa,Amazon,Success,yes
TX5510557,U3797,2668806846622886,1935.16,Mysore,2018-10-11,09:28:14,American Express,ExxonMobil,Success,yes
TX6596510,U7084,7120950299910966,1680.95,Chennai,2020-06-06,01:39:50,RuPay,ExxonMobil,Success,yes
TX4562432,U674,3787382763635287,1134.82,Chennai,2023-03-08,19:31:50,Diners Club,Shell,Success,yes
TX1923687,U765,9113006398557901,1164.62,Shillong,2021-06-05,05:04:38,MasterCard,McDonald's,Success,no
TX4553634,U5971,5549895346547079,102.11,Delhi,2024-10-14,16:31:33,MasterCard,Amazon,Success,no
TX6658321,U4728,7899513954539647,1087.17,Leh,2024-01-03,08:23:55,Diners Club,McDonald's,Success,no
TX3941925,U9486,2684581217496207,129.53,Hyderabad,2023-03-12,22:23:21,Visa,Walmart,Success,no
TX2371633,U1191,1913014571187624,1402.67,Udaipur,2022-07-21,11:22:55,MasterCard,Amazon,Success,no
TX9721053,U5750,2798138791001400,86.13,Darjeeling,2021-03-03,02:41:39,RuPay,Shell,Success,no
TX5394667,U5232,1010212176384268,1817.91,Jaipur,2022-05-29,19:30:16,Diners Club,McDonald's,Success,no
TX7407680,U6251,3301756952343362,1837.92,Leh,2021-06-26,11:17:13,MasterCard,Flipkart,Success,no
TX8544396,U3045,5203911439454973,782.98,Mysore,2018-06-21,20:03:03,Visa,Shell,Success,no
TX4351025,U1451,5063207663381807,342.6,Varanasi,2021-04-26,04:17:24,Visa,ExxonMobil,Success,no
TX3464366,U353,9598706178905316,132.64,Delhi,2022-03-29,03:14:52,American Express,Apple Store,Success,no
TX2108655,U8748,5348709743114050,1285.23,Udaipur,2024-10-10,17:35:50,RuPay,ExxonMobil,Success,no
TX7869097,U5371,1039672048096924,1372.05,Bangalore,2022-01-24,19:56:37,MasterCard,Walmart,Success,no
TX8069715,U4532,8594605451118602,1623.29,Shillong,2019-12-30,05:21:53,Visa,Shell,Success,no
TX9371760,U5379,4943167299346830,499.27,Shillong,2020-11-06,00:28:47,Diners Club,Flipkart,Success,no
TX7790385,U2234,0456433491018737,104.31,Hyderabad,2023-12-31,22:22:59,Visa,Walmart,Success,no
TX7123439,U2245,5814800544219102,1063.62,Udaipur,2018-11-30,11:03:52,MasterCard,Shell,Success,no
TX4104410,U5193,3590605709946225,1117.73,Chennai,2018-06-24,08:28:12,MasterCard,Starbucks,Success,no
TX2157589,U2003,0553847784456176,972.97,Goa,2020-12-19,21:39:40,MasterCard,Apple Store,Success,no
TX9535161,U2386,0388518961471470,1706.86,Jaipur,2022-06-24,12:54:51,Visa,Shell,Success,yes
TX1590629,U5389,7586811555845943,297.46,Darjeeling,2022-01-27,05:53:49,Diners Club,Best Buy,Success,no
TX7070829,U3784,6403016096267172,481.37,Jaipur,2022-05-29,11:08:19,Diners Club,ExxonMobil,Success,no
TX6518956,U6703,6330402506218377,117.53,Hyderabad,2019-07-06,20:14:31,MasterCard,Best Buy,Success,no
TX7634820,U5552,8459771219771639,1606.67,Mumbai,2024-09-29,20:14:33,Visa,Best Buy,Success,yes
TX2810286,U1295,8357119686568935,235.13,Mandya,2025-04-23,15:20:59,American Express,McDonald's,Failed,yes
TX9130692,U8350,3045089981500215,1275.81,Hyderabad,2024-01-02,04:37:17,RuPay,Amazon,Success,no
TX2978408,U8867,3326194881774156,191.58,Jaipur,2022-05-05,13:43:33,MasterCard,Shell,Success,no
TX6927367,U7622,0646599689077687,1345.97,Leh,2019-05-11,04:52:34,MasterCard,Target,Success,no
TX4608342,U9766,3797320495840310,1742.68,Jaipur,2019-02-13,01:49:15,MasterCard,Starbucks,Success,yes
TX7370731,U9093,1086810536146777,946.52,Udaipur,2025-02-23,18:11:17,RuPay,Apple Store,Success,no
TX5990039,U1245,3317242484188260,682.44,Chennai,2019-04-19,07:07:51,Visa,Amazon,Success,no
TX7016071,U5934,8421303362103444,1020.43,Jaipur,2024-11-22,23:46:16,Diners Club,McDonald's,Success,no
TX8147957,U278,1325422985575896,372.69,Mumbai,2019-07-27,12:22:32,American Express,Amazon,Success,no
TX2270771,U429,0629005377797300,836.42,Darjeeling,2018-11-08,16:55:55,Visa,Target,Success,yes
TX5727082,U2615,6554040336250452,1629.1,Bangalore,2021-05-25,01:50:09,MasterCard,Apple Store,Failed,no
TX3801879,U832,8146515745941738,1047.95,Shillong,2021-02-05,06:43:48,MasterCard,Amazon,Success,no
TX8036311,U7252,2132903162585481,1923.21,Mumbai,2018-11-24,12:00:02,Diners Club,Flipkart,Success,no
TX6766085,U1996,9163301206240607,547.25,Mandya,2019-07-18,23:12:10,MasterCard,Walmart,Success,no
TX2036154,U6770,5584014627697202,1498.31,Jaipur,2022-08-01,17:26:26,Diners Club,Best Buy,Success,no
TX7979161,U9035,1118658882627400,331.06,Shillong,2018-04-08,12:25:28,Diners Club,Walmart,Success,no
TX1217554,U6500,1099165700287184,334.6,Varanasi,2020-04-22,16:02:52,Visa,Target,Success,no
TX3341681,U9554,2933120648172678,301.14,Leh,2020-09-23,22:19:06,Visa,Amazon,Success,no
TX1778982,U8796,7822502736642805,439.18,Bangalore,2022-11-08,15:32:40,American Express,Best Buy,Success,no
TX7448127,U2733,5770873005707058,1650.57,Delhi,2021-05-15,08:14:40,RuPay,McDonald's,Success,no
TX9351944,U5144,3834067729603554,1879.24,Chennai,2025-05-19,09:53:43,RuPay,Shell,Failed,no
TX1934528,U5332,8304114536004693,928.2,Mandya,2019-05-14,11:36:07,MasterCard,Starbucks,Success,no
TX4573250,U7641,7443532901610095,1764.71,Mysore,2022-01-23,10:36:48,Diners Club,Shell,Success,no
TX3083914,U3598,6181061248230436,932.04,Darjeeling,2019-03-19,18:14:42,Visa,Best Buy,Success,no
TX4157563,U6572,2574063213063423,1973.19,Shillong,2022-01-09,23:08:19,MasterCard,McDonald's,Success,yes
TX4119901,U8165,7631792394943799,557.87,Leh,2022-03-14,12:45:30,MasterCard,Apple Store,Success,no
TX4917055,U962,1139906931361142,1516.14,Mumbai,2020-11-02,21:34:55,Visa,McDonald's,Success,yes
TX8479125,U3919,5552306239820649,1803.72,Mandya,2019-10-19,07:30:02,RuPay,ExxonMobil,Success,no
TX7176363,U4915,1537155238506456,733.94,Mandya,2018-03-01,09:59:46,Diners Club,ExxonMobil,Failed,no
TX2923625,U2160,5922684636729108,715.38,Darjeeling,2019-07-22,03:52:25,American Express,Flipkart,Failed,no
TX1565138,U3458,0173174265227602,590.47,Hyderabad,2022-11-15,08:54:39,MasterCard,Shell,Success,yes
TX2346330,U6215,3772311929579204,312.91,Delhi,2022-01-31,20:58:51,Diners Club,Amazon,Success,yes
TX2796376,U4192,5518949865301532,1910.66,Varanasi,2024-08-27,09:55:29,American Express,Amazon,Success,no
TX9289426,U9117,0576776715765884,1538.49,Darjeeling,2020-03-25,13:37:52,American Express,Apple Store,Success,no
TX8372199,U1378,3297498736159637,564.54,Goa,2019-09-13,18:45:38,RuPay,Apple Store,Success,no
TX1102970,U8453,7007493971422809,115.99,Mumbai,2022-04-25,05:44:34,RuPay,Flipkart,Success,no
TX4733274,U6456,8061285967262026,1489.69,Mumbai,2019-08-01,15:16:48,American Express,Apple Store,Success,no
TX7558786,U534,2474867380408485,1040.16,Kochi,2025-01-31,09:17:53,Visa,Best Buy,Success,no
TX1986375,U631,5091634513094545,722.97,Bangalore,2018-01-01,01:34:03,Visa,Shell,Success,yes
TX7842003,U301,6688640413861349,1414.57,Goa,2022-12-27,20:37:34,Diners Club,Shell,Success,no
TX3334498,U7866,0087897523210045,1885.49,Bangalore,2018-08-13,19:35:03,Visa,Starbucks,Success,no
TX2923276,U2381,4929032781427339,392.59,Hyderabad,2024-08-19,07:44:53,Visa,ExxonMobil,Success,no
TX8378315,U5206,0037400629101728,1384.39,Varanasi,2021-03-01,16:28:57,MasterCard,ExxonMobil,Failed,no
TX1440404,U4580,2667339161053973,138.63,Chennai,2023-05-09,13:14:49,RuPay,Amazon,Success,no
TX7290915,U8156,3436597861613259,1670.27,Jaipur,2022-12-30,13:18:49,RuPay,Flipkart,Success,no
TX2290200,U5176,6974525367389610,472.32,Leh,2023-02-02,12:51:23,RuPay,ExxonMobil,Success,no
TX6728754,U9391,7576487562801394,675.73,Kochi,2021-05-27,02:01:31,Visa,Amazon,Failed,no
TX3545162,U3432,2096995312887094,732.26,Bangalore,2021-10-31,13:30:47,Visa,Walmart,Success,no
TX3382374,U2954,7792510545894929,1829.58,Jaipur,2022-01-05,21:30:57,RuPay,Shell,Success,no
TX2807711,U1803,3941798185210257,1788.46,Varanasi,2020-08-16,01:51:14,RuPay,Starbucks,Success,no
TX9794603,U1064,7713221267132949,1469.06,Udaipur,2021-01-17,10:11:22,MasterCard,Target,Success,no
TX5776578,U1475,6977335800338638,1565.06,Mysore,2022-05-07,15:43:24,RuPay,Apple Store,Success,no
TX8158201,U273,8293514263624418,153.41,Udaipur,2021-08-16,19:19:13,RuPay,Apple Store,Success,no
TX2515268,U2736,6125481331029521,1125.36,Jaipur,2023-10-17,17:50:28,Visa,Shell,Success,no
TX5791024,U4441,0056546954730400,452.99,Mumbai,2024-08-29,03:23:51,RuPay,Walmart,Success,no
TX1247648,U3041,9843612790383684,395.74,Kochi,2021-11-17,12:48:27,RuPay,Best Buy,Failed,no
TX6438126,U8901,5147622328899260,1001.52,Kolkata,2021-01-07,10:52:06,MasterCard,Best Buy,Success,no
TX8010086,U7506,8874043173297013,310.77,Kolkata,2019-09-06,21:53:30,American Express,Starbucks,Success,no
TX4954660,U6076,4140414320051894,1690.13,Shillong,2023-07-14,18:21:17,American Express,Apple Store,Success,no
TX3460593,U9665,5829888494853535,1958.15,Bangalore,2021-12-17,10:43:59,Visa,Flipkart,Success,no
TX9039162,U9089,8990016058980577,1346.36,Kolkata,2020-10-02,03:39:10,Visa,Starbucks,Success,yes
TX1312388,U4934,9983214955714543,1856.05,Chennai,2023-11-29,07:56:34,Visa,Walmart,Success,no
TX5565905,U7966,5450640430922332,892.15,Jaipur,2023-03-20,11:03:51,American Express,Shell,Success,yes
TX4143115,U3752,3413685720454062,1775.11,Mandya,2019-07-14,05:10:39,RuPay,Amazon,Failed,yes
TX2162655,U6019,3618504111968499,1359.34,Delhi,2023-09-08,17:37:28,American Express,McDonald's,Success,no
TX1525389,U2969,9408052997907563,1020.59,Mandya,2021-10-29,09:24:26,Visa,McDonald's,Success,no
TX9542860,U357,5496295791163482,702.36,Chennai,2023-03-17,22:01:22,Diners Club,Best Buy,Success,no
TX8401475,U5944,5339735098285643,763.07,Kochi,2024-08-19,11:53:47,Visa,Best Buy,Success,no
TX2845801,U6027,2216764528734572,114.21,Goa,2024-04-09,08:20:22,Diners Club,Best Buy,Success,no
TX2753430,U1640,5364944582026620,1004.36,Udaipur,2018-02-10,13:42:25,RuPay,Apple Store,Success,no
TX1086293,U2413,1265146868521909,1066.01,Mumbai,2023-11-23,07:41:35,Visa,Target,Success,no
TX8740979,U9504,5056375766842069,1270.36,Delhi,2019-02-19,13:08:42,MasterCard,ExxonMobil,Failed,yes
TX2223122,U5431,8998613157399431,1670.13,Kochi,2023-01-31,23:44:21,Diners Club,Apple Store,Success,no
TX8833981,U6808,5749103362326263,246.42,Mysore,2021-04-28,09:56:47,Visa,Walmart,Success,no
TX7531770,U9603,4244113307596247,651.01,Kolkata,2024-03-25,18:13:55,Visa,Shell,Success,yes
TX3393416,U4900,0749383548861884,1301.21,Udaipur,2022-09-18,23:22:01,MasterCard,Starbucks,Failed,no
TX6429446,U5491,7129021254804473,407.26,Mysore,2023-12-08,17:21:52,RuPay,McDonald's,Success,yes
TX3686725,U2712,9357503299172277,96.83,Mysore,2019-12-19,16:52:58,RuPay,Walmart,Success,no
TX4368635,U9391,9783445348962034,959.64,Mysore,2020-02-29,11:02:53,American Express,Apple Store,Success,no
TX8286590,U8743,9843298363862688,54.33,Goa,2021-04-09,23:15:04,American Express,Amazon,Failed,no
TX3159908,U7878,4504510481115507,1234.24,Kolkata,2021-07-11,12:20:00,MasterCard,McDonald's,Success,no
TX3979260,U1647,5591323399035542,195.09,Udaipur,2019-05-26,21:15:41,Diners Club,Flipkart,Success,no
TX9604791,U2282,4806043387423069,630.88,Bangalore,2020-02-10,05:33:58,Visa,Shell,Success,no
TX6770859,U5493,9583057656932346,243.39,Shillong,2025-03-07,14:34:49,Diners Club,Best Buy,Success,no
TX9884996,U7307,6195917674630920,590.45,Kolkata,2018-04-17,03:35:44,MasterCard,Best Buy,Success,no
TX6558018,U4931,0449705249944494,1004.93,Kolkata,2018-01-24,18:46:11,MasterCard,Amazon,Failed,no
TX8661478,U1077,8537038325738384,1999.52,Goa,2021-09-20,15:03:20,Diners Club,Flipkart,Success,no
TX3898347,U2283,6490429590728249,1266.71,Varanasi,2022-03-31,14:34:02,RuPay,Best Buy,Success,no
TX5384548,U8012,0081980011260626,1697.8,Chennai,2018-10-31,10:48:08,Visa,Starbucks,Success,no
TX8755585,U2610,7454148454997559,853.17,Leh,2019-09-05,20:08:58,Visa,ExxonMobil,Success,no
TX3587180,U8211,7646760384611059,1037.38,Mumbai,2020-01-10,07:52:41,American Express,Amazon,Success,no
TX4111507,U2863,1923510129595242,1708.23,Delhi,2020-03-17,14:44:29,Visa,Shell,Failed,no
TX1902648,U7248,5945421245548342,1514.05,Mysore,2018-06-17,22:38:49,Visa,Flipkart,Failed,no
TX4642082,U3239,5836568292423420,352.21,Leh,2018-10-18,14:51:20,American Express,McDonald's,Success,no
TX2595595,U1355,9595374911712817,1653.51,Chennai,2025-02-14,16:19:17,MasterCard,McDonald's,Success,no
TX9512271,U6055,7731022327491506,1502.86,Udaipur,2018-01-01,06:44:28,MasterCard,ExxonMobil,Success,no
TX7574904,U4630,4043370049448569,1860.35,Goa,2022-06-27,06:38:10,American Express,Target,Success,yes
TX1711212,U7170,6757488375647536,1524.02,Darjeeling,2024-09-07,19:37:25,MasterCard,Best Buy,Success,yes
TX8166106,U6799,1798037430723678,1244.48,Delhi,2019-07-22,08:41:35,Diners Club,Flipkart,Success,no
TX6859864,U2433,3623535851920923,1763.69,Chennai,2022-01-02,19:46:31,RuPay,Walmart,Success,no
TX7827039,U6313,8055384029158144,145.78,Mandya,2021-06-26,22:56:10,RuPay,Starbucks,Success,no
TX6500512,U7826,8637632429158486,111.17,Darjeeling,2025-04-24,14:58:00,MasterCard,Apple Store,Success,no
TX2751468,U2747,6659910343706282,96.1,Goa,2018-08-26,22:07:56,Diners Club,Best Buy,Success,no
TX3682658,U8745,5585675220899200,1674.52,Varanasi,2024-10-22,10:11:00,American Express,McDonald's,Success,no
TX7039410,U1329,3870043156088512,1560.04,Mysore,2024-12-02,09:04:53,Diners Club,Apple Store,Success,yes
TX8567573,U3844,5411201960884812,768.62,Mumbai,2019-02-20,02:29:08,Diners Club,Apple Store,Success,no
TX4632723,U6284,4011685644155911,351.33,Goa,2020-08-13,10:56:23,Visa,Shell,Success,yes
TX6871723,U2268,4944484769719673,715.49,Udaipur,2024-12-06,21:45:35,MasterCard,McDonald's,Failed,no
TX2784365,U8905,9823453765923655,1393.27,Mysore,2019-02-01,02:26:35,RuPay,ExxonMobil,Success,no
TX9261380,U9884,3723453922495727,36.22,Leh,2019-12-13,05:43:41,American Express,Flipkart,Success,yes
TX4795859,U6219,9100424835032066,533.4,Leh,2020-11-16,18:01:56,Visa,McDonald's,Failed,no
TX1694292,U6084,6741446987698945,1732.6,Kochi,2024-09-11,12:26:08,Diners Club,Best Buy,Success,no
TX2008952,U1073,2613436334597943,1842.2,Hyderabad,2022-07-05,14:25:43,Diners Club,ExxonMobil,Success,yes
TX9726419,U5704,3663971070857251,1636.98,Kolkata,2018-06-20,07:49:21,Diners Club,Amazon,Success,no
TX5652156,U4402,2536989921204492,341.76,Chennai,2025-04-02,09:37:51,RuPay,Starbucks,Success,no
TX3670406,U9052,1051089876082281,39.27,Kochi,2022-05-12,18:54:30,MasterCard,Best Buy,Failed,no
TX8043705,U3591,5671077208728096,1769.77,Shillong,2021-08-02,01:14:04,RuPay,Walmart,Success,yes
TX5695189,U9411,5477657782054514,1890.52,Darjeeling,2018-04-13,06:07:45,Visa,Shell,Success,no
TX3980451,U8495,4522100830394279,890.99,Mandya,2020-05-21,12:17:14,Diners Club,Flipkart,Success,no
TX8833411,U3963,2866685655844633,276.86,Udaipur,2021-09-20,11:51:28,RuPay,McDonald's,Success,no
TX3547149,U7686,6342195759246780,718.12,Mandya,2022-05-24,22:50:56,Diners Club,Apple Store,Success,no
TX8496218,U2049,7149332205069421,781.3,Kolkata,2022-12-27,08:56:26,Diners Club,McDonald's,Failed,no
TX2136709,U8930,6613078985960481,199.31,Kochi,2018-06-01,10:27:28,Diners Club,Apple Store,Success,yes
TX7580748,U1030,1942352512852853,161.31,Mandya,2024-10-05,07:23:40,Visa,Flipkart,Success,yes
TX3987340,U3681,1471300889285452,1341.07,Kolkata,2019-11-29,10:40:07,Diners Club,Starbucks,Success,no
TX1282346,U1984,6686590058295169,739.27,Hyderabad,2019-11-07,13:03:54,RuPay,McDonald's,Success,yes
TX1114736,U2078,6475404281363419,1884.99,Darjeeling,2019-06-12,02:43:53,MasterCard,Shell,Success,no
TX9818369,U965,7798561754178771,900.71,Leh,2020-06-19,23:38:35,MasterCard,Flipkart,Success,no
TX1352229,U2004,1175355465315347,277.45,Bangalore,2020-06-09,10:38:19,MasterCard,Walmart,Success,no
TX2530307,U7345,0439623005019612,1317.73,Darjeeling,2024-05-13,23:22:03,RuPay,Best Buy,Success,no
TX6939163,U2083,3001686409546340,607.68,Bangalore,2022-04-09,14:07:46,Diners Club,McDonald's,Success,no
TX6173245,U9661,6344427960477320,233.87,Goa,2018-08-05,06:36:07,MasterCard,Flipkart,Success,no
TX3361757,U2858,7477691520385150,105.36,Shillong,2023-07-25,12:47:24,MasterCard,McDonald's,Success,no
TX8966286,U9987,2781332395586086,117.45,Kochi,2022-05-10,18:00:52,RuPay,Best Buy,Failed,no
TX1476204,U2744,2573219037214823,1727.54,Leh,2023-05-17,13:27:31,American Express,Starbucks,Success,no
TX1810297,U2518,0685843416396804,1835.03,Varanasi,2023-07-17,23:10:47,MasterCard,Apple Store,Failed,yes
TX9746788,U2738,3714974543441718,1981.79,Varanasi,2022-04-08,14:43:21,Diners Club,Apple Store,Success,no
TX5518190,U7056,4994868425427514,200.73,Mandya,2023-01-18,11:08:55,American Express,Flipkart,Success,no
TX2401455,U8427,5415649928718203,1977.05,Delhi,2021-05-18,15:36:03,MasterCard,Apple Store,Success,no
TX1812059,U8372,0682295493038301,18.97,Udaipur,2020-04-22,21:30:30,MasterCard,Target,Success,no
TX7863080,U8336,6631355530035296,19.79,Udaipur,2019-10-22,09:27:53,Visa,Starbucks,Success,no
TX7520906,U8213,5822346533798051,1466.12,Udaipur,2019-10-28,03:01:16,RuPay,Apple Store,Success,yes
TX2447083,U9015,6122414020815024,349.71,Chennai,2025-02-14,01:04:25,Diners Club,ExxonMobil,Success,no
TX3460985,U743,6010961649102327,39.92,Hyderabad,2018-04-09,10:24:41,American Express,Amazon,Success,no
TX8654701,U985,4874485070239297,1435.27,Leh,2020-12-07,02:33:58,Diners Club,Apple Store,Success,no
TX7899718,U6471,9819153793026717,791.87,Leh,2020-07-20,20:11:02,American Express,ExxonMobil,Success,no
TX1822800,U5292,3918501437348317,788.93,Darjeeling,2021-05-13,14:57:02,RuPay,Target,Success,no
TX9278934,U3825,3861604387087537,112.18,Shillong,2019-04-01,20:54:54,RuPay,ExxonMobil,Success,no
TX5353078,U7530,5402677230507408,1389.28,Kochi,2018-06-29,18:53:47,RuPay,Shell,Success,no
TX8637230,U4598,5271770643740274,872.72,Jaipur,2022-12-16,13:47:34,Diners Club,Starbucks,Success,no
TX1066406,U1906,1487077327844785,1861.42,Leh,2018-12-12,10:01:57,Visa,Amazon,Success,no
TX6568472,U1475,9390862352735718,1052.59,Mysore,2018-03-18,15:52:50,MasterCard,Starbucks,Success,no
TX3443396,U2810,9811666383722309,1317.38,Varanasi,2018-07-25,23:52:59,American Express,Walmart,Success,no
TX4567114,U9178,7463061038900274,896.91,Udaipur,2018-08-15,08:42:35,MasterCard,Amazon,Success,no
TX4996377,U4564,0989482478576333,661.54,Udaipur,2019-06-06,03:08:38,American Express,Starbucks,Failed,no
TX1614001,U323,9586199814922433,1124.69,Shillong,2023-04-09,13:27:08,RuPay,Walmart,Success,no
TX2544597,U1107,4378036779258769,938.42,Kochi,2022-05-02,23:57:00,RuPay,Target,Failed,no
TX8134981,U8348,5811460316067775,1287.95,Goa,2021-02-24,08:48:37,Visa,Target,Failed,no
TX7594660,U6626,5453629806125556,1605.21,Mumbai,2018-09-10,09:07:13,Visa,Apple Store,Success,no
TX8645469,U2702,1711384176848505,1643.98,Mumbai,2021-11-02,06:17:06,MasterCard,Amazon,Success,no
TX2913234,U5578,7864816406911583,1362.41,Leh,2024-09-19,03:08:14,Visa,Flipkart,Failed,no
TX3905766,U9077,3875302117617814,490.37,Delhi,2024-10-28,22:14:31,Visa,ExxonMobil,Success,no
TX5082599,U7942,7708167839391639,282.16,Chennai,2022-12-06,14:00:39,MasterCard,Shell,Success,yes
TX4025630,U6556,4827554966113041,330.75,Darjeeling,2018-07-31,04:09:40,American Express,ExxonMobil,Success,no
TX9969818,U5461,9503040125101864,1199.36,Goa,2021-07-13,02:35:26,Diners Club,Amazon,Success,no
TX1128599,U2485,1386087998286900,1825.79,Hyderabad,2018-05-20,19:27:30,MasterCard,Starbucks,Success,no
TX9469412,U2604,4611532691373932,1355.25,Varanasi,2025-02-27,10:31:13,MasterCard,Amazon,Success,yes
TX1006380,U9800,3990195093483937,1154,Leh,2018-01-13,19:27:50,Visa,McDonald's,Success,no
TX4464595,U5431,0493869089359157,592.13,Goa,2025-06-24,15:45:47,RuPay,Walmart,Success,no
TX5292652,U8215,8600847899307966,23.11,Darjeeling,2019-01-03,03:18:40,Visa,ExxonMobil,Success,no
TX6986341,U3340,8613898883485560,1295.34,Bangalore,2022-05-24,02:29:15,Diners Club,Target,Success,no
TX7765153,U9613,4129166738417061,123.89,Kochi,2023-06-05,14:57:58,MasterCard,Apple Store,Success,no
TX7286348,U4361,8924356238661579,1290.2,Udaipur,2022-02-14,04:28:52,MasterCard,Starbucks,Success,yes
TX1021569,U11,4350724435311412,374.71,Mysore,2024-07-22,01:23:57,Visa,Flipkart,Failed,yes
TX7530051,U6183,9748277467349156,182.84,Mumbai,2018-10-03,02:00:54,Visa,Flipkart,Success,no
TX5630010,U5817,8762890085095173,312.73,Kolkata,2022-09-22,15:00:27,American Express,Target,Success,yes
TX2551434,U2634,2481121296756638,919.49,Udaipur,2020-12-01,02:28:37,MasterCard,McDonald's,Failed,yes
TX4081937,U2824,7313190906364462,304.78,Chennai,2025-05-04,17:55:12,Visa,Starbucks,Success,no
TX3629524,U6106,1029093538628536,1107.47,Shillong,2024-10-02,06:10:21,MasterCard,Walmart,Failed,yes
TX7089820,U337,5483669595400781,1448.26,Chennai,2020-10-10,05:50:46,Visa,ExxonMobil,Failed,yes
TX7577317,U4245,1545822504275627,1127.5,Leh,2024-04-16,01:38:54,RuPay,Amazon,Success,no
TX1351337,U891,2359367624590798,927.68,Varanasi,2021-04-07,09:41:53,American Express,Shell,Success,no
TX6110598,U7081,9565511137136938,1716.07,Jaipur,2018-11-03,03:59:50,Visa,Amazon,Success,no
TX4057922,U2362,6309998543161881,1300.95,Bangalore,2024-03-03,21:23:56,Visa,Target,Failed,no
TX6828540,U7045,0865638974492009,1219.13,Darjeeling,2021-06-08,05:55:25,Diners Club,Shell,Success,yes
TX6854011,U4347,0692917356339236,1841.6,Udaipur,2022-09-05,09:44:48,RuPay,Starbucks,Success,no
TX2883132,U4487,1163766537828519,107.16,Goa,2024-11-01,01:50:30,American Express,Walmart,Success,yes
TX1840889,U9404,3988974455954344,1669.38,Jaipur,2020-03-21,11:36:18,RuPay,McDonald's,Success,yes
TX2743710,U4376,1863158879020475,1195.86,Varanasi,2025-02-01,07:14:07,MasterCard,McDonald's,Success,yes
TX4047651,U6427,2898171533108317,1892.32,Darjeeling,2018-11-22,11:59:19,Visa,Apple Store,Success,no
TX1827680,U2538,5887385286842963,1046.43,Kochi,2020-01-24,01:05:02,MasterCard,Best Buy,Success,yes
TX6969626,U3043,6873979875346976,1442.21,Kolkata,2023-06-16,19:15:34,RuPay,McDonald's,Success,no
TX9240755,U4547,3457716672444137,1525.14,Goa,2022-12-16,04:46:30,RuPay,Starbucks,Failed,no
TX5113396,U2853,1618929301911364,1373.32,Goa,2023-01-25,06:24:36,American Express,Apple Store,Success,no
TX7754019,U3907,5845485747857601,1919.26,Goa,2022-07-03,21:38:26,Diners Club,Amazon,Success,no
TX4236466,U1556,4710480447833389,640.12,Hyderabad,2020-08-27,14:17:41,MasterCard,Shell,Success,yes
TX7203332,U6411,6999916476091952,1952.55,Kolkata,2021-01-01,21:27:35,Diners Club,Apple Store,Success,no
TX3213417,U6200,4151953453230875,892.25,Chennai,2025-06-11,06:21:42,Diners Club,Flipkart,Failed,no
TX3827500,U5116,5481294039325774,1234.59,Varanasi,2019-11-04,08:53:36,MasterCard,Starbucks,Success,no
TX6166171,U4750,7873708349409465,1722.14,Udaipur,2019-08-28,15:17:46,RuPay,Best Buy,Success,yes
TX6964865,U2832,3298264055775366,542.89,Bangalore,2022-04-08,14:03:45,Diners Club,Walmart,Success,no
TX1471909,U6017,7250987869808104,1565.95,Udaipur,2022-12-01,21:26:26,Visa,Target,Success,no
TX2828939,U4706,3348020467465348,1917.13,Hyderabad,2024-10-16,05:16:21,RuPay,Starbucks,Failed,yes
TX3254531,U2187,2013435469788919,138.26,Mysore,2019-11-17,19:26:54,RuPay,Amazon,Success,no
TX8548355,U7572,6691044428765546,324.15,Delhi,2019-08-10,07:08:07,Diners Club,ExxonMobil,Success,yes
TX9585072,U3055,0610845425720994,1735.75,Kolkata,2020-12-26,18:18:47,American Express,Shell,Success,no
TX7893991,U364,4976942763106948,1608.77,Leh,2018-09-20,05:19:20,Diners Club,Shell,Success,no
TX8313364,U2276,5281713507888081,1445.54,Udaipur,2021-04-22,23:39:44,MasterCard,Target,Success,no
TX6067961,U8840,8875781723004195,1331.93,Mumbai,2024-01-20,19:37:53,MasterCard,ExxonMobil,Success,no
TX7327508,U9080,1700027278581833,1738.46,Shillong,2021-02-16,23:28:19,Visa,Best Buy,Success,no
TX9333284,U1053,6422458081589095,1888.92,Mumbai,2019-05-25,20:53:42,American Express,McDonald's,Success,no
TX8490970,U6524,9694316600205108,827.07,Leh,2022-05-26,13:04:57,MasterCard,ExxonMobil,Failed,no
TX6965141,U7239,0575118452447291,744.86,Mandya,2020-04-12,05:31:57,MasterCard,Shell,Success,yes
TX3182037,U7139,0519677800827489,1780.2,Udaipur,2024-02-22,14:52:30,RuPay,Apple Store,Failed,no
TX5135289,U7001,9034370522099829,295.12,Darjeeling,2023-10-13,05:42:31,Diners Club,Target,Success,no
TX6479127,U990,5081585577393596,1915.38,Chennai,2024-10-29,19:17:03,American Express,Walmart,Success,no
TX2101537,U2638,7999622831767493,1091.33,Kolkata,2021-07-24,07:03:22,RuPay,McDonald's,Success,no
TX4729367,U743,4168104253101970,1650.71,Bangalore,2018-10-27,13:49:48,RuPay,Shell,Success,no
TX4797251,U1042,6147612384120145,751.58,Chennai,2020-08-14,11:23:03,RuPay,McDonald's,Success,yes
TX4656891,U7961,9791698334738028,889.75,Goa,2019-07-22,06:27:59,MasterCard,Amazon,Success,no
TX7163075,U568,7897895241072736,988.9,Jaipur,2025-01-22,18:06:06,Visa,Apple Store,Success,no
TX5244960,U7851,7379554602713583,293.43,Mumbai,2019-10-22,14:12:34,MasterCard,Shell,Success,no
TX5793845,U8039,2693487662130080,503.75,Goa,2024-07-11,16:04:27,RuPay,McDonald's,Success,no
TX1167981,U8429,6405987080951509,1006.88,Hyderabad,2024-08-25,09:49:58,Diners Club,Flipkart,Success,no
TX4433939,U9997,9336528722577338,1919.55,Mandya,2022-10-05,13:39:16,RuPay,ExxonMobil,Success,no
TX7960956,U5872,9371267828118363,1483.68,Kochi,2019-07-21,08:22:49,Visa,Flipkart,Success,no
TX6944202,U8120,1475293689716888,1950.95,Mandya,2020-01-26,14:36:31,Visa,Walmart,Failed,no
TX5275166,U753,0131221539797203,108.4,Bangalore,2021-03-08,21:59:26,Diners Club,McDonald's,Success,no
TX4494986,U2795,6337152706513187,1178.77,Bangalore,2022-09-30,00:13:02,RuPay,McDonald's,Success,no
TX3922217,U2635,2471520222431399,843.27,Udaipur,2021-05-27,19:44:46,RuPay,Target,Success,no
TX6077385,U5831,2680639948039339,1510.36,Chennai,2023-05-23,10:31:22,Diners Club,Shell,Failed,yes
TX2302884,U7311,5360477563844711,71.4,Delhi,2018-01-12,04:10:08,Visa,Starbucks,Success,no
TX5328161,U5372,6709221668086173,928.96,Mumbai,2019-01-26,22:09:50,American Express,Best Buy,Success,no
TX6605196,U2583,4222714953078762,830.27,Mumbai,2023-01-16,00:33:28,RuPay,Best Buy,Success,yes
TX3206366,U4124,6596996814114601,1862.67,Kochi,2025-02-21,05:54:26,Visa,Amazon,Success,yes
TX3301752,U4984,6400230508562028,1617.19,Mumbai,2023-05-12,04:17:46,MasterCard,Flipkart,Success,no
TX1607912,U2200,8564153005763302,359.45,Darjeeling,2024-09-17,03:00:20,Diners Club,Amazon,Success,no
TX8467751,U9336,2810234363172648,312.57,Kochi,2018-12-05,14:49:20,Visa,Amazon,Success,no
TX1832901,U7438,6638919018610340,350.42,Chennai,2023-10-29,12:13:59,Visa,Flipkart,Success,no
TX8127059,U3385,1262114946592789,346.51,Leh,2020-04-25,18:22:19,Diners Club,ExxonMobil,Success,no
TX7599328,U1130,5026712800761523,563.46,Bangalore,2023-07-04,16:36:49,American Express,Starbucks,Success,yes
TX1026941,U814,3714652812808753,1813.06,Bangalore,2024-06-26,16:15:10,American Express,Flipkart,Success,no
TX1542687,U6363,2070205108948663,847.04,Kolkata,2022-01-14,20:22:48,MasterCard,Starbucks,Success,no
TX3926509,U8711,8124020931099136,516.42,Varanasi,2022-05-05,05:14:06,Diners Club,Starbucks,Success,no
TX6259148,U6042,3235512482380861,230.98,Hyderabad,2018-11-20,15:42:37,Visa,ExxonMobil,Success,no
TX8170629,U4042,7228873148953245,339.29,Udaipur,2019-11-26,19:23:07,RuPay,Starbucks,Success,no
TX1742811,U1778,9109477585353020,481.7,Bangalore,2021-11-05,03:04:50,MasterCard,McDonald's,Failed,no
TX7270292,U5518,8862700996617537,1041.03,Shillong,2024-07-21,08:20:08,RuPay,Target,Success,no
TX9316493,U5300,7064545809895934,1141.85,Shillong,2023-01-03,12:27:32,Visa,McDonald's,Success,no
TX9797233,U9273,6333209825336900,1964.34,Bangalore,2025-07-01,00:33:14,Visa,McDonald's,Failed,no
TX7881958,U1936,0552246847459944,809.74,Delhi,2023-07-25,19:31:37,MasterCard,Best Buy,Failed,no
TX8836877,U7844,9330713102656713,223.76,Mandya,2021-08-12,01:30:07,Diners Club,McDonald's,Success,no
TX7212248,U7162,8192580800805086,193.3,Udaipur,2023-10-27,14:55:17,RuPay,ExxonMobil,Success,no
TX8143438,U2602,9194984954526118,843.04,Mandya,2023-11-09,21:58:12,American Express,McDonald's,Success,no
TX3783061,U7270,6432632867429353,176.11,Mandya,2020-02-16,21:25:14,American Express,Apple Store,Failed,no
TX6966638,U9009,3796933666991789,1137.74,Kochi,2020-03-11,15:38:18,MasterCard,Flipkart,Success,no
TX1163292,U6039,2392458135330062,389.62,Leh,2020-10-02,14:43:38,Visa,Starbucks,Failed,no
TX9486473,U8534,5613127722563545,847.33,Delhi,2019-10-22,23:31:10,RuPay,Flipkart,Success,no
TX3377812,U5342,6636583448558901,1281.77,Hyderabad,2024-11-05,06:07:39,American Express,Walmart,Success,yes
TX8425702,U2263,0216783285745476,1846.01,Varanasi,2020-11-02,13:19:23,Diners Club,Best Buy,Success,no
TX5011977,U9083,6295328923622385,380.74,Mysore,2022-03-22,07:51:10,MasterCard,Apple Store,Success,no
TX6960414,U5539,8457757230980249,1354.05,Darjeeling,2019-05-21,10:52:35,Diners Club,Walmart,Success,no
TX1625019,U1786,6906316449406788,79.79,Mandya,2024-09-25,01:04:38,Visa,Starbucks,Failed,no
TX7922139,U2463,9797981194348759,23.6,Kolkata,2018-11-08,21:49:14,Diners Club,Best Buy,Success,no
TX3403450,U7786,6063246556673907,13.78,Varanasi,2020-10-14,22:25:50,RuPay,Target,Success,no
TX3186157,U4162,7746866402806729,1239.35,Bangalore,2021-08-31,16:22:13,RuPay,Amazon,Success,no
TX2285890,U559,6841963453124275,169.92,Bangalore,2018-05-06,22:23:22,American Express,Shell,Success,no
TX7406946,U4775,1569763626588386,1744.91,Darjeeling,2021-02-09,14:34:54,MasterCard,ExxonMobil,Failed,no
TX9292968,U6356,9768684014978517,1924.16,Hyderabad,2023-03-14,01:59:08,RuPay,McDonald's,Failed,no
TX7292858,U1639,2750032986016217,1284.29,Goa,2025-03-29,11:04:16,MasterCard,ExxonMobil,Success,no
TX2344383,U2671,5068211584524484,1342.72,Bangalore,2024-10-15,21:14:24,RuPay,Shell,Success,yes
TX7977900,U4567,8245272673351593,1621.53,Goa,2018-07-13,14:08:42,Visa,Amazon,Success,no
TX7502270,U5518,8435636064747970,579.21,Shillong,2022-03-12,07:40:49,Diners Club,Apple Store,Success,no
TX8841153,U8831,6006339646920780,55.3,Jaipur,2019-05-01,20:01:06,MasterCard,Apple Store,Success,no
TX4205504,U1806,2483727919764188,268.22,Varanasi,2025-06-02,00:54:10,Visa,Apple Store,Success,no
TX3809526,U1416,2008853559819337,273.57,Delhi,2023-11-06,10:44:50,RuPay,Walmart,Success,no
TX8698937,U7936,6014117586709282,623.72,Mumbai,2022-01-26,04:18:32,American Express,ExxonMobil,Success,no
TX1981231,U2409,0587485520034293,1237.73,Udaipur,2023-07-14,15:33:03,Diners Club,Best Buy,Success,no
TX7402437,U2515,6905556523938672,1939.95,Chennai,2025-02-04,06:28:27,MasterCard,Walmart,Success,no
TX6663101,U4818,6800231222592836,1828.51,Kochi,2022-06-15,11:53:37,American Express,Amazon,Success,yes
TX2214026,U474,4873799558495258,1147.64,Delhi,2018-05-19,00:22:03,RuPay,Shell,Success,no
TX2621665,U4205,7692423962662071,1343.13,Mandya,2021-12-24,12:10:14,Visa,Apple Store,Failed,no
TX6201224,U3864,7179070336819706,1619.83,Shillong,2018-08-26,06:36:32,RuPay,Shell,Failed,no
TX7826149,U7820,7258938416824440,1891.1,Leh,2020-08-22,01:20:03,MasterCard,Apple Store,Success,no
TX5237728,U6353,2711423904851268,1537.78,Kolkata,2022-01-13,10:02:26,Diners Club,Flipkart,Success,no
TX7041691,U1988,3166840306468056,1761.44,Mysore,2018-11-02,19:47:33,American Express,Walmart,Success,no
TX4284770,U205,8376240492372352,737.49,Mysore,2018-04-26,20:41:01,Diners Club,Best Buy,Success,no
TX4012768,U5326,3930602905599394,727.11,Mumbai,2021-04-13,07:36:55,RuPay,Shell,Success,yes
TX6691582,U215,6724975069885976,559.63,Chennai,2020-02-24,08:11:15,Diners Club,ExxonMobil,Success,no
TX6463893,U9082,2957598771197952,1072.58,Leh,2024-12-20,08:31:35,American Express,Target,Success,no
TX7282631,U1653,3760052055383413,654.48,Kochi,2020-12-20,02:53:55,Visa,Amazon,Success,no
TX9090023,U3486,7853807827903148,75.77,Leh,2020-05-02,04:42:41,MasterCard,Best Buy,Failed,yes
TX7344293,U6783,6957197234630178,362,Varanasi,2024-04-26,10:32:42,American Express,McDonald's,Success,yes
TX4643090,U4004,7756737569383052,1314.62,Hyderabad,2018-04-05,22:07:26,Visa,Shell,Success,no
TX3924998,U8290,7541133477509556,1177.57,Goa,2019-08-31,11:18:49,Diners Club,Shell,Success,yes
TX5538833,U6948,4327311843779398,344.33,Kolkata,2025-02-19,00:09:08,MasterCard,ExxonMobil,Success,no
TX1470267,U2918,4089828298690137,1746.48,Mumbai,2024-03-23,15:29:20,MasterCard,Apple Store,Success,no
TX8683170,U2939,9808673728054178,1600.36,Hyderabad,2019-02-17,00:25:35,American Express,Walmart,Success,yes
TX7249482,U8201,2744697686340342,863.7,Chennai,2023-06-24,03:08:40,Visa,Starbucks,Success,no
TX1739415,U9345,1874369968247479,1306.37,Mysore,2018-03-04,03:44:59,Visa,Starbucks,Success,no
TX3305038,U1510,8580016859700710,450.48,Leh,2018-01-30,19:48:19,RuPay,Target,Failed,no
TX2215281,U493,6697106074843632,1751.93,Udaipur,2022-05-31,23:12:37,Diners Club,Best Buy,Failed,yes
TX8671868,U5247,2431657498288201,1405.92,Mandya,2022-08-18,02:07:24,MasterCard,Apple Store,Success,no
TX4436534,U2693,5430830612742601,321.06,Hyderabad,2019-06-02,02:28:08,RuPay,Starbucks,Failed,no
TX5757139,U6833,2611461012386679,1268.5,Goa,2023-02-06,12:11:33,American Express,Shell,Success,yes
TX9753587,U4594,4734567691827882,894.09,Jaipur,2024-02-22,10:55:50,RuPay,McDonald's,Success,no
TX4793958,U8968,5079520271963008,986.21,Hyderabad,2021-02-12,23:05:51,Visa,ExxonMobil,Success,no
TX2864926,U9758,5472422534703609,663.36,Kolkata,2023-12-24,22:15:46,American Express,Best Buy,Success,no
TX1099581,U6425,5913507484781870,709.54,Mumbai,2021-05-16,14:43:37,American Express,Flipkart,Success,no
TX8950327,U1304,9367719343981634,1348.37,Mysore,2024-05-14,02:19:23,RuPay,ExxonMobil,Success,no
TX8627962,U1816,4739615844734217,463.4,Goa,2021-06-01,22:02:28,MasterCard,McDonald's,Success,no
TX9265018,U932,3699937397351550,174.23,Darjeeling,2023-11-14,03:27:50,MasterCard,Walmart,Success,no
TX6455746,U1576,0790583941353299,1011.54,Mandya,2024-01-08,00:31:17,Visa,Flipkart,Success,no
TX2352598,U1132,3592052933704500,407.15,Mandya,2022-08-29,01:05:39,American Express,Amazon,Success,no
TX2156702,U1671,2374147629713015,1052.87,Jaipur,2024-07-17,08:30:46,RuPay,Walmart,Success,no
TX2776018,U5274,6693079662014818,750.89,Kolkata,2021-10-31,05:45:00,American Express,Apple Store,Success,no
TX9809879,U7548,1408304479183163,137.84,Kolkata,2018-07-19,21:10:51,Diners Club,Apple Store,Success,yes
TX8607040,U1240,5550158985558624,1027.65,Bangalore,2025-04-14,10:35:40,American Express,Flipkart,Failed,yes
TX8312295,U7910,0246900788766681,1595.07,Goa,2018-11-24,08:46:22,MasterCard,Flipkart,Success,no
TX7165405,U2887,3538815753505836,1127.33,Kochi,2020-01-29,17:56:53,American Express,Shell,Success,no
TX3726329,U4365,1467124384385933,794.21,Bangalore,2020-05-18,15:45:06,Visa,Walmart,Failed,no
TX5654400,U4240,6396395525402609,1148.93,Mandya,2025-06-04,18:30:20,Visa,Best Buy,Success,no
TX2551685,U5697,7457484884272758,1658.1,Mysore,2019-07-23,03:10:49,Visa,McDonald's,Success,no
TX9255234,U7177,0088567235345230,983.13,Kolkata,2019-02-21,04:50:46,American Express,Walmart,Success,no
TX8541419,U6422,7928221586928963,268.27,Bangalore,2018-03-26,09:14:55,American Express,Flipkart,Success,no
TX8979794,U3389,1470916717976361,913.59,Chennai,2023-02-06,04:54:46,Diners Club,Target,Success,no
TX9669221,U1067,0933367806619659,441.48,Darjeeling,2018-11-05,22:16:29,RuPay,Walmart,Success,no
TX2459344,U5120,7950282918663732,528.55,Hyderabad,2024-09-15,14:56:52,Visa,Flipkart,Success,no
TX7231156,U7965,1393825962954740,244.08,Darjeeling,2023-04-05,02:09:24,Diners Club,Apple Store,Success,yes
TX3170449,U1185,0934571183113305,1980.01,Mandya,2018-09-09,13:51:41,Visa,McDonald's,Success,no
TX3608371,U309,9888943050317880,1099.9,Udaipur,2019-01-18,08:22:00,American Express,Amazon,Success,yes
TX2352486,U6910,1375989741107247,1226.03,Goa,2022-06-12,18:05:13,RuPay,Target,Success,no
TX1403789,U2163,7457279663886002,356.53,Delhi,2021-12-17,12:19:29,MasterCard,Best Buy,Success,no
TX6355606,U4019,0786231836639792,97.2,Goa,2025-07-01,07:42:12,Visa,Amazon,Success,no
TX6176498,U959,4014116198208875,795.31,Mandya,2021-02-22,23:25:45,MasterCard,Target,Success,yes
TX6658866,U7449,4959952400882649,411.49,Delhi,2020-03-31,16:56:50,RuPay,McDonald's,Success,no
TX4322166,U6149,8072247085503770,795.47,Delhi,2024-06-29,08:12:34,Diners Club,Apple Store,Success,yes
TX5197951,U1741,5331865087117003,720.4,Udaipur,2021-12-15,13:57:13,MasterCard,McDonald's,Success,no
TX1815044,U9488,4120203413013440,1920.95,Darjeeling,2018-12-17,16:28:44,RuPay,Target,Success,yes
TX7503611,U9412,4957666322527719,1500.12,Darjeeling,2021-09-22,15:18:30,MasterCard,Target,Success,no
TX8774376,U3682,0189797092085508,1118.29,Delhi,2025-03-21,16:51:37,American Express,Target,Failed,yes
TX7743620,U6599,4996091378952007,1724.6,Shillong,2021-09-13,10:10:05,MasterCard,Best Buy,Success,no
TX4139350,U7041,1578820243942690,1878.14,Delhi,2020-07-09,19:59:17,Visa,Flipkart,Success,no
TX5864971,U8470,4763390259555544,1228.33,Leh,2025-03-07,11:46:04,American Express,Starbucks,Failed,no
TX8407652,U1638,3006283097570387,974.07,Goa,2024-07-10,13:22:54,American Express,Amazon,Success,no
TX9336185,U1247,1864665001251472,393.72,Leh,2024-11-24,15:45:11,MasterCard,Apple Store,Success,no
TX5222655,U9381,6990654277370323,1201.61,Chennai,2021-05-05,15:46:05,Visa,Flipkart,Success,yes
TX7994402,U6811,2170726469367819,160.83,Leh,2022-07-17,20:27:05,RuPay,ExxonMobil,Success,no
TX8733592,U5475,7824249898091749,1344.27,Delhi,2018-09-25,04:58:46,American Express,Walmart,Success,no
TX1516049,U39,5607116916742831,1572.21,Mysore,2023-08-20,19:25:46,MasterCard,Apple Store,Success,no
TX5800316,U7180,2288054069081936,1282.81,Darjeeling,2024-05-30,10:37:28,RuPay,Starbucks,Success,yes
TX4911628,U5501,8071888412408437,1663.05,Mumbai,2020-11-30,05:51:34,MasterCard,McDonald's,Success,no
TX7864772,U6061,4315462507977236,1489.36,Delhi,2019-07-08,17:30:35,Diners Club,Starbucks,Success,no
TX5448312,U8734,6042282492741894,744.87,Jaipur,2020-04-10,01:06:36,MasterCard,Walmart,Success,no
TX3405677,U8339,7785311374794850,1960.27,Mysore,2018-08-17,13:48:15,American Express,Apple Store,Failed,no
TX3672377,U8230,4973755527003012,1147.99,Goa,2024-11-04,04:36:56,RuPay,Target,Success,no
TX4606795,U1236,5991699029727448,1643.53,Udaipur,2020-11-06,09:51:53,RuPay,Best Buy,Success,no
TX8423610,U4349,2565399758519063,1412.58,Hyderabad,2021-07-08,11:50:24,MasterCard,Best Buy,Success,no
TX2052273,U5492,1412008647788940,1250.69,Mandya,2021-10-22,19:38:17,Visa,Target,Success,no
TX6304095,U6508,0858477703424877,933.85,Bangalore,2022-03-28,11:10:37,Visa,Target,Success,no
TX2876397,U4887,2671475568945827,965.38,Kochi,2022-06-17,14:40:58,Diners Club,ExxonMobil,Success,no
TX8282488,U4643,3540437963689246,330.69,Mysore,2018-09-01,06:10:00,American Express,Amazon,Success,yes
TX3957821,U5599,2748361878892971,451.14,Leh,2020-05-10,10:12:48,Diners Club,Apple Store,Success,no
TX1702212,U9523,1605061698832000,227.17,Bangalore,2022-11-19,20:53:30,Visa,Amazon,Success,no
TX7734080,U8445,9966313380532639,822.96,Bangalore,2025-02-06,11:47:26,RuPay,ExxonMobil,Failed,no
TX9125866,U8087,4445103091283595,179.46,Kochi,2024-10-23,04:15:59,MasterCard,Target,Success,no
TX8257531,U6762,2794549529276123,1349.91,Leh,2022-09-29,09:19:01,Diners Club,Starbucks,Success,no
TX8469759,U390,7232909030511778,746.66,Kolkata,2022-01-30,01:33:17,Visa,Apple Store,Success,no
TX9313702,U9282,6134910340162755,1947.65,Darjeeling,2020-02-18,12:07:08,RuPay,ExxonMobil,Success,no
TX3613116,U6168,6586667104203433,661.14,Goa,2018-09-14,17:37:05,Diners Club,Starbucks,Success,no
TX9769048,U4730,8864020779473110,153.04,Mysore,2021-07-06,12:25:40,MasterCard,Target,Success,no
TX9984359,U655,3851000049458515,1290.93,Udaipur,2019-01-12,18:48:35,MasterCard,Walmart,Success,no
TX7063780,U5562,0657996561839993,257.28,Shillong,2018-07-13,02:28:27,American Express,ExxonMobil,Success,no
TX3905776,U383,8922407273573438,1333.39,Chennai,2018-12-02,08:47:41,Diners Club,Best Buy,Success,yes
TX8159149,U9314,1387971464818533,641.95,Jaipur,2022-12-08,07:01:47,American Express,Walmart,Success,no
TX9739294,U1155,8354689312093730,839.54,Mumbai,2020-09-07,21:42:51,American Express,Best Buy,Failed,no
TX1419480,U4739,7331551937109076,1943.26,Varanasi,2021-04-25,13:14:53,MasterCard,Best Buy,Success,no
TX1302939,U8969,5366202219682583,1882.31,Kochi,2019-01-28,20:28:32,RuPay,McDonald's,Failed,no
TX2213914,U1584,6243026083364650,209.98,Darjeeling,2019-11-17,13:12:34,Diners Club,Flipkart,Success,no
TX3501570,U4624,1375821086711978,688.16,Darjeeling,2023-03-31,03:49:47,MasterCard,Target,Success,no
TX9065397,U8259,4961731998275390,1152.46,Delhi,2023-05-21,19:59:11,Visa,Walmart,Success,no
TX6548203,U9999,4131730358832207,198.08,Varanasi,2019-07-12,13:34:04,MasterCard,ExxonMobil,Failed,no
TX3040769,U7265,7852449203628077,1945.99,Mandya,2018-02-27,05:36:14,Diners Club,Shell,Success,no
TX2846330,U6798,6973530233899826,71.46,Darjeeling,2020-09-23,18:05:37,RuPay,Amazon,Failed,no
TX9784601,U8367,3741135465691449,1720.41,Kolkata,2025-02-24,07:37:48,Diners Club,ExxonMobil,Success,yes
TX9253742,U2001,7359956718246073,662.64,Kolkata,2022-02-21,07:09:39,RuPay,Shell,Success,no
TX9675584,U2248,6533736333355979,518.98,Mysore,2020-12-02,11:39:50,American Express,McDonald's,Success,yes
TX3239730,U1880,4105470974993667,940.52,Mumbai,2018-10-24,02:40:35,American Express,Flipkart,Failed,no
TX4995986,U986,7428535938390482,1330,Kochi,2025-02-09,03:43:13,RuPay,Starbucks,Success,no
TX5235008,U7180,7292589594733571,1185.69,Kolkata,2019-04-09,12:23:26,MasterCard,Shell,Success,no
TX5333057,U3265,4481715542455650,700.07,Kochi,2024-01-21,02:27:49,MasterCard,Shell,Success,yes
TX3983640,U7722,9499891994736118,1279.09,Kolkata,2022-03-08,15:58:21,RuPay,Best Buy,Success,no
TX9988904,U1787,4844480884034683,193.34,Bangalore,2024-03-16,06:08:15,RuPay,Amazon,Success,no
TX6895902,U6008,7144586562765468,1645.07,Kolkata,2019-04-07,02:32:23,Visa,Target,Failed,yes
TX8420240,U8067,2303292185627770,1872.04,Mysore,2020-12-07,07:07:13,RuPay,Apple Store,Success,no
TX1481923,U6868,1770937204153780,1906.19,Jaipur,2022-06-05,04:45:02,RuPay,Walmart,Success,no
TX7233218,U5281,7203508056885804,49.42,Mysore,2023-12-02,19:52:02,Diners Club,Shell,Success,no
TX5309963,U3784,9773032460978805,1782.65,Hyderabad,2021-01-11,23:48:16,Diners Club,Walmart,Success,no
TX4218602,U8622,8038591933537391,1522.01,Leh,2024-01-06,13:15:37,Diners Club,McDonald's,Success,no
TX2414569,U5022,2613768591658932,616.93,Udaipur,2018-11-20,10:44:11,RuPay,Apple Store,Success,no
TX9646956,U316,3660169418195582,1411.79,Jaipur,2021-01-02,22:52:16,MasterCard,Starbucks,Success,no
TX5902917,U9239,6305855518876113,1718.28,Kochi,2023-06-04,08:17:26,Visa,Apple Store,Success,yes
TX2909850,U9365,0955559375416621,1546.88,Kochi,2022-06-07,05:30:21,Diners Club,Amazon,Failed,no
TX4505084,U7022,9988728479209692,875.62,Chennai,2019-05-11,09:24:52,American Express,Flipkart,Success,no
TX1178488,U8290,2664864243630420,1435.88,Bangalore,2020-10-18,11:25:39,American Express,Apple Store,Failed,yes
TX7078636,U6798,1361150283330473,1957.87,Shillong,2022-03-30,23:29:52,MasterCard,Best Buy,Success,yes
TX4842241,U1691,6542220244406007,1460.89,Hyderabad,2024-10-04,14:53:21,Diners Club,Apple Store,Success,no
TX9423024,U6123,9942158115475242,1058.22,Mysore,2020-03-15,14:11:06,MasterCard,ExxonMobil,Success,no
TX9730211,U7929,9426166227504284,328.28,Shillong,2024-11-05,01:45:25,Visa,Flipkart,Success,no
TX3326288,U3205,9676182712288670,474.32,Mandya,2024-11-28,17:24:11,RuPay,Starbucks,Success,yes
TX1739341,U9421,2338119497587447,1544,Udaipur,2023-05-22,03:03:54,Visa,McDonald's,Success,no
TX2835791,U9099,6667287194494703,1512.5,Bangalore,2021-08-27,12:54:56,Visa,Best Buy,Success,no
TX7004382,U6923,5259362659785116,1427,Chennai,2025-05-24,05:01:57,RuPay,Best Buy,Success,no
TX4099975,U3156,0713291572899731,1326.1,Jaipur,2018-10-06,05:33:29,Visa,Starbucks,Success,yes
TX9741829,U5778,6224287944494938,1085.79,Varanasi,2025-01-15,05:43:48,Diners Club,Apple Store,Success,no
TX1478273,U1714,0049619954513360,958.94,Darjeeling,2024-07-01,22:53:54,MasterCard,Apple Store,Success,no
TX1318104,U8916,5699968268747992,1363.79,Hyderabad,2020-09-24,17:22:29,American Express,Best Buy,Success,no
TX5584418,U4203,6596033357970375,1060.95,Varanasi,2022-10-14,11:04:24,RuPay,McDonald's,Success,yes
TX7840649,U7005,1502158348877190,1627.53,Hyderabad,2020-04-02,08:27:30,Diners Club,McDonald's,Success,no
TX6286418,U850,9841484761921355,1267.69,Hyderabad,2021-07-16,01:07:07,Diners Club,Shell,Success,no
TX3933482,U4838,9344383930077712,1769.87,Chennai,2021-06-06,19:59:19,Visa,McDonald's,Success,no
TX5284066,U5231,5590373450794473,1685.55,Hyderabad,2023-07-25,12:35:36,MasterCard,Starbucks,Success,no
TX4519009,U4966,0180687336651426,546.55,Mandya,2020-06-30,04:34:59,RuPay,Flipkart,Failed,no
TX6536832,U6600,6186362849048753,337.31,Delhi,2019-01-27,14:49:06,RuPay,ExxonMobil,Success,no
TX9052932,U3185,5281011594682419,457.66,Udaipur,2019-08-30,16:49:46,RuPay,Shell,Success,no
TX1494606,U926,8305884726838214,1079.1,Leh,2020-09-19,20:29:36,RuPay,Walmart,Success,no
TX2398566,U154,8886890055608855,1200.7,Chennai,2024-02-23,11:30:06,MasterCard,Apple Store,Success,no
TX1331969,U677,7620201017869102,253.36,Kochi,2023-12-25,12:13:44,American Express,Amazon,Success,no
TX5034912,U3728,0645261715217299,935.65,Bangalore,2020-12-07,01:11:10,Visa,Apple Store,Success,no
TX8440300,U5155,1681112838310169,1331.76,Leh,2021-08-20,00:48:22,Visa,Flipkart,Success,no
TX5472790,U7591,0813633988174810,305.2,Darjeeling,2022-12-19,04:28:21,American Express,Shell,Success,no
TX5561200,U6156,3468051578531395,405.89,Hyderabad,2023-02-11,19:18:39,RuPay,Walmart,Success,no
TX2407076,U2023,2486667856674221,614.28,Leh,2019-06-17,01:18:06,MasterCard,ExxonMobil,Success,yes
TX3648848,U6086,0009427217350369,215.78,Udaipur,2020-09-12,21:51:01,RuPay,ExxonMobil,Success,no
TX3798897,U5168,8223685287324260,816.21,Jaipur,2022-06-18,03:58:25,Diners Club,Best Buy,Success,no
TX2560045,U5111,6002086484239845,1082.03,Shillong,2022-12-15,12:00:26,MasterCard,ExxonMobil,Success,yes
TX9845365,U3568,8210359872930810,696.61,Varanasi,2024-02-06,04:45:48,RuPay,Target,Success,yes
TX6144981,U9540,7278688295156042,1768.64,Varanasi,2020-02-11,14:06:10,American Express,McDonald's,Success,no
TX6918225,U3561,0220862956412822,1303.13,Goa,2020-11-20,03:27:50,Visa,Flipkart,Success,yes
TX9844630,U2401,4821015406448104,765.88,Kolkata,2024-10-01,08:24:16,MasterCard,Apple Store,Success,no
TX9081578,U1336,3564090635670518,1359.48,Shillong,2023-04-15,14:02:24,Visa,Shell,Success,no
TX9393617,U9234,7118308822335478,1191.02,Shillong,2023-10-26,19:44:03,RuPay,Shell,Success,no
TX9487164,U6764,1934893347255122,1326.33,Kolkata,2024-06-21,01:36:12,Diners Club,Flipkart,Success,no
TX9851784,U3690,1416046450341320,1932.48,Kolkata,2019-10-15,08:36:06,MasterCard,Shell,Success,no
TX5937804,U1368,3989927475641666,1455.94,Delhi,2022-12-29,10:55:32,American Express,Amazon,Success,no
TX6149628,U9621,0100625246825824,1534.88,Hyderabad,2023-06-10,21:47:21,MasterCard,Flipkart,Success,yes
TX7590441,U8884,9943084427502593,220.14,Bangalore,2020-04-01,09:07:26,Visa,ExxonMobil,Success,yes
TX2600133,U4419,0291784257802550,858.48,Mumbai,2019-02-28,09:39:17,Visa,Flipkart,Success,no
TX7398856,U8842,5204706560511155,294.63,Mandya,2023-01-20,01:22:31,American Express,Best Buy,Success,no
TX7911809,U5306,5766983271425333,463.82,Chennai,2023-01-07,15:20:36,Visa,Apple Store,Success,no
TX2722897,U5407,5242552841192277,1991.34,Leh,2021-03-26,23:04:19,Visa,Walmart,Success,no
TX4510831,U702,4003379452690623,1732.41,Mandya,2023-03-20,19:03:07,MasterCard,Amazon,Success,no
TX6084050,U2065,6510448960958329,1649.93,Varanasi,2022-07-29,22:34:35,Diners Club,Walmart,Success,no
TX3167807,U7363,3707335356507873,977.17,Varanasi,2024-02-26,16:04:56,Visa,Amazon,Success,no
TX8556011,U1738,4798929899875615,272.23,Chennai,2022-01-23,22:55:28,MasterCard,ExxonMobil,Success,no
TX8246237,U687,9648065484193837,1534.76,Mandya,2021-05-27,02:57:49,Diners Club,Flipkart,Failed,no
TX1717477,U4553,0858516576222223,1252.25,Kochi,2019-02-20,16:16:12,Diners Club,Starbucks,Success,no
TX5895360,U8590,9017084770848989,1762,Mysore,2025-02-18,03:55:14,American Express,Starbucks,Success,no
TX2919307,U3048,6181934167247401,1365.24,Mysore,2023-10-28,05:25:20,Visa,McDonald's,Success,yes
TX5759845,U9052,6239956701907006,309.28,Mysore,2023-12-24,03:41:34,Visa,Amazon,Success,no
TX7471793,U7785,6261866728173816,1091.2,Leh,2020-10-13,08:28:12,MasterCard,Amazon,Success,no
TX8148752,U681,9542216069640500,1829.45,Kolkata,2023-12-24,05:53:06,Diners Club,ExxonMobil,Success,no
TX5594839,U5370,4895612632392387,697.73,Chennai,2022-06-12,22:33:11,RuPay,Walmart,Success,no
TX5850833,U5011,4732630751530832,1088.32,Darjeeling,2019-09-30,20:25:01,American Express,Flipkart,Success,yes
TX1156295,U6551,8339937306334692,1163.09,Mysore,2018-07-27,02:22:55,American Express,Target,Success,no
TX9051781,U3156,8669721419048449,1255.95,Varanasi,2018-03-06,14:20:21,Visa,McDonald's,Success,yes
TX3100807,U4544,8746412809049220,1917.03,Chennai,2021-10-25,22:59:39,MasterCard,Target,Failed,no
TX8592855,U4623,4459255468171585,1421.81,Delhi,2023-05-16,17:23:21,RuPay,McDonald's,Failed,no
TX7550588,U8000,6801336111081817,1463.2,Kochi,2022-03-10,03:28:01,American Express,Best Buy,Success,no
TX8021412,U9499,0709026328747102,960.39,Bangalore,2024-01-18,09:03:00,American Express,Walmart,Success,no
TX6489606,U8038,2933158476033408,866.05,Chennai,2025-05-16,08:44:23,RuPay,Flipkart,Success,no
TX5873283,U7412,3385044656653878,889.56,Mandya,2021-02-08,09:12:10,Visa,Starbucks,Success,no
TX9369021,U188,6255444982585820,873.79,Leh,2022-12-07,18:23:37,MasterCard,Walmart,Success,no
TX4143430,U4545,0876633807955669,745.13,Leh,2022-07-06,11:59:31,Visa,Shell,Success,yes
TX9049417,U6602,8596712993635359,299.08,Goa,2023-12-02,18:56:22,MasterCard,Starbucks,Success,no
TX2142632,U8163,5725802303475944,1025.55,Kolkata,2020-04-03,07:00:04,Diners Club,Starbucks,Success,no
TX6568834,U1645,8201987112485797,291.17,Shillong,2023-03-14,22:59:44,RuPay,Shell,Success,no
TX9521255,U1113,8918533323294338,1763.54,Jaipur,2023-09-09,06:49:47,RuPay,Walmart,Success,no
TX8251172,U1680,2662929193977033,1321.44,Mandya,2024-12-21,08:27:52,Diners Club,ExxonMobil,Failed,yes
TX9648354,U3715,3428777153867527,96.06,Chennai,2021-03-02,09:39:06,Visa,Best Buy,Success,yes
TX1708760,U965,9864845279157835,1560.74,Bangalore,2021-06-29,00:09:55,Diners Club,Shell,Success,no
TX3158399,U2036,9055720018662492,1945.26,Goa,2025-01-22,06:06:10,RuPay,Starbucks,Failed,no
TX5555048,U839,4461491866751963,763.18,Delhi,2022-05-12,13:00:19,MasterCard,Shell,Failed,no
TX3213124,U3340,1743899006498479,1951.89,Kochi,2024-02-15,11:13:42,Diners Club,McDonald's,Success,no
TX8720190,U8220,7547028018845111,1816.86,Varanasi,2022-07-22,23:02:05,American Express,Target,Failed,no
TX2931747,U3597,6002490875016026,732.49,Mandya,2019-06-17,15:14:14,Diners Club,Apple Store,Success,no
TX5376638,U3258,3661782865920331,1378.42,Kolkata,2024-07-17,17:18:31,American Express,Apple Store,Success,no
TX5288776,U8511,8799958298265368,1699.65,Leh,2019-10-28,20:03:41,Visa,Apple Store,Success,no
TX4559510,U9089,4967903802825611,1424.7,Kolkata,2019-04-19,07:46:53,RuPay,Shell,Success,yes
TX1918886,U4526,5483030297041891,1987.69,Delhi,2023-11-27,15:38:10,Visa,Best Buy,Success,yes
TX5478827,U4707,3960896130872192,1787.13,Bangalore,2023-08-19,18:51:25,MasterCard,Best Buy,Success,yes
TX9431553,U4337,7959505919425994,1772.92,Kochi,2020-01-10,23:53:53,RuPay,ExxonMobil,Success,yes
TX8977079,U552,2580506231521227,1643,Delhi,2020-02-16,16:32:25,MasterCard,Amazon,Success,no
TX8783872,U821,9577895932425439,1704.32,Goa,2018-03-15,02:53:11,Visa,Walmart,Success,yes
TX9867967,U1601,6658966112814652,1307.74,Goa,2019-01-05,12:00:27,RuPay,Target,Success,no
TX4007502,U7261,4204654018982138,1273.03,Varanasi,2023-11-20,13:13:20,Visa,Flipkart,Success,no
TX4428227,U6793,1472131660105291,690.13,Mumbai,2022-12-19,02:01:54,RuPay,Flipkart,Success,no
TX8720387,U6030,6491719370890455,1495.25,Mysore,2023-02-10,04:04:29,RuPay,ExxonMobil,Success,no
TX5673127,U8473,6358223548807590,487.27,Jaipur,2023-11-24,08:23:07,Visa,Target,Success,no
TX1507125,U8020,0358493435531749,593.36,Goa,2021-10-23,03:44:11,MasterCard,Apple Store,Success,no
TX7442299,U2100,8832825102011229,253.32,Bangalore,2018-06-22,12:03:07,RuPay,Walmart,Success,no
TX3647291,U1371,5808117445142643,318.88,Darjeeling,2023-06-20,20:05:19,MasterCard,Best Buy,Success,no
TX6232911,U3989,8973875983671022,1094.14,Mysore,2024-11-15,07:38:17,RuPay,Starbucks,Success,no
TX1205711,U6463,3964863469687394,855,Hyderabad,2020-05-03,04:01:04,Visa,Walmart,Success,yes
TX6448682,U9963,3723984618164491,557.01,Varanasi,2018-06-30,21:28:28,American Express,ExxonMobil,Success,yes
TX4465426,U1153,9051243292800331,190.97,Jaipur,2023-06-14,16:20:10,Diners Club,Apple Store,Success,no
TX8525958,U5983,6425359567412507,313.11,Goa,2023-06-10,04:32:57,Visa,Flipkart,Success,no
TX1193415,U5480,6007637649152424,1567.13,Hyderabad,2020-08-13,22:58:51,Visa,Amazon,Success,no
TX6313172,U7979,6154146262319068,1071.56,Varanasi,2024-09-19,22:03:24,Visa,Best Buy,Success,no
TX2733532,U336,5599262761332651,1720.6,Darjeeling,2025-04-07,10:19:04,MasterCard,Shell,Failed,no
TX5874142,U7460,0025048615346626,1943.71,Delhi,2025-04-27,15:24:00,RuPay,Flipkart,Success,yes
TX8933403,U9992,2396429952173942,349.36,Shillong,2018-07-24,10:08:26,MasterCard,Flipkart,Success,no
TX9015288,U9032,7385976249332337,591.74,Udaipur,2021-04-17,17:53:24,Diners Club,Walmart,Success,no
TX8410022,U1617,3554230579044369,1901.77,Kolkata,2018-01-02,07:07:55,RuPay,Walmart,Success,no
TX9677491,U5133,4927832376175378,1306.68,Kochi,2021-10-12,22:57:59,Visa,Amazon,Success,yes
TX9931169,U7592,5436424771897660,1826.97,Mumbai,2019-08-08,05:41:18,RuPay,Amazon,Success,no
TX4692924,U9786,0864696625628998,412.44,Kochi,2024-11-14,21:38:05,American Express,Best Buy,Failed,no
TX1090451,U3591,6904552392293198,1377.98,Kolkata,2018-07-28,20:36:34,MasterCard,ExxonMobil,Success,no
TX1573939,U4616,3908776563810148,1787.19,Bangalore,2018-05-19,14:34:10,MasterCard,Best Buy,Success,no
TX9568921,U4318,6486226601054657,1585.74,Darjeeling,2018-01-20,00:39:15,Diners Club,Starbucks,Success,no
TX7447411,U587,8632480665186142,1362.2,Goa,2022-10-30,18:23:02,RuPay,Target,Success,no
TX8929080,U7430,3976633785872390,1936.34,Kolkata,2019-02-26,16:12:30,MasterCard,Walmart,Failed,yes
TX9265012,U408,6791720645721849,1550.52,Jaipur,2024-02-08,01:57:29,Visa,Apple Store,Success,no
TX9651314,U4367,6629931249525731,1965.89,Kochi,2019-09-14,16:18:55,MasterCard,Amazon,Success,no
TX1132366,U4197,6538659590803657,617.19,Darjeeling,2020-05-20,15:28:07,Visa,Flipkart,Success,no
TX9721233,U4287,3979246133556641,1136.41,Shillong,2019-10-29,00:03:02,RuPay,Apple Store,Success,no
TX9598779,U4747,9129894157419567,379.05,Bangalore,2019-06-19,09:30:45,RuPay,Apple Store,Success,no
TX9656476,U3713,1113455481401592,1739.66,Leh,2019-03-27,19:15:18,American Express,Flipkart,Success,no
TX7360938,U4984,2088344808064861,1463.02,Mumbai,2023-12-02,15:58:32,MasterCard,Best Buy,Success,no
TX3351149,U908,5768125071478346,397.65,Kochi,2023-07-23,05:57:47,American Express,Target,Failed,no
TX3342546,U3602,2126734268548134,719.74,Goa,2024-11-29,07:48:59,American Express,Target,Failed,no
TX3206927,U2919,4562340683964132,1968.46,Leh,2021-03-18,23:23:02,MasterCard,Apple Store,Success,no
TX8255662,U266,8415720466708273,1089.42,Hyderabad,2023-11-19,13:21:58,MasterCard,Flipkart,Success,no
TX6694585,U8763,4764751223239487,576.27,Darjeeling,2021-07-21,05:17:53,RuPay,McDonald's,Failed,yes
TX7885569,U7803,2225221272734032,116.52,Bangalore,2024-03-08,07:58:08,Diners Club,Amazon,Failed,no
TX5932710,U2916,3703717843436281,1535.02,Delhi,2021-06-08,07:43:25,American Express,Amazon,Success,no
TX8272905,U4539,2483706445375864,1616.33,Jaipur,2020-09-13,06:30:56,MasterCard,Shell,Failed,no
TX5249434,U8013,8248199142446712,531.44,Kochi,2021-10-07,04:02:40,Diners Club,ExxonMobil,Success,yes
TX7308230,U8862,3047566258937355,616.67,Delhi,2020-11-24,23:01:48,MasterCard,Apple Store,Success,no
TX5574270,U5404,5461195389398471,705.49,Darjeeling,2024-03-24,13:31:11,American Express,Amazon,Success,no
TX5097488,U2381,9412935742682503,1040.37,Goa,2021-05-13,09:36:27,Diners Club,Best Buy,Failed,no
TX2211192,U1819,1867524792742702,401.58,Darjeeling,2019-05-24,21:49:57,MasterCard,Shell,Success,no
TX3685083,U8373,3661134442274751,1577.33,Varanasi,2023-02-14,16:52:01,American Express,Flipkart,Success,no
TX5868847,U3777,0183151330029069,938.29,Delhi,2020-10-30,15:00:34,Visa,McDonald's,Success,no
TX1674826,U4562,2839061208818909,410.51,Mysore,2019-03-17,12:30:38,Diners Club,Target,Failed,no
TX2510857,U8857,7831458479605123,1972.21,Varanasi,2018-07-22,10:01:47,Visa,Apple Store,Success,no
TX6353296,U1819,2362067826330227,991.91,Darjeeling,2022-03-09,02:23:54,American Express,Target,Success,no
TX8372104,U5150,7003571248614473,1564.29,Kochi,2024-09-07,01:36:49,Diners Club,Shell,Failed,no
TX1183113,U7376,8236856944927859,398.3,Shillong,2022-09-04,16:02:58,RuPay,Apple Store,Success,yes
TX8247353,U9935,5698292046176182,1518.82,Kolkata,2024-11-25,18:30:43,RuPay,Starbucks,Success,no
TX3582149,U2035,3987582604703645,318.23,Udaipur,2021-06-15,01:26:27,Visa,Apple Store,Success,no
TX8167257,U2517,1883404973911754,169.84,Chennai,2022-10-03,06:40:05,American Express,Best Buy,Success,no
TX3968607,U7004,1163906529189983,756.37,Udaipur,2024-03-17,04:07:09,MasterCard,Starbucks,Success,no
TX6721662,U9788,9138596834312703,1154.16,Jaipur,2018-12-03,02:52:31,American Express,Starbucks,Success,no
TX5398608,U995,3466750487905846,540.04,Mysore,2023-07-21,14:41:42,MasterCard,Walmart,Failed,yes
TX9476553,U9192,3486336146491466,1001.3,Leh,2025-06-19,09:58:12,Diners Club,Apple Store,Success,no
TX4364397,U7442,4537736617970390,920.97,Udaipur,2019-01-13,06:58:30,Visa,Apple Store,Success,yes
TX2640011,U6233,3570266298313827,1297.77,Leh,2023-09-03,22:16:31,American Express,Walmart,Success,no
TX2244812,U2634,3684431309672019,1696.5,Jaipur,2023-11-13,09:50:26,MasterCard,Apple Store,Success,yes
TX6253174,U2528,8991147875000426,1739.22,Udaipur,2022-11-20,09:53:52,RuPay,Walmart,Success,no
TX3176659,U8077,3632607792530084,1230.88,Chennai,2024-02-03,02:29:22,American Express,Walmart,Success,no
TX8039296,U313,3001135570420688,1675.91,Shillong,2020-02-29,22:05:35,Visa,Walmart,Success,no
TX2428042,U4690,9887871169740829,146.98,Bangalore,2020-06-10,18:55:49,Visa,Starbucks,Success,no
TX6446353,U2065,5747859675229307,1033.46,Jaipur,2018-09-04,21:37:28,Visa,Flipkart,Success,no
TX2244598,U8328,9342202853847896,954.48,Jaipur,2024-03-15,06:36:27,Diners Club,Target,Success,no
TX5307151,U8288,1241274204755512,495.43,Udaipur,2021-12-07,07:36:40,American Express,Walmart,Success,no
TX5420948,U8140,4541953407173557,1869.47,Udaipur,2023-11-06,02:26:03,MasterCard,ExxonMobil,Failed,no
TX8859125,U8613,7480274611530707,1829.89,Udaipur,2020-03-12,11:44:06,RuPay,Starbucks,Success,no
TX7566932,U1132,3745216338021617,847.49,Delhi,2022-06-03,10:36:31,Visa,Target,Failed,no
TX8502501,U7441,8004096094103612,1465.88,Varanasi,2022-01-02,07:52:48,MasterCard,Amazon,Success,yes
TX7960405,U3805,6188817548851396,1294.67,Delhi,2020-03-20,14:59:18,Visa,McDonald's,Success,no
TX3027655,U924,6346028002338412,1554.48,Bangalore,2019-02-18,21:15:02,Diners Club,Target,Success,yes
TX4886144,U6215,8486728246226440,471,Leh,2018-07-09,16:28:56,Diners Club,Apple Store,Success,no
TX8852318,U8339,5300149282684666,1242.34,Delhi,2018-01-18,08:18:57,Diners Club,Target,Success,no
TX4261915,U555,2894514966684239,1400.93,Shillong,2020-01-23,01:45:32,RuPay,Walmart,Success,no
TX6908103,U1346,0699781895714612,1385.4,Mumbai,2019-10-28,03:37:51,American Express,McDonald's,Success,yes
TX6129954,U5067,6528984536242559,1477.92,Hyderabad,2025-05-28,18:26:33,MasterCard,Flipkart,Success,no
TX9582764,U891,6299565038230388,642.04,Leh,2024-07-26,02:12:11,American Express,Starbucks,Success,no
TX5723989,U9239,6173849438336578,1849.08,Shillong,2024-02-18,23:04:17,MasterCard,Walmart,Success,no
TX6579647,U8894,6288901836134376,584.96,Hyderabad,2024-05-09,14:12:48,MasterCard,Target,Success,no
TX1875382,U5802,1618991696472186,1678.15,Kochi,2020-12-15,05:41:26,American Express,Target,Success,yes
TX8127380,U3253,6998795546388344,580.18,Bangalore,2019-05-24,07:38:53,American Express,Walmart,Failed,no
TX2634887,U1768,7858849041370779,465.77,Bangalore,2018-09-10,09:55:08,American Express,Target,Success,yes
TX4715217,U2923,6977748100049129,1766.65,Jaipur,2022-04-23,12:20:44,American Express,ExxonMobil,Success,no
TX1040975,U5714,0652641499503323,1846.69,Bangalore,2020-07-08,20:29:00,RuPay,Shell,Success,no
TX6500927,U4520,2189684666977277,1495.44,Mumbai,2022-07-06,11:58:37,Visa,Starbucks,Success,no
TX5849214,U2352,7091845023893572,1472.45,Mumbai,2020-01-22,23:03:08,MasterCard,Best Buy,Success,no
TX3638956,U9380,0176388353261437,1321.48,Varanasi,2020-01-20,04:47:40,RuPay,Starbucks,Success,yes
TX1711101,U3107,7496984502596240,1690.65,Darjeeling,2020-05-16,03:20:29,Diners Club,Best Buy,Failed,no
TX3965924,U7334,4742559489633602,894.93,Mysore,2019-05-25,03:14:34,MasterCard,Amazon,Success,yes
TX3220054,U1932,8850486805286850,520.79,Kolkata,2023-03-25,02:54:13,RuPay,Apple Store,Success,no
TX5300388,U1724,4796452322246771,1317.47,Goa,2021-07-01,03:13:11,MasterCard,Amazon,Success,no
TX5746315,U5940,4252414208045383,1561.89,Mandya,2024-07-03,20:36:30,Visa,Apple Store,Success,no
TX9168035,U1170,8681238283707892,751.12,Jaipur,2023-04-24,01:54:17,American Express,McDonald's,Success,no
TX2922456,U9854,6499116981529815,1701.54,Kolkata,2019-10-02,06:58:16,Visa,ExxonMobil,Success,no
TX1649738,U2466,7596693519652489,552.58,Kolkata,2021-12-21,14:25:32,RuPay,Flipkart,Success,yes
TX2313833,U3816,6442065602200191,801.94,Bangalore,2020-08-29,20:07:15,American Express,Starbucks,Success,no
TX2233326,U9428,5377143742001895,1310.63,Darjeeling,2022-09-28,11:54:53,American Express,Target,Success,no
TX9141603,U6021,7858447251320245,1974.86,Delhi,2019-01-28,00:23:51,Visa,ExxonMobil,Success,no
TX8753676,U9367,8452764171687638,1431.07,Kolkata,2020-12-03,22:28:40,MasterCard,Amazon,Success,no
TX7330405,U5099,5424081463659275,1567.58,Bangalore,2018-11-09,06:07:23,RuPay,Target,Success,no
TX9589652,U4747,7766104271649675,664.9,Mysore,2019-02-25,02:20:29,Visa,Best Buy,Success,no
TX2417344,U8909,5021709872004762,1854.25,Mandya,2021-08-03,16:09:13,Diners Club,ExxonMobil,Success,no
TX9891632,U9245,5119997201431644,1106.28,Chennai,2019-12-17,18:41:27,Visa,Best Buy,Success,no
TX4582866,U6735,2613568773314984,1667.06,Shillong,2021-03-13,12:19:12,American Express,Walmart,Success,no
TX9522802,U5368,3303846797878099,566.54,Chennai,2022-10-08,10:29:02,RuPay,Walmart,Success,no
TX8183141,U6854,4025581928896009,1967.97,Mumbai,2021-06-06,12:30:59,American Express,Best Buy,Success,no
TX1711705,U368,9324039766395250,1673.46,Shillong,2020-07-20,01:44:13,MasterCard,Best Buy,Success,no
TX2094828,U7120,8895722646608990,1745.42,Delhi,2021-10-07,17:15:30,Visa,Flipkart,Success,no
TX5362525,U5777,2277742993871053,1237.08,Leh,2019-01-21,12:17:42,American Express,Target,Success,yes
TX1398726,U167,2693849270469322,1921.9,Kochi,2019-07-21,16:38:31,Visa,Apple Store,Success,no
TX2504336,U9318,9397868252937819,1363.33,Jaipur,2023-04-10,11:39:26,Visa,Target,Success,no
TX2457355,U3051,1355186160950693,1493.72,Darjeeling,2020-06-22,03:42:43,Diners Club,Flipkart,Success,yes
TX7365668,U8752,6596117465741902,322.4,Mysore,2022-12-03,12:45:49,Diners Club,McDonald's,Failed,no
TX9958334,U5327,3768973647408196,774.6,Varanasi,2025-05-14,12:33:56,Diners Club,McDonald's,Failed,no
TX3259514,U5120,8213789344960052,631.28,Mumbai,2018-11-02,07:45:08,American Express,Target,Success,no
TX9168703,U4663,5330519615752756,1822.25,Varanasi,2022-10-17,20:57:55,MasterCard,Starbucks,Success,no
TX6717988,U5385,6998849926562884,512.31,Delhi,2019-10-31,13:29:24,Diners Club,Apple Store,Success,yes
TX2237817,U9604,3514099471444914,380.6,Mysore,2018-05-10,23:32:08,Visa,McDonald's,Success,no
TX3885901,U1720,0138866278183665,62.94,Mumbai,2024-12-08,01:46:56,MasterCard,Apple Store,Failed,no
TX8728929,U17,7397157047016909,1212.82,Goa,2024-09-04,05:58:05,Visa,Walmart,Success,no
TX4608472,U8590,1386143445130224,1840.52,Kochi,2023-11-20,22:00:47,MasterCard,Walmart,Success,no
TX8538529,U8586,8077082489480912,1313.86,Mysore,2019-09-22,23:36:24,American Express,Amazon,Success,no
TX9996367,U4367,8790318410999117,37.47,Udaipur,2020-06-13,12:47:21,Diners Club,Shell,Success,no
TX7735786,U1496,0816722078850846,1162,Chennai,2019-01-02,01:53:52,RuPay,Target,Success,no
TX3194324,U3813,3551681446550629,1664.97,Udaipur,2024-08-03,18:32:52,Diners Club,Apple Store,Success,no
TX3024249,U1997,8812155933559169,1980.7,Jaipur,2021-04-10,05:27:30,MasterCard,McDonald's,Success,yes
TX3822907,U5129,1346613991717627,1337.79,Jaipur,2022-08-19,09:11:02,Visa,Best Buy,Success,no
TX5938863,U4215,1857380757435978,62.97,Udaipur,2024-04-07,16:42:37,MasterCard,McDonald's,Success,no
TX3696514,U598,5924407558626369,769.51,Darjeeling,2021-09-13,03:50:25,American Express,Walmart,Success,no
TX2941013,U2723,2092851577698651,261.79,Jaipur,2019-06-08,02:36:23,MasterCard,Starbucks,Failed,no
TX3844616,U7901,7910811393482918,684.47,Mandya,2021-12-25,23:33:06,American Express,ExxonMobil,Success,no
TX9702208,U6736,7340584727491497,254.89,Bangalore,2018-12-23,09:26:02,American Express,Flipkart,Success,yes
TX1805753,U2187,4267759384046592,1550.3,Mumbai,2021-09-25,00:40:57,MasterCard,Walmart,Success,no
TX7647455,U3948,1135864622755214,1049.28,Goa,2023-10-10,02:22:37,MasterCard,Apple Store,Success,no
TX2506007,U7794,9510090352327844,1800.02,Kolkata,2018-08-20,12:53:30,Diners Club,Target,Success,no
TX9240290,U8552,6938775962215860,1535.71,Mumbai,2024-05-21,12:38:46,American Express,Amazon,Success,no
TX4016761,U2768,0581343533993837,584.36,Udaipur,2023-08-10,12:17:23,Diners Club,Starbucks,Success,no
TX1920579,U9332,6560509756748904,528.29,Hyderabad,2025-05-28,10:17:55,RuPay,Best Buy,Success,no
TX2401175,U4583,1238170446714304,860.76,Chennai,2021-07-20,18:51:41,American Express,Starbucks,Success,yes
TX8943103,U3769,3134120148407377,1557.26,Goa,2021-04-26,21:03:14,MasterCard,Best Buy,Success,no
TX7798116,U1460,2450569032732562,1875.82,Hyderabad,2024-09-13,11:03:07,RuPay,Best Buy,Success,yes
TX9404668,U2783,7331300113317797,807.18,Goa,2023-10-01,18:35:14,American Express,McDonald's,Success,no
TX3357029,U8011,2695219264265208,1315.05,Delhi,2023-05-29,05:46:17,MasterCard,Amazon,Failed,no
TX4062222,U7311,5367081630191018,634.04,Kochi,2023-02-28,11:36:42,Diners Club,Best Buy,Success,no
TX8068124,U4923,9741938405423635,1843.23,Udaipur,2020-04-08,01:24:26,MasterCard,Apple Store,Success,no
TX6609176,U7556,9478961051522407,610.48,Delhi,2020-01-28,06:41:52,American Express,McDonald's,Success,no
TX3219858,U5161,0918015374355791,1428.68,Shillong,2024-02-13,04:35:49,MasterCard,Apple Store,Success,yes
TX8054381,U8091,0316792192040705,218.73,Goa,2018-01-27,18:03:00,American Express,Walmart,Success,yes
TX7771992,U3691,9089177199270491,1307.39,Jaipur,2022-01-19,05:16:12,Diners Club,Starbucks,Success,yes
TX6677392,U2335,3337885396809206,1893.31,Leh,2019-11-12,04:40:06,RuPay,Flipkart,Success,no
TX8901864,U1998,6133825156460143,569.16,Bangalore,2020-11-13,02:10:12,MasterCard,ExxonMobil,Success,no
TX6693275,U6966,8447358703710061,1031.12,Mysore,2024-07-22,02:28:10,Visa,Best Buy,Success,no
TX5413351,U3646,4101791418764849,1020.98,Darjeeling,2022-01-23,23:39:37,American Express,Best Buy,Success,yes
TX1445326,U4754,4806562096993271,1894.44,Varanasi,2024-01-01,03:30:12,MasterCard,Starbucks,Failed,no
TX9332048,U609,1406196767220714,450.09,Kochi,2022-02-28,13:24:18,Visa,Best Buy,Success,yes
TX4953646,U4325,2561063506512170,789.21,Bangalore,2020-09-07,04:22:25,MasterCard,Target,Success,no
TX7162994,U6963,0292501917751663,1109.46,Varanasi,2023-01-02,22:35:24,RuPay,Flipkart,Success,no
TX2867590,U4580,2659454705915916,58.89,Varanasi,2020-12-20,17:28:08,RuPay,Shell,Success,no
TX3940086,U6386,3300022270886809,951.29,Udaipur,2025-06-05,10:51:32,American Express,Apple Store,Success,no
TX7917310,U8644,6889896525837141,1208.92,Bangalore,2023-04-30,03:01:28,Diners Club,ExxonMobil,Success,yes
TX4828695,U4527,6697070471533306,363.49,Hyderabad,2022-02-12,19:04:06,MasterCard,Shell,Success,no
TX7025275,U7871,8326352749272770,124.32,Mumbai,2018-12-15,16:40:04,Visa,Amazon,Success,no
TX2947280,U9357,4608850918124263,734.55,Goa,2019-09-23,00:14:00,Diners Club,Walmart,Success,yes
TX9638641,U4014,6914879650269240,1776.06,Delhi,2018-01-11,10:01:47,RuPay,Amazon,Failed,no
TX7449299,U8058,5708156891032283,613.21,Kochi,2020-03-10,17:57:56,Diners Club,Shell,Success,no
TX8667857,U7178,0225685975149886,1928.59,Mandya,2023-09-19,22:56:58,American Express,McDonald's,Failed,no
TX4255256,U8180,5580021242709930,178.26,Delhi,2023-09-18,01:21:00,Diners Club,ExxonMobil,Success,yes
TX4481921,U3691,6849866763560157,325.02,Goa,2023-09-06,15:34:17,Visa,Walmart,Success,no
TX6737438,U5085,4585444946128740,793.47,Darjeeling,2025-01-21,13:50:48,RuPay,Best Buy,Success,yes
TX7936565,U4334,6643812549939117,1718.29,Delhi,2023-03-06,23:53:13,RuPay,ExxonMobil,Success,no
TX5661196,U7296,9707223807607196,239.96,Jaipur,2022-09-29,15:07:24,MasterCard,McDonald's,Success,no
TX1474665,U1897,0494219860155347,1455.74,Udaipur,2023-09-14,13:09:17,RuPay,Best Buy,Success,no
TX5911416,U2113,8824896508926393,1588.07,Delhi,2023-05-31,02:24:31,American Express,Walmart,Success,no
TX8640653,U2996,0610452803483218,1401.14,Mandya,2020-08-21,05:17:17,Visa,Best Buy,Failed,yes
TX6094677,U731,8240502645419829,885.82,Mandya,2019-08-08,06:46:47,Diners Club,Best Buy,Success,no
TX1857089,U9710,5933456139364444,1695.38,Varanasi,2024-05-06,15:05:51,Diners Club,Apple Store,Success,no
TX6752231,U9902,1923067803555779,1635.66,Chennai,2023-09-02,22:40:56,American Express,Walmart,Success,no
TX5590475,U5859,4432723587386741,714.54,Udaipur,2019-03-06,11:59:06,American Express,Flipkart,Success,no
TX9767204,U1489,8224868566741039,1601.99,Shillong,2021-08-08,22:53:53,RuPay,Amazon,Success,no
TX7207531,U5917,9431241172853515,736.46,Udaipur,2020-07-08,18:29:43,American Express,Walmart,Failed,no
TX6457187,U2109,1150646593410598,528.44,Mandya,2019-04-15,05:21:36,RuPay,McDonald's,Success,no
TX5578577,U9573,6432126615088005,1756.57,Delhi,2019-06-02,10:24:49,Diners Club,Apple Store,Failed,no
TX1775498,U8367,8832084161426772,1351.93,Delhi,2021-12-14,14:12:02,MasterCard,Target,Success,yes
TX9404468,U3946,9324273921512904,1257.84,Chennai,2020-05-09,16:17:01,Visa,Target,Success,yes
TX4208225,U4665,1905650167343558,782.59,Darjeeling,2018-02-20,02:38:00,RuPay,Flipkart,Success,yes
TX3843031,U3941,6520723203438970,1941.2,Leh,2018-10-06,00:12:58,MasterCard,Walmart,Failed,yes
TX3672281,U7459,4802310464770863,1188.35,Kolkata,2024-04-19,14:40:51,RuPay,Flipkart,Failed,no
TX4838899,U595,0872835516577289,1668.16,Bangalore,2023-04-16,14:06:41,Visa,ExxonMobil,Success,no
TX8816827,U8163,5043966689404846,603.21,Goa,2022-11-05,06:16:12,Diners Club,McDonald's,Success,no
TX8815201,U997,6006811579157379,573.92,Darjeeling,2024-01-04,02:04:32,Visa,Flipkart,Success,no
TX7209925,U1200,0912509802710590,1192.23,Jaipur,2022-09-01,18:55:26,Diners Club,Apple Store,Success,no
TX1892209,U5594,2223495395257719,102.71,Mumbai,2023-06-06,22:40:20,RuPay,Apple Store,Success,no
TX2858593,U6668,1368834639021675,1476.58,Chennai,2019-05-27,01:48:31,MasterCard,McDonald's,Failed,no
TX6111548,U5968,0308385360966489,1079.14,Kochi,2018-05-10,23:03:13,RuPay,Best Buy,Success,no
TX9350341,U2587,8068953028607489,1413.01,Mumbai,2023-08-10,09:28:51,MasterCard,Starbucks,Success,no
TX7805714,U5057,1681373075070949,1708.73,Mumbai,2024-10-03,01:09:01,MasterCard,Target,Success,no
TX5570317,U1232,9244175294595241,1169.06,Bangalore,2019-10-26,06:12:06,Visa,McDonald's,Success,yes
TX5223022,U2792,8157676981816592,214.73,Varanasi,2022-07-15,06:56:11,RuPay,Amazon,Failed,no
TX2438748,U7681,0899240574025714,63.25,Delhi,2020-04-04,15:41:34,Visa,Target,Success,yes
TX6314188,U1679,9042016320547191,379.04,Mandya,2022-02-16,06:49:09,MasterCard,Target,Success,no
TX6576816,U4136,5522558024015811,221.23,Bangalore,2022-10-23,07:19:08,American Express,McDonald's,Success,no
TX8723943,U6128,2760230844401919,757.77,Kochi,2024-07-14,17:55:44,RuPay,McDonald's,Success,no
TX7214089,U6730,2046555888085200,1793.47,Bangalore,2018-10-18,23:58:33,Diners Club,Walmart,Success,no
TX4207479,U7046,8527441038160339,203.53,Varanasi,2023-11-01,01:15:42,Visa,Starbucks,Failed,no
TX9575961,U4653,7506477538700963,1289.73,Mumbai,2025-02-23,10:22:10,Visa,Flipkart,Success,no
TX7697352,U6779,0132650358446804,1136.92,Shillong,2022-06-02,15:19:04,American Express,McDonald's,Success,no
TX5067633,U5596,4584478645675600,1258.71,Darjeeling,2022-08-30,19:03:54,MasterCard,Apple Store,Success,yes
TX7335003,U45,5865972688526200,388.79,Hyderabad,2024-10-04,07:09:15,Visa,Apple Store,Success,no
TX3683447,U8140,4657958212040866,16.56,Kolkata,2023-07-16,06:27:09,MasterCard,Flipkart,Success,no
TX2115227,U2299,1057741558465534,1234.29,Bangalore,2020-03-20,03:07:32,RuPay,ExxonMobil,Success,no
TX9015586,U4163,1145404104979195,1139.07,Kolkata,2022-08-16,12:07:57,Visa,Amazon,Success,no
TX5264286,U1073,2831456672459348,1352.36,Udaipur,2022-08-12,18:17:05,Visa,Shell,Success,yes
TX9799990,U7733,7952639438892946,1176.88,Mandya,2023-01-19,05:49:09,Diners Club,McDonald's,Success,no
TX6854014,U227,3989998692962361,316.44,Chennai,2021-07-27,11:31:04,MasterCard,ExxonMobil,Success,no
TX6051283,U3799,9585952954168933,30.95,Jaipur,2024-02-10,13:38:18,MasterCard,Amazon,Success,yes
TX5695170,U1775,9840413222648325,1638.89,Chennai,2020-04-22,03:25:01,MasterCard,Amazon,Success,no
TX4187611,U2760,4838860234332568,580.49,Kolkata,2019-03-24,23:46:12,MasterCard,Amazon,Success,no
TX4570975,U9021,9058296829633626,1975.05,Mandya,2022-02-03,23:34:41,Diners Club,Best Buy,Success,yes
TX3807321,U9921,9271761413349809,1952.15,Mumbai,2018-01-21,07:24:58,RuPay,McDonald's,Success,no
TX1036221,U8527,1933937724883877,771.3,Mumbai,2023-04-24,05:17:33,Diners Club,Apple Store,Success,no
TX3361475,U8467,8418906247405460,838.32,Goa,2022-01-30,20:01:36,American Express,Starbucks,Success,yes
TX2461873,U7549,9969645905388595,1004.63,Darjeeling,2021-12-18,13:57:26,Visa,Apple Store,Failed,yes
TX7095673,U6639,5879108529979576,1001.38,Chennai,2025-01-12,10:10:12,Diners Club,Starbucks,Success,yes
TX4537523,U5573,1198406266411195,502.1,Mysore,2018-06-02,18:53:44,MasterCard,McDonald's,Success,yes
TX4503800,U3800,2148673695150101,764.83,Varanasi,2019-03-12,03:20:44,American Express,Flipkart,Success,no
TX6926522,U7334,6564537302956426,938.21,Kolkata,2022-05-28,01:49:21,Diners Club,Best Buy,Success,no
TX3797986,U3058,2286870649748387,658.48,Mysore,2018-02-11,20:19:52,Visa,Target,Success,no
TX2686463,U5949,5887753140356687,869.02,Kolkata,2022-01-12,07:13:01,MasterCard,ExxonMobil,Success,no
TX7792499,U4060,4224367857682327,142.25,Bangalore,2024-09-30,21:49:22,Diners Club,Walmart,Failed,no
TX9800757,U4901,6248780893728082,775.17,Delhi,2022-08-17,19:52:26,American Express,Starbucks,Success,no
TX7861896,U7604,1002145037838748,1882.65,Shillong,2022-09-10,11:15:22,Visa,McDonald's,Failed,no
TX9212510,U2583,5395343687787809,347.84,Jaipur,2021-07-23,17:47:07,Visa,Starbucks,Failed,no
TX7411164,U4613,0713039002481754,1232.86,Goa,2022-07-05,11:21:58,RuPay,Flipkart,Success,no
TX6595951,U8856,9084218741194575,1720.6,Hyderabad,2019-06-18,12:20:48,MasterCard,Shell,Success,no
TX3588116,U7105,7246607758971148,982.45,Chennai,2018-10-29,22:53:29,Diners Club,Shell,Success,no
TX8252739,U2429,6089646764124740,811.92,Udaipur,2020-04-13,06:45:22,Visa,Amazon,Success,no
TX6249880,U4613,3607921966070782,922.14,Bangalore,2024-01-14,12:08:13,RuPay,Walmart,Failed,no
TX1955917,U4932,7257124210689638,1109.61,Shillong,2018-05-02,07:39:39,American Express,Target,Success,no
TX9633905,U4034,1922970167364900,1169.96,Hyderabad,2019-09-01,20:16:45,Diners Club,Flipkart,Success,no
TX2297684,U5988,7413414144744282,1036.47,Leh,2019-09-04,14:52:48,Visa,Starbucks,Success,no
TX6457410,U3209,6063157011994458,486.67,Leh,2021-11-04,07:04:55,Diners Club,Flipkart,Failed,no
TX1278593,U2570,3339746171533914,1416.04,Hyderabad,2021-04-20,16:52:49,American Express,Apple Store,Success,yes
TX1308720,U3643,9504842735862128,1002.44,Udaipur,2024-03-21,06:21:22,RuPay,Shell,Success,no
TX2995305,U7092,1954225237696724,577.28,Varanasi,2021-10-24,05:26:58,Visa,Amazon,Success,no
TX3908515,U7230,6583308147790244,1768.21,Mandya,2023-08-02,23:35:24,American Express,Apple Store,Failed,yes
TX7271588,U5664,8308174752068950,471.92,Jaipur,2018-05-27,05:00:23,Diners Club,Flipkart,Success,yes
TX9956893,U1046,9077004919669856,1904.13,Chennai,2021-10-25,15:06:02,American Express,Starbucks,Success,yes
TX8008682,U4710,3913193534397974,1516.69,Udaipur,2024-06-22,15:55:02,RuPay,McDonald's,Failed,no
TX5619644,U6039,3992770287166238,1902.86,Mysore,2024-02-27,20:07:33,Diners Club,ExxonMobil,Failed,no
TX6387091,U9843,9906390398632542,817.33,Leh,2019-02-13,15:25:52,American Express,ExxonMobil,Success,no
TX3021008,U9973,0626384078021621,1553.2,Kochi,2021-11-29,19:05:16,Diners Club,Target,Success,no
TX9815089,U2762,9937301084252053,1493.4,Bangalore,2020-06-28,22:19:51,Visa,Shell,Success,yes
TX2168924,U7776,8217339395269925,822.34,Leh,2019-10-21,18:47:20,Diners Club,Amazon,Success,no
TX1211543,U6282,5413094832140157,1761.62,Mumbai,2021-06-09,03:10:00,Diners Club,Amazon,Success,no
TX8749123,U7145,5609402551455546,1038.39,Kolkata,2023-01-09,10:31:43,Visa,Best Buy,Success,no
TX2698779,U9288,3334789633719999,850.06,Mumbai,2021-12-21,20:45:08,Diners Club,ExxonMobil,Success,no
TX6319616,U9823,3453080898812902,1999.63,Chennai,2018-10-03,03:25:10,MasterCard,McDonald's,Success,no
TX2376802,U311,2070737391367034,724.45,Chennai,2020-10-22,09:07:31,Diners Club,Flipkart,Success,no
TX5616476,U8319,3839769276587677,687.07,Mumbai,2023-07-22,06:57:33,Visa,Target,Success,no
TX8675145,U6232,4868672495868109,120.31,Varanasi,2018-09-14,13:57:59,RuPay,Target,Failed,no
TX6748239,U7150,2374202819846701,853.52,Udaipur,2021-08-20,13:21:09,RuPay,Shell,Success,no
TX3679770,U5492,5040585127793059,627.65,Chennai,2025-03-17,20:04:17,MasterCard,Flipkart,Failed,no
TX6086023,U4570,8545885960921159,72.23,Kochi,2019-06-16,01:43:34,RuPay,Amazon,Success,no
TX9687480,U3027,1489415522656859,892.33,Goa,2019-08-20,23:44:12,RuPay,Starbucks,Success,yes
TX7970013,U2744,9411924799850423,445.99,Bangalore,2020-07-05,09:40:43,American Express,Apple Store,Failed,yes
TX2658843,U656,8888461518999058,1522.18,Leh,2021-06-13,03:33:39,Diners Club,Flipkart,Success,yes
TX9185229,U840,1165986032906706,1530.62,Kochi,2018-06-29,16:09:28,RuPay,Best Buy,Success,no
TX6859618,U1239,4115952967593840,1411.86,Goa,2024-06-03,21:18:02,Visa,ExxonMobil,Failed,no
TX8563852,U176,4105092881574301,941.99,Kochi,2018-02-24,14:18:06,RuPay,Target,Success,yes
TX2301279,U900,8480656131197434,190.13,Mysore,2019-11-10,00:55:09,MasterCard,Apple Store,Success,no
TX9566134,U9239,6556976119489591,693.45,Jaipur,2019-04-30,03:59:32,American Express,Flipkart,Success,no
TX2390833,U7925,9432979382413402,297.38,Bangalore,2022-02-21,04:25:32,Diners Club,Starbucks,Failed,no
TX1330403,U5768,7046655235209926,985.07,Leh,2023-08-04,03:58:38,Visa,Shell,Success,no
TX5493565,U3002,8518334744096161,448.06,Kochi,2024-01-09,09:59:41,Diners Club,Walmart,Success,no
TX3857662,U33,5557902182959143,1558.54,Mandya,2020-05-17,03:26:31,American Express,Starbucks,Success,yes
TX2823039,U7419,7903757771055612,150.33,Kolkata,2022-05-07,15:53:54,American Express,Walmart,Success,no
TX3739264,U7645,6030134778403314,1003.02,Jaipur,2025-03-29,02:24:32,Diners Club,ExxonMobil,Success,no
TX1386843,U2181,2858156646573083,707.21,Leh,2020-09-01,18:06:53,Diners Club,Best Buy,Success,no
TX7949041,U3878,2692336926714651,819.04,Kolkata,2023-08-12,19:57:06,RuPay,Starbucks,Success,no
TX7139288,U3995,4639363207832457,1973.47,Hyderabad,2018-11-02,15:25:38,RuPay,Walmart,Success,no
TX1301877,U7347,9723727173227473,478.38,Shillong,2023-07-10,16:28:24,MasterCard,Apple Store,Success,no
TX2585084,U3698,8455290361192938,1613.23,Chennai,2018-03-23,06:58:27,MasterCard,Starbucks,Success,no
TX2381920,U6246,4601942050320859,1481.22,Chennai,2022-07-14,19:24:33,American Express,ExxonMobil,Success,no
TX9756066,U1185,2768771082647375,638.05,Delhi,2023-02-04,20:38:36,American Express,Best Buy,Success,yes
TX4755055,U6455,3390601326408248,474.97,Darjeeling,2023-09-07,00:27:37,Visa,Best Buy,Success,yes
TX5205927,U5695,1394507550981694,913.3,Mandya,2024-04-13,07:49:42,MasterCard,Apple Store,Success,no
TX7816120,U4951,4365733470942193,1470.23,Varanasi,2023-06-13,13:45:31,RuPay,Amazon,Success,no
TX6390540,U1410,2993631040656598,1194.1,Delhi,2018-04-03,18:38:25,Visa,Apple Store,Success,yes
TX9323668,U9884,0630873693807431,341.88,Chennai,2024-09-21,08:05:33,MasterCard,Walmart,Failed,no
TX1472768,U1391,4179562906743694,182.55,Hyderabad,2018-03-12,11:44:06,MasterCard,Shell,Success,no
TX1830721,U4308,6538681551613922,43.78,Jaipur,2019-05-12,17:45:19,Diners Club,Target,Success,no
TX3852791,U2119,9510196103856218,58.52,Shillong,2023-10-26,03:34:16,Visa,Best Buy,Success,no
TX6397168,U1326,8179690739192345,1918.55,Mysore,2020-01-23,23:35:24,American Express,Amazon,Success,yes
TX4193999,U6624,6388210741719691,1188.4,Kolkata,2020-08-28,00:22:06,RuPay,Amazon,Success,no
TX4936708,U8332,2539402832215168,65.46,Darjeeling,2023-10-16,15:53:52,Visa,Target,Success,yes
TX3942485,U9289,0503042607678521,1748.03,Mandya,2018-11-20,06:29:46,Visa,McDonald's,Success,no
TX8439407,U7363,1955651820834380,475.76,Kolkata,2020-09-05,01:03:14,Visa,Amazon,Success,no
TX3602508,U2259,4654760409525338,361.56,Leh,2021-05-17,09:46:04,American Express,Flipkart,Success,no
TX7836786,U1188,4131695399068813,727.82,Mysore,2023-01-31,06:23:08,Visa,Target,Success,no
TX6107199,U3358,0578821150311500,68.91,Kolkata,2025-05-18,02:35:50,RuPay,McDonald's,Success,yes
TX2600756,U9231,4624829411296582,1408.69,Varanasi,2023-07-20,22:39:51,MasterCard,Target,Success,no
TX5580441,U872,5714129507844413,1567.93,Mysore,2019-08-20,17:25:07,MasterCard,Starbucks,Success,no
TX5323746,U5089,5039172727828413,1367.75,Shillong,2020-08-18,16:52:50,Diners Club,Best Buy,Success,no
TX8700772,U4571,2026768597139718,1806.94,Kolkata,2019-05-31,21:24:43,MasterCard,Flipkart,Success,yes
TX7163536,U4974,2002709868627934,1225.39,Delhi,2024-06-16,09:10:15,RuPay,Flipkart,Success,yes
TX1239709,U1799,3249643774590599,1979.49,Bangalore,2019-01-26,04:49:04,Visa,ExxonMobil,Success,no
TX7464435,U4180,0452255786957075,1163.42,Leh,2020-01-18,08:09:51,MasterCard,Starbucks,Success,no
TX4028219,U4418,5044418225222709,1011.46,Darjeeling,2022-12-10,17:17:24,RuPay,Target,Success,yes
TX5290665,U9545,9973241405476080,165.05,Mysore,2019-11-25,14:22:10,MasterCard,Walmart,Success,no
TX5856213,U2697,5442672761354552,1957.03,Chennai,2021-10-17,17:34:46,Diners Club,Walmart,Failed,no
TX9345812,U7763,2429045700681296,1647.7,Chennai,2022-01-14,19:25:10,Diners Club,Amazon,Failed,no
TX3190934,U2065,1360202985695363,564.84,Mumbai,2018-02-13,07:31:16,Diners Club,Apple Store,Success,no
TX4844646,U6689,1895074592925876,660.95,Mumbai,2023-12-23,06:50:04,RuPay,Target,Success,no
TX9825178,U2549,0430889409444118,753.34,Udaipur,2021-08-03,03:37:45,RuPay,Shell,Failed,yes
TX2798754,U7125,5639603271135880,1488.52,Darjeeling,2021-02-27,03:38:07,Diners Club,Shell,Success,no
TX1430646,U17,5096341421757035,1628.11,Bangalore,2023-03-03,06:27:45,Visa,Apple Store,Success,no
TX1983283,U5584,2354728924268167,579.46,Kolkata,2024-03-15,05:55:53,Diners Club,Shell,Success,no
TX6620092,U7964,9356323719916857,1949.41,Leh,2022-01-01,15:01:00,Visa,Amazon,Success,no
TX9407742,U6893,8698203491697019,1508.73,Chennai,2025-04-07,02:31:57,Visa,Starbucks,Failed,no
TX1561238,U4560,2415394285936012,1621.87,Mysore,2019-02-03,00:56:03,Diners Club,Walmart,Failed,no
TX4003978,U2505,4011605367191127,1676.29,Hyderabad,2019-06-04,01:47:24,Diners Club,Best Buy,Success,no
TX6068380,U8827,8482041220135836,953.11,Varanasi,2019-09-08,06:10:56,RuPay,McDonald's,Success,yes
TX1786023,U4277,6530028373270446,1371.69,Shillong,2025-06-17,20:33:20,Diners Club,McDonald's,Success,no
TX3373244,U5490,2806077961643857,1051.27,Leh,2020-12-20,12:48:32,American Express,Flipkart,Success,no
TX8801439,U3329,1064797577794887,1974.01,Varanasi,2019-01-13,07:20:21,RuPay,Starbucks,Success,no
TX4735779,U1420,1555325289587906,507.08,Mumbai,2018-04-25,20:40:29,American Express,Starbucks,Success,no
TX5503785,U8305,6122135638608854,1645.8,Leh,2023-04-19,16:49:11,American Express,McDonald's,Success,no
TX2084063,U6455,6923364896655659,608.8,Chennai,2024-06-28,13:16:14,RuPay,Apple Store,Success,no
TX8958242,U5196,0068112624568688,1522.43,Goa,2020-11-19,17:26:06,Visa,Walmart,Success,no
TX4359386,U9235,8641256618081323,325.37,Leh,2025-06-17,01:21:22,RuPay,Target,Success,no
TX8943737,U1446,8121815520405420,692.74,Mysore,2023-09-14,17:29:36,RuPay,Apple Store,Failed,no
TX7298839,U6287,0006005508344765,109.57,Mysore,2022-05-07,07:29:51,MasterCard,Walmart,Success,no
TX9008511,U3495,4805428004526211,1704.85,Leh,2020-01-24,10:49:15,American Express,Amazon,Success,no
TX6902041,U3915,2153179696664977,1930.35,Jaipur,2019-09-23,08:12:50,RuPay,Flipkart,Success,no
TX7319553,U4448,6810740345030657,1306.87,Delhi,2019-12-02,14:49:57,Diners Club,Amazon,Success,no
TX1973960,U6449,3012377508400597,44.41,Kochi,2023-10-11,18:50:35,Visa,ExxonMobil,Success,no
TX1587950,U9568,1344285682497380,1997.07,Chennai,2025-01-19,04:10:22,American Express,Shell,Failed,no
TX5108037,U1596,2851846277229601,1828.45,Udaipur,2020-10-26,07:09:55,MasterCard,Apple Store,Success,no
TX5557207,U2862,4006463412255322,753.32,Jaipur,2023-03-20,02:46:04,Visa,Best Buy,Success,no
TX3963398,U2083,4705305477473588,275.89,Varanasi,2024-01-27,19:58:15,Diners Club,Apple Store,Success,no
TX5872176,U2577,5996443632445174,1596.57,Bangalore,2018-09-13,19:46:17,Diners Club,Best Buy,Success,no
TX9841776,U5510,8818635131410174,243.31,Udaipur,2018-04-05,19:01:26,Visa,Amazon,Success,no
TX9356173,U6522,9377736009487769,435.84,Delhi,2022-06-12,10:04:41,Diners Club,Apple Store,Success,no
TX4614692,U3137,7299927557737617,599.92,Jaipur,2021-06-16,15:09:19,American Express,Shell,Success,no
TX6459858,U9327,4013473166460050,139.57,Bangalore,2025-06-28,08:23:40,American Express,Best Buy,Success,yes
TX1144110,U1798,1253820378221550,1110.64,Darjeeling,2018-12-10,15:26:03,MasterCard,ExxonMobil,Success,no
TX8570377,U8835,1382578707050440,300.93,Leh,2022-10-29,12:12:14,American Express,Walmart,Success,no
TX2858157,U9053,7385054811323397,1583.35,Hyderabad,2018-12-03,21:24:17,American Express,McDonald's,Success,no
TX7754150,U1983,8495739423455498,847.06,Mysore,2020-08-14,06:31:51,Diners Club,McDonald's,Success,no
TX2461752,U8803,0388386621874202,1246.38,Jaipur,2019-03-08,05:56:06,Diners Club,ExxonMobil,Success,no
TX9002396,U4648,7500193965805212,198.64,Chennai,2022-07-17,12:57:56,RuPay,McDonald's,Success,yes
TX3796666,U627,0054908246073531,1881.38,Shillong,2020-12-22,09:00:56,RuPay,Amazon,Success,no
TX3464419,U2359,7224737302678874,1184.59,Jaipur,2020-02-29,15:21:37,Diners Club,McDonald's,Success,no
TX3724934,U9427,6534747349924542,1808.88,Mumbai,2020-08-14,11:39:57,American Express,Shell,Success,yes
TX6300418,U941,9033538073594815,320.35,Udaipur,2021-04-16,06:11:10,Diners Club,Walmart,Success,no
TX2359023,U6860,5235725062897023,429.75,Mumbai,2021-12-08,16:06:55,RuPay,Target,Success,no
TX2092980,U1312,9771157186630311,1666.92,Jaipur,2022-07-07,20:46:37,MasterCard,Walmart,Success,no
TX3169083,U6274,7426090351139559,1307.25,Udaipur,2018-11-29,20:31:09,American Express,Flipkart,Success,no
TX4510241,U6492,8321094204751977,860.88,Bangalore,2023-03-11,07:35:43,Visa,Walmart,Success,no
TX3983921,U3240,1119941132056906,1013.52,Udaipur,2020-12-05,01:55:37,RuPay,Target,Success,no
TX9565532,U1271,9170298299720182,1869.33,Mandya,2020-01-20,15:18:07,Visa,Amazon,Failed,no
TX4960607,U4580,6159002017880480,792.38,Leh,2019-09-27,18:13:03,Diners Club,Target,Success,no
TX4120842,U5852,8651222084522191,1063.17,Goa,2023-12-12,05:41:39,MasterCard,Target,Success,no
TX5898521,U2764,7601206422177077,891.74,Mandya,2023-02-05,12:43:42,American Express,McDonald's,Success,yes
TX7203431,U9260,0048500049136056,1036.7,Kolkata,2022-07-25,19:37:55,RuPay,Starbucks,Success,no
TX9519633,U3396,0737985765457175,570.39,Leh,2023-11-24,01:13:51,American Express,Flipkart,Success,no
TX5692139,U8987,6554182730519827,1289.59,Goa,2019-06-24,11:26:04,MasterCard,Amazon,Success,no
TX1905867,U1455,4752060603639888,1583.98,Darjeeling,2020-02-21,07:53:51,Visa,Shell,Success,no
TX6507152,U8988,7332859500655509,359.98,Chennai,2018-02-04,07:39:48,Visa,Walmart,Success,no
TX4102920,U6056,8705869662329977,869.86,Udaipur,2018-11-27,13:56:52,RuPay,Target,Success,no
TX6051119,U3943,7332233900592145,1507.23,Kochi,2023-07-11,13:59:21,RuPay,Target,Success,no
TX2770729,U5524,8155128992432944,662.22,Delhi,2019-02-24,09:55:23,Diners Club,Apple Store,Success,yes
TX8089159,U1776,1351508364733322,125.03,Mysore,2025-05-18,08:32:35,MasterCard,Flipkart,Failed,no
TX6963108,U1448,7002302953922224,727.51,Kochi,2025-04-18,20:15:30,Diners Club,ExxonMobil,Success,no
TX1585525,U6631,2582492730050402,757.48,Darjeeling,2019-10-04,02:03:54,American Express,Walmart,Failed,no
TX7243760,U8047,2029137183500058,443.14,Bangalore,2022-09-24,17:22:49,MasterCard,McDonald's,Failed,yes
TX9310825,U2352,3190610044929730,1784.82,Chennai,2021-12-29,19:20:30,Visa,Apple Store,Success,yes
TX8353142,U6322,1873587044292177,246.63,Mandya,2018-03-13,07:33:33,Diners Club,Starbucks,Success,no
TX6618713,U1381,4033240378737928,515.33,Varanasi,2019-05-29,06:18:05,Diners Club,Walmart,Success,no
TX1961646,U9204,9111768369897430,1578.01,Mumbai,2020-08-28,18:27:07,Diners Club,Target,Success,yes
TX6689792,U6785,1778358998894289,1799.97,Leh,2021-08-20,19:44:15,American Express,ExxonMobil,Success,no
TX6957464,U7252,3110186686653441,1766.01,Kolkata,2024-03-31,12:43:19,American Express,Apple Store,Success,no
TX4204551,U3209,4775029480930493,1582.8,Chennai,2019-07-13,20:32:36,MasterCard,Shell,Failed,no
TX1129682,U9884,7590854866103770,217.98,Hyderabad,2023-12-05,07:05:45,Visa,Amazon,Success,no
TX2829860,U6109,4210316571413724,91.36,Udaipur,2023-02-22,11:22:14,RuPay,Shell,Success,yes
TX5746443,U3093,9438561360451059,346.02,Kochi,2020-04-05,11:15:55,Visa,McDonald's,Success,no
TX7975202,U7011,4731417804182133,1080.92,Chennai,2018-08-04,10:51:24,American Express,Flipkart,Success,no
TX1503900,U7503,3360159312423624,689.23,Mumbai,2024-10-30,10:33:20,RuPay,Amazon,Success,no
TX4512319,U4871,7455101439851206,1196.29,Leh,2023-04-09,02:21:30,RuPay,Walmart,Success,no
TX5755789,U3174,9217909320244880,943.8,Chennai,2022-09-01,17:23:36,RuPay,Target,Failed,no
TX6858588,U1034,6623883242290843,247.63,Mysore,2021-06-09,09:34:03,Diners Club,Flipkart,Success,no
TX9000728,U5482,9079690259004289,1919.27,Bangalore,2018-07-28,08:35:37,RuPay,Apple Store,Success,no
TX9269313,U5300,9052428340953366,1949.36,Bangalore,2023-02-11,20:15:03,American Express,Walmart,Success,no
TX5119003,U3267,2841329617975786,1121.6,Delhi,2020-06-27,23:37:02,Visa,ExxonMobil,Success,no
TX6665935,U9171,1669109392885311,1577.66,Jaipur,2018-09-29,04:22:31,RuPay,Amazon,Success,no
TX1315323,U8438,3981228309398995,1848.51,Kochi,2019-05-25,04:31:28,Diners Club,ExxonMobil,Success,yes
TX2273415,U2844,9966715215678916,370.24,Goa,2024-05-11,13:54:50,Visa,ExxonMobil,Failed,no
TX2187151,U1245,1561728105612342,1047.66,Mumbai,2023-02-24,08:02:25,MasterCard,Target,Success,no
TX4882136,U1741,5981518688458613,1154.95,Hyderabad,2019-08-30,07:40:52,Visa,Best Buy,Success,no
TX5368721,U622,5319106146018901,463.53,Chennai,2020-05-01,18:58:49,Diners Club,Apple Store,Success,no
TX3791825,U1425,3576223726663999,572.39,Leh,2021-06-30,03:26:20,American Express,ExxonMobil,Success,no
TX5885754,U6916,7924443430998269,550.6,Mumbai,2022-03-29,01:38:22,MasterCard,Amazon,Failed,no
TX8656311,U4437,4594469631775163,1691.86,Kolkata,2021-05-23,00:32:36,Diners Club,Walmart,Success,no
TX7764001,U1211,6141670670085751,1802.63,Kochi,2019-02-28,06:56:02,Visa,McDonald's,Success,no
TX5261564,U238,7888965587526249,1289.56,Bangalore,2021-02-22,07:09:47,Visa,Target,Success,yes
TX1667956,U53,4850384077493158,1423.96,Jaipur,2018-03-16,00:33:41,MasterCard,Best Buy,Success,no
TX3807153,U9357,5032944956261538,903.39,Goa,2024-07-03,18:40:40,RuPay,Flipkart,Success,yes
TX5222398,U3453,1316001952568562,1188.58,Leh,2024-03-26,12:50:14,RuPay,Amazon,Success,no
TX8144712,U8319,7841168032964399,236.02,Bangalore,2022-01-23,08:39:34,RuPay,Best Buy,Success,yes
TX7224572,U9137,8143128595016882,611.16,Mandya,2022-06-24,10:19:23,Diners Club,Amazon,Failed,no
TX7857044,U7829,4435556970249877,650.4,Jaipur,2021-08-15,14:16:35,American Express,Shell,Failed,no
TX9511443,U4463,1554437397109805,716.53,Varanasi,2022-11-08,23:49:43,RuPay,Shell,Success,no
TX7055775,U6835,4150668175174100,1870.13,Udaipur,2019-05-27,18:58:51,American Express,ExxonMobil,Success,no
TX5567753,U6453,9124324552724002,345.92,Kochi,2023-03-19,14:22:03,Diners Club,ExxonMobil,Success,no
TX6840609,U9147,8949352022352265,508.45,Bangalore,2024-06-26,01:09:13,MasterCard,Walmart,Success,no
TX9418491,U3540,5845342959462249,1434.91,Mandya,2020-04-21,17:23:24,Visa,ExxonMobil,Success,no
TX3529656,U1229,1877207493997554,1815.09,Darjeeling,2025-04-12,12:45:41,MasterCard,Apple Store,Success,no
TX8120067,U3406,4899588820493182,1805.87,Goa,2025-01-23,11:08:22,American Express,Starbucks,Success,no
TX2594335,U756,7042324573157680,787.63,Goa,2022-01-13,17:07:05,American Express,Amazon,Success,yes
TX7345769,U7125,2671964449260524,474.79,Delhi,2019-05-13,20:49:18,RuPay,Apple Store,Failed,no
TX3311662,U4759,8973009205728365,1541.77,Mandya,2025-01-28,19:00:04,Visa,McDonald's,Success,no
TX6526203,U8073,6228685233771010,787.7,Goa,2018-06-02,01:39:01,RuPay,Starbucks,Failed,no
TX1998775,U589,3784899857156544,530.7,Kolkata,2023-05-29,07:34:38,Diners Club,Target,Success,no
TX2823450,U2400,9875084120113703,671.42,Varanasi,2019-12-08,16:06:02,Visa,Starbucks,Success,no
TX8023476,U6709,1904994600888914,917.84,Chennai,2021-07-12,07:07:58,RuPay,Best Buy,Success,yes
TX4759466,U4496,7205866209033040,1785.21,Mysore,2023-09-25,21:25:32,American Express,Amazon,Success,yes
TX5595704,U5221,8270097641749643,1915.79,Delhi,2019-05-29,01:04:53,American Express,Starbucks,Success,no
TX2881164,U7395,6793579093594920,1376.77,Mandya,2023-10-28,07:32:18,Visa,Walmart,Success,yes
TX4525288,U4523,4561582325751013,295.94,Jaipur,2024-09-24,00:21:12,American Express,Target,Success,no
TX4980982,U9819,6710786179683429,1138.18,Mysore,2023-04-09,20:40:11,Diners Club,Apple Store,Success,no
TX8316465,U4725,6336106453673489,1838.25,Kochi,2024-05-24,10:05:32,RuPay,McDonald's,Success,no
TX8837724,U5464,7808700744529869,1244.94,Udaipur,2022-09-18,22:11:58,MasterCard,Amazon,Success,no
TX2347395,U1711,0343361720334098,1119.84,Leh,2023-11-06,03:38:13,Visa,Best Buy,Failed,no
TX8273007,U3393,1503562399894721,292.7,Varanasi,2020-04-08,23:37:43,MasterCard,Starbucks,Failed,no
TX4753664,U3958,0639954362127708,168.34,Bangalore,2025-05-27,10:09:09,MasterCard,ExxonMobil,Success,no
TX4312186,U8765,0846745366043030,1777.52,Kolkata,2023-06-19,21:33:07,Visa,Starbucks,Success,no
TX4980286,U5324,5100096704898485,1606.58,Darjeeling,2025-02-26,16:34:23,RuPay,Target,Success,no
TX5739019,U6430,3377531630641438,42.13,Bangalore,2018-03-07,17:22:20,Diners Club,Best Buy,Success,no
TX7737188,U7940,4445167296055353,529.56,Goa,2025-05-21,09:47:04,Visa,Apple Store,Failed,no
TX7998158,U136,3078922296531097,1697.96,Darjeeling,2020-07-25,06:05:41,Visa,Starbucks,Success,no
TX4697951,U7703,3567502964070431,107.9,Chennai,2018-04-06,01:54:51,RuPay,Amazon,Success,no
TX9198709,U8796,7629859362291603,1616.78,Shillong,2019-06-14,13:55:45,Diners Club,Apple Store,Failed,no
TX3771391,U7337,3024561728854409,1195.42,Goa,2022-09-27,06:06:44,Visa,Walmart,Success,no
TX2284428,U761,3371832326122859,1273.22,Delhi,2023-01-29,07:48:49,RuPay,Target,Success,no
TX1584224,U2783,9635063930600005,329.04,Hyderabad,2023-05-11,09:45:00,Visa,Walmart,Success,no
TX8851685,U9558,4669360260009882,1097.12,Kochi,2020-03-23,06:59:10,MasterCard,Shell,Success,yes
TX2526723,U9800,8358788370234685,1412.56,Delhi,2024-04-24,07:07:21,American Express,Walmart,Success,no
TX3487483,U7762,1360760336765498,1846.05,Delhi,2020-10-18,12:09:21,RuPay,ExxonMobil,Success,no
TX1965312,U7976,9606948191645754,895.51,Darjeeling,2021-02-09,15:11:53,MasterCard,Amazon,Success,no
TX7845534,U7265,3936396504976106,835.07,Kochi,2024-10-21,22:38:29,Diners Club,Amazon,Success,no
TX6326343,U9334,4216287119579653,328.41,Leh,2023-11-16,23:22:26,RuPay,Amazon,Success,yes
TX7422506,U9310,3657812786081349,1044.57,Jaipur,2020-03-12,13:35:59,Visa,Flipkart,Success,no
TX3831811,U2404,3581043752671780,1264.13,Bangalore,2020-03-08,08:07:04,Visa,Target,Success,no
TX8301572,U4724,2041559735525476,1338.55,Jaipur,2021-03-23,08:48:52,RuPay,McDonald's,Success,no
TX2247472,U6629,6308658227494170,1788.21,Goa,2024-01-20,14:18:06,Visa,Amazon,Success,no
TX8656982,U7168,5677325609323856,1375.04,Leh,2018-11-28,04:04:29,Visa,Apple Store,Success,no
TX5574228,U5436,0938695331177904,1340.72,Goa,2020-04-08,09:53:32,Diners Club,Shell,Success,no
TX5851347,U7543,9354672140642775,1430.84,Mandya,2023-04-04,23:58:04,Visa,Best Buy,Success,no
TX3374236,U3446,8581754182994988,282.66,Jaipur,2022-09-13,10:51:38,American Express,Shell,Success,yes
TX9541799,U4408,3239730746341592,830.67,Chennai,2019-04-12,22:58:12,MasterCard,McDonald's,Success,no
TX7658159,U517,1559907539043423,1362.67,Goa,2021-10-01,01:13:00,American Express,Best Buy,Success,no
TX3635873,U744,8386641512211462,678.22,Mumbai,2019-09-18,20:34:21,Visa,ExxonMobil,Success,no
TX4711148,U2733,2849897843678398,1493.15,Udaipur,2022-12-05,19:45:43,American Express,Shell,Failed,no
TX9912090,U3427,8488457559313174,268.39,Bangalore,2021-10-17,12:44:15,Diners Club,Starbucks,Failed,no
TX4987861,U3667,1500233508519447,1995.02,Varanasi,2021-04-28,12:15:55,Visa,Amazon,Success,yes
TX3152601,U6319,5880932034708900,605.38,Hyderabad,2023-02-27,05:09:35,American Express,Target,Success,yes
TX3416353,U7229,6805749253238710,295.97,Goa,2022-06-25,06:23:27,MasterCard,Apple Store,Success,no
TX6614690,U1801,1433247465913594,1290.47,Darjeeling,2021-01-22,19:40:02,Visa,McDonald's,Failed,yes
TX7878721,U6033,1396106739836081,1612.91,Hyderabad,2023-11-08,21:02:26,American Express,Walmart,Failed,no
TX7185789,U7623,0725171270819351,1042.5,Kolkata,2020-08-01,03:04:51,Visa,Target,Success,no
TX7155057,U7833,9793518745373112,1877.85,Mumbai,2024-04-11,21:09:03,MasterCard,Best Buy,Success,no
TX2987369,U8869,9414778769041814,338.68,Hyderabad,2021-09-30,05:34:26,MasterCard,McDonald's,Success,no
TX2607870,U8882,4179474204993372,1749.89,Delhi,2020-11-16,14:55:10,Diners Club,Shell,Success,no
TX3195821,U929,7315621987408160,739.68,Hyderabad,2018-09-18,07:51:13,Visa,Amazon,Success,yes
TX6522119,U4372,9866548968550452,222.11,Varanasi,2024-12-28,14:42:33,American Express,Target,Success,yes
TX2986538,U5417,8155216692338763,22.46,Hyderabad,2020-08-06,17:42:58,MasterCard,McDonald's,Failed,no
TX5170592,U2916,1148674770614173,1758.87,Chennai,2018-01-22,13:30:51,RuPay,Shell,Failed,no
TX7535952,U1646,6496381906819611,445.58,Udaipur,2022-04-01,08:42:46,RuPay,Starbucks,Failed,yes
TX7090266,U5132,2519442487570376,697.98,Goa,2022-04-10,12:58:07,Diners Club,Target,Success,yes
TX6718896,U6493,4401046273749605,372.85,Darjeeling,2019-05-17,08:20:55,Visa,Best Buy,Failed,no
TX6025798,U7230,7258451119108420,846.98,Udaipur,2020-07-21,14:59:20,Visa,Starbucks,Success,no
TX5639806,U9253,3929726550377484,1282.13,Jaipur,2024-12-13,17:48:01,Visa,Apple Store,Success,yes
TX1987002,U950,8989038570607975,1516.93,Bangalore,2019-10-27,00:01:38,MasterCard,Shell,Failed,no
TX2860539,U9254,4618750997367990,1182.97,Shillong,2024-07-15,17:08:31,RuPay,Best Buy,Success,no
TX2997794,U1156,8084864482476685,1954.83,Delhi,2020-11-03,12:20:48,American Express,Flipkart,Success,no
TX4702978,U3063,8350792952847270,1736.06,Jaipur,2024-12-07,21:58:57,MasterCard,Target,Success,no
TX5398107,U5658,3725745219264586,492,Udaipur,2018-05-18,19:07:14,MasterCard,Best Buy,Failed,yes
TX5852671,U9796,7043084034786240,329.66,Delhi,2022-12-11,08:46:31,American Express,Shell,Success,no
TX8241959,U8703,4513571126897590,87.06,Udaipur,2020-02-13,16:36:37,MasterCard,McDonald's,Success,no
TX4721158,U2882,7612216412735279,1664.24,Varanasi,2020-11-08,11:21:14,MasterCard,Flipkart,Success,no
TX4465296,U2436,1357107951399196,907.83,Mumbai,2021-09-28,22:00:32,Visa,Shell,Success,yes
TX5076996,U2252,0067325849476758,1009.9,Mysore,2018-12-01,18:39:29,RuPay,Best Buy,Success,yes
TX1047272,U9334,1660866471142675,1785.05,Hyderabad,2022-07-26,09:41:38,American Express,Amazon,Success,no
TX2316373,U8915,6263335262987276,1737.18,Chennai,2023-06-26,08:45:07,Diners Club,McDonald's,Success,no
TX1262684,U9202,6477937962059312,418.78,Jaipur,2018-06-21,14:26:53,Diners Club,Apple Store,Success,no
TX9032773,U3376,0187032099234400,529.83,Mysore,2021-04-06,00:50:10,Diners Club,Apple Store,Failed,no
TX6624888,U9746,0507858406804565,319.73,Goa,2022-10-31,21:11:26,American Express,Shell,Success,no
TX6378624,U7584,3206453763805657,1756.23,Leh,2021-04-23,16:19:24,RuPay,McDonald's,Success,no
TX4770355,U1686,4793015689100057,981.91,Chennai,2024-07-12,23:06:43,Visa,Starbucks,Success,yes
TX6961569,U5333,1159231095102526,1178.22,Delhi,2019-02-20,09:20:06,Diners Club,ExxonMobil,Success,no
TX7577256,U7203,7962247001082867,1357.78,Kochi,2023-03-12,09:50:40,RuPay,Starbucks,Success,no
TX1048785,U2250,7099716711385931,934.42,Udaipur,2023-02-26,14:55:35,RuPay,Target,Failed,yes
TX3388217,U8857,4644903525871749,598.98,Mysore,2018-08-16,16:05:53,RuPay,McDonald's,Success,no
TX6001452,U9554,3334466169110903,943.86,Kolkata,2022-11-03,02:28:03,MasterCard,McDonald's,Success,yes
TX8638308,U8475,2885165272756307,149.68,Mysore,2021-05-24,06:24:28,Visa,Shell,Success,no
TX2316304,U8284,1865207484535741,1187.81,Jaipur,2019-08-02,13:54:48,Diners Club,Apple Store,Success,no
TX2392432,U72,9406576250316204,976.85,Goa,2018-01-04,07:44:58,American Express,Amazon,Success,no
TX4404922,U5310,9385019406882101,1100.12,Mandya,2019-02-22,11:50:17,RuPay,Target,Success,no
TX7984468,U819,9801245469452694,641.81,Shillong,2024-01-20,21:38:51,Visa,Best Buy,Success,no
TX7756344,U9752,2226132653978676,1340.16,Chennai,2019-02-07,03:41:49,Diners Club,Amazon,Success,yes
TX7246350,U1709,4369217670090691,1834.13,Varanasi,2024-08-13,04:52:42,Visa,Amazon,Failed,no
TX2446006,U4091,4138806379725440,555.84,Kolkata,2024-12-01,14:39:18,American Express,ExxonMobil,Success,no
TX4072898,U1626,6774910192580853,375.04,Chennai,2022-01-13,19:16:50,American Express,Amazon,Failed,yes
TX7669444,U9533,7176723658159450,245.04,Jaipur,2020-09-17,15:17:47,American Express,Flipkart,Success,yes
TX3587287,U5913,5375635951152481,1111.5,Bangalore,2021-05-08,11:03:45,RuPay,Shell,Success,no
TX4047534,U780,3990232395326485,1955.31,Udaipur,2018-12-06,07:57:34,RuPay,Target,Failed,yes
TX5419861,U9228,2393812312722416,1418.41,Darjeeling,2020-06-12,04:27:09,Diners Club,Amazon,Success,no
TX5212225,U5196,2977246783815934,72.44,Delhi,2021-10-07,08:32:14,Diners Club,Shell,Failed,yes
TX3625773,U4182,2904385915997473,1999.05,Bangalore,2022-12-16,16:36:17,MasterCard,Best Buy,Failed,no
TX1342580,U3749,5005551328530252,135.39,Hyderabad,2022-12-05,10:45:26,Diners Club,McDonald's,Success,no
TX2258820,U422,3487678842141509,993.03,Jaipur,2020-07-31,10:00:00,MasterCard,Amazon,Success,no
TX8230193,U564,6679964164707156,901.33,Bangalore,2021-01-06,17:18:30,American Express,Starbucks,Success,no
TX5763065,U539,0343845772035664,1002.37,Udaipur,2023-02-17,18:29:43,RuPay,Flipkart,Success,no
TX1954422,U4911,5834087654004254,1117.15,Leh,2023-01-19,22:29:43,MasterCard,Target,Success,no
TX4881907,U6468,5763336680532295,31.54,Mandya,2022-01-16,04:00:41,MasterCard,Shell,Success,no
TX9030046,U2529,6123686288903232,789.42,Jaipur,2023-12-02,00:23:39,RuPay,Target,Success,yes
TX5372051,U9464,7117316633217383,392.57,Jaipur,2020-07-07,14:29:37,Diners Club,Target,Success,no
TX2888259,U3752,6289288900557627,71.25,Goa,2023-07-11,00:45:52,MasterCard,Target,Success,no
TX3820889,U5602,2793540837988203,1010.89,Delhi,2021-04-22,11:29:37,RuPay,Starbucks,Success,no
TX5509987,U7965,0931758799911193,1040.88,Kochi,2023-08-08,20:00:43,American Express,Amazon,Success,no
TX4736901,U6723,1747187577252139,1247.48,Darjeeling,2021-08-24,06:00:36,Diners Club,McDonald's,Failed,no
TX5119470,U3974,3127448135598031,1171.18,Varanasi,2024-12-25,02:53:27,American Express,Apple Store,Failed,no
TX5780332,U9190,1828848719882560,1169.73,Udaipur,2023-12-01,08:34:01,MasterCard,Best Buy,Success,no
TX5513244,U4382,5529476205035578,1343.91,Mandya,2021-07-14,15:08:15,MasterCard,Apple Store,Success,no
TX3308611,U8815,7828833186465333,110.26,Mysore,2019-06-16,00:23:37,Diners Club,Target,Success,no
TX8511371,U5317,4275216077169197,1339.25,Kochi,2022-03-21,16:33:24,Diners Club,Target,Success,no
TX6744211,U4381,5910133074287776,690.9,Chennai,2024-06-20,12:23:25,Diners Club,McDonald's,Success,no
TX4389855,U714,1860986283709606,1963.18,Varanasi,2025-05-22,13:52:07,MasterCard,Best Buy,Success,no
TX3713988,U1498,4399487278902187,439.15,Chennai,2023-09-30,14:07:57,RuPay,Amazon,Success,no
TX1324817,U7859,0730234199661251,421.3,Udaipur,2019-08-24,02:00:09,MasterCard,ExxonMobil,Success,yes
TX3796671,U7017,3460011732521909,242.85,Hyderabad,2024-12-12,18:17:31,RuPay,Amazon,Failed,no
TX2887527,U6662,5763845057811148,1690.29,Leh,2018-01-07,07:49:18,RuPay,Best Buy,Success,yes
TX7001932,U9940,6231164246874211,419.63,Hyderabad,2021-11-11,02:20:59,Diners Club,Starbucks,Success,yes
TX9772042,U2392,2876103007144567,1702.47,Goa,2021-06-19,14:37:41,Visa,Amazon,Success,no
TX4191129,U3045,8682769752609623,969.44,Bangalore,2024-06-12,16:38:10,American Express,Walmart,Success,no
TX1138503,U2089,2643596015112731,1771.37,Mumbai,2025-04-26,04:32:20,Visa,Target,Success,no
TX1868261,U4392,4643692935284433,74.68,Hyderabad,2024-03-28,11:12:21,MasterCard,ExxonMobil,Failed,no
TX1298902,U1064,2040923777661404,785.53,Hyderabad,2018-07-16,06:09:54,Visa,Flipkart,Success,no
TX3726511,U8874,9963361462688172,1083.83,Delhi,2023-08-24,06:35:01,Diners Club,Shell,Success,no
TX1237075,U905,0422708420610655,1776.72,Mandya,2021-09-26,13:42:21,American Express,Apple Store,Success,no
TX8350283,U3738,3623295147811803,1558.3,Hyderabad,2021-08-10,00:19:26,Visa,Walmart,Failed,yes
TX8787683,U6482,0292555283870029,689.94,Darjeeling,2023-12-05,05:21:26,RuPay,Flipkart,Failed,no
TX7673312,U3580,9224119926256845,1053.73,Shillong,2018-05-22,08:43:48,RuPay,McDonald's,Success,no
TX1867201,U8782,9897265816193462,1482.26,Bangalore,2022-12-18,02:59:57,Diners Club,Flipkart,Success,yes
TX2361385,U5834,9563846428751134,1171.71,Jaipur,2018-04-03,04:42:39,MasterCard,McDonald's,Success,no
TX2863362,U3302,5594664501139468,1945.94,Varanasi,2024-03-05,04:27:02,American Express,Walmart,Success,no
TX5604186,U7701,0707471671012945,334.76,Jaipur,2022-03-25,13:26:12,American Express,ExxonMobil,Failed,no
TX2935921,U5473,2037240805200342,1758.14,Kochi,2019-05-27,13:02:32,MasterCard,Amazon,Success,no
TX1866018,U4151,4296524915779235,395.11,Mandya,2020-10-16,13:51:57,Diners Club,Flipkart,Success,no
TX8223299,U300,0487703564603231,819.97,Jaipur,2022-04-20,19:11:03,American Express,Best Buy,Success,yes
TX7040780,U7590,6467428543230240,1705.22,Udaipur,2024-05-22,02:23:12,American Express,McDonald's,Success,no
TX5334281,U3760,7665605423879381,1931.72,Kolkata,2020-08-26,17:49:30,MasterCard,McDonald's,Success,yes
TX6393603,U5368,0016521144553124,1495.29,Mumbai,2022-01-19,15:30:43,MasterCard,McDonald's,Success,no
TX1363728,U7947,6056462969001407,1272.2,Kolkata,2018-12-15,22:38:35,American Express,McDonald's,Success,yes
TX5712127,U7240,7779422059173414,1652.45,Mysore,2025-05-16,23:09:44,MasterCard,Amazon,Success,no
TX6673200,U5785,1688153796026178,423.71,Varanasi,2021-03-11,17:32:29,MasterCard,Target,Success,no
TX9963607,U1605,3056166397771559,1124.43,Delhi,2022-02-12,09:33:38,Diners Club,McDonald's,Success,no
TX3359200,U867,6683624269191284,1056.73,Kolkata,2020-03-22,19:08:46,RuPay,Flipkart,Success,no
TX8909671,U3448,3238479181712157,1125.02,Leh,2023-07-09,15:59:10,Visa,Best Buy,Success,no
TX1223098,U2717,8595729004078945,594,Mumbai,2020-07-04,19:17:37,MasterCard,ExxonMobil,Success,no
TX1258624,U9634,4500143478358262,1377.17,Kolkata,2018-05-07,01:18:30,RuPay,Amazon,Success,no
TX2853809,U5067,5797717057363681,1920.17,Delhi,2023-04-07,09:53:05,MasterCard,Shell,Success,no
TX9714264,U6096,0038821220846450,706.45,Goa,2025-03-02,16:48:44,RuPay,Flipkart,Success,no
TX7347829,U7092,5678090384917792,819.71,Bangalore,2024-04-16,06:06:47,Visa,Shell,Success,no
TX3105948,U1550,6926084700102051,1549.16,Mumbai,2020-09-12,11:27:58,Diners Club,McDonald's,Success,no
TX8133637,U2773,3448883156748318,306.8,Hyderabad,2018-03-12,19:54:15,MasterCard,McDonald's,Success,yes
TX9948195,U1426,5927326384453433,1008.01,Jaipur,2020-09-25,23:11:40,Visa,Shell,Success,no
TX2934069,U6204,5379538934369322,188.07,Mumbai,2018-03-31,22:45:37,Diners Club,Apple Store,Failed,no
TX1396214,U5586,8496502117012242,1151.17,Udaipur,2021-12-03,03:22:17,American Express,Shell,Failed,no
TX8070402,U8218,6765648004972150,617.05,Kochi,2022-10-05,16:30:25,MasterCard,Best Buy,Success,yes
TX5639830,U1182,6637862458435701,634.5,Mumbai,2023-04-08,22:48:01,American Express,McDonald's,Failed,yes
TX4085424,U128,9601774943769933,130.28,Bangalore,2021-10-14,16:51:57,MasterCard,Shell,Success,yes
TX4830787,U2419,3317875352152110,896.87,Goa,2019-12-23,10:43:46,American Express,Target,Success,yes
TX4693512,U9680,0443203545863294,36.72,Hyderabad,2023-05-24,04:51:01,MasterCard,Amazon,Success,no
TX2371563,U3749,1419486273803880,1200.34,Darjeeling,2022-05-04,13:36:39,American Express,ExxonMobil,Success,no
TX9260670,U3141,6936549206313061,1599.46,Chennai,2020-09-24,03:31:25,Diners Club,Flipkart,Success,yes
TX2761100,U2037,7965680992075126,1331.15,Mandya,2023-06-20,21:25:06,RuPay,Starbucks,Success,no
TX5033438,U5505,9857771670849022,41.98,Kolkata,2019-09-24,10:50:12,MasterCard,Flipkart,Success,yes
TX3011908,U3244,8530434998338579,972.02,Mandya,2019-01-30,20:40:49,RuPay,Starbucks,Success,no
TX7279196,U1526,6540820629579514,1666.2,Kolkata,2024-09-29,11:29:15,MasterCard,Best Buy,Failed,no
TX7935344,U5443,5814873968943870,1960.84,Delhi,2019-04-08,22:17:58,MasterCard,Apple Store,Success,no
TX8076457,U7947,8664014836355946,393.57,Darjeeling,2020-09-23,12:15:15,American Express,Best Buy,Failed,no
TX9901722,U4606,3077706070116615,621.19,Mysore,2023-08-02,02:54:45,Visa,McDonald's,Success,no
TX1402251,U4732,8898692283366940,940.66,Mandya,2018-06-02,02:04:57,American Express,Amazon,Success,no
TX4935978,U4150,3478235601683210,174.61,Varanasi,2018-09-27,07:08:50,Visa,Apple Store,Failed,no
TX4596456,U5130,1199052487909258,684.95,Jaipur,2019-08-08,17:42:31,MasterCard,McDonald's,Success,no
TX7731148,U5201,4961507238550021,572.38,Bangalore,2024-09-29,16:29:55,Diners Club,Starbucks,Success,no
TX3666012,U1086,0824525743494423,492.78,Kochi,2018-07-05,22:38:53,American Express,ExxonMobil,Success,no
TX6166047,U4975,1408419173294221,973.16,Mandya,2021-08-01,09:50:05,Diners Club,Starbucks,Success,no
TX6754767,U5917,0724643997141453,1947.43,Goa,2021-08-21,05:51:01,Diners Club,ExxonMobil,Success,yes
TX4234668,U6900,1577083605798047,709.8,Hyderabad,2020-12-25,08:38:30,Visa,Walmart,Failed,yes
TX4205912,U4443,8423573701505481,342.29,Darjeeling,2021-05-17,02:22:53,American Express,Best Buy,Success,no
TX7215347,U7459,3158761761626782,618.27,Jaipur,2021-12-16,15:18:49,RuPay,Shell,Success,no
TX1460834,U7900,1853955393184549,798.92,Mumbai,2022-04-03,02:09:02,American Express,ExxonMobil,Failed,yes
TX5140174,U7295,4186509115954073,367.87,Jaipur,2023-03-24,17:20:26,MasterCard,Flipkart,Success,no
TX2191478,U1122,9422629434840482,108.81,Varanasi,2023-07-24,07:27:50,Visa,Flipkart,Success,no
TX6444456,U7167,5460284639612914,1757.65,Varanasi,2022-08-04,21:39:01,MasterCard,ExxonMobil,Success,yes
TX2133944,U8713,3977747578219250,590.52,Varanasi,2024-11-11,07:17:17,Diners Club,Best Buy,Failed,no
TX9531080,U148,9351660628155968,1868.33,Darjeeling,2022-06-04,22:43:31,Visa,Apple Store,Success,yes
TX4620246,U1798,9964378754224926,855.78,Udaipur,2022-03-29,22:08:51,MasterCard,Walmart,Success,no
TX9941895,U7771,7534512572338485,91.25,Leh,2021-10-28,00:29:37,Diners Club,Walmart,Success,yes
TX4979030,U7500,4928416635404959,1574.04,Jaipur,2021-01-17,07:06:55,Visa,Shell,Success,yes
TX1192850,U5254,7143909013760817,729.38,Udaipur,2023-04-09,03:17:28,MasterCard,Amazon,Success,no
TX2963315,U2644,5048919339648994,1617.47,Mandya,2024-12-10,03:37:24,RuPay,Apple Store,Success,no
TX2915964,U7942,9368763027047840,1674.29,Goa,2022-01-24,06:00:04,American Express,Target,Success,no
TX6083322,U5612,2678698706734574,1276.48,Chennai,2019-03-12,20:21:02,American Express,McDonald's,Success,no
TX3649841,U5120,2569401627783530,871.02,Darjeeling,2025-04-22,17:19:05,Diners Club,Starbucks,Failed,no
TX1701920,U8685,2519111204163140,907.68,Mumbai,2023-01-27,20:06:51,American Express,Flipkart,Success,no
TX7025723,U4733,9227921965406672,148.47,Mumbai,2022-08-03,23:19:29,Diners Club,Starbucks,Success,no
TX1620087,U9125,9939354257087374,972.34,Goa,2021-12-14,20:27:31,Diners Club,Walmart,Failed,yes
TX6588686,U9340,5197327123834879,1506.7,Mumbai,2020-05-25,08:00:49,Visa,Target,Success,no
TX1198221,U9538,3473179887546266,558.71,Jaipur,2019-09-25,06:34:30,Visa,Apple Store,Success,no
TX7366501,U1183,4189791908699516,1275.95,Leh,2019-03-16,22:39:23,Diners Club,ExxonMobil,Success,no
TX8046657,U8218,1629815090057660,1348.52,Mumbai,2020-08-03,22:29:41,MasterCard,Shell,Success,no
TX7764105,U6801,0798093220212364,1285.13,Shillong,2018-06-01,13:44:44,Visa,Apple Store,Success,no
TX7000894,U1965,3899851268010021,1275.15,Goa,2019-02-27,19:51:15,American Express,Best Buy,Success,no
TX3242437,U7975,3959222803350392,1724.75,Kochi,2025-02-03,18:48:45,American Express,Shell,Success,no
TX8756363,U8136,1482766802101288,1185.04,Mandya,2025-05-12,09:41:43,Diners Club,ExxonMobil,Failed,no
TX6837774,U1476,9986904580717824,286.15,Darjeeling,2021-09-07,13:31:26,RuPay,McDonald's,Success,no
TX4767191,U8757,3208824206381916,519.74,Varanasi,2023-09-03,20:31:55,RuPay,ExxonMobil,Success,no
TX3243762,U3776,2563482100569166,872.58,Varanasi,2023-02-01,06:05:02,Diners Club,Walmart,Success,no
TX9430299,U7006,8182932953955755,1202.89,Kolkata,2018-12-20,16:24:21,RuPay,Apple Store,Success,yes
TX7173836,U5012,3502212376346140,351.34,Jaipur,2023-12-15,05:15:52,Diners Club,Apple Store,Success,no
TX1491029,U1305,6209260161077510,1345.22,Mysore,2025-01-11,08:06:39,RuPay,Amazon,Success,no
TX2640468,U6442,9273243077883316,1218.07,Mysore,2021-05-19,07:50:54,MasterCard,McDonald's,Failed,no
TX3501310,U9202,2839825111319071,547.84,Goa,2024-11-25,17:00:04,MasterCard,ExxonMobil,Failed,no
TX1020192,U4533,5059250562756304,57.43,Kolkata,2024-03-23,04:38:34,American Express,Apple Store,Success,no
TX7167388,U968,6965611424336340,724.33,Jaipur,2018-11-30,14:55:32,Visa,Starbucks,Success,yes
TX4117498,U9654,5323462036092098,1316.36,Jaipur,2018-06-03,11:37:11,Diners Club,Best Buy,Success,no
TX9541526,U2538,7310487613845326,1533.08,Darjeeling,2025-02-23,03:28:15,Diners Club,Starbucks,Success,no
TX7796539,U5498,0090827575684614,1270.42,Shillong,2022-07-17,05:23:15,Visa,Best Buy,Success,no
TX1766504,U2665,4695360898635568,103.76,Kolkata,2020-10-02,05:29:06,Visa,Flipkart,Success,no
TX3277554,U6780,2747788750177705,1183.5,Shillong,2019-01-28,09:01:57,American Express,Amazon,Success,yes
TX7904014,U6636,8252827618958106,1874.65,Kolkata,2023-01-07,14:13:20,American Express,McDonald's,Success,no
TX2837477,U3638,3706800250452985,1436.2,Bangalore,2019-06-26,02:30:27,Visa,Best Buy,Success,no
TX8644274,U839,6394474371922930,552.27,Kolkata,2023-06-12,07:09:14,MasterCard,McDonald's,Success,no
TX9814185,U7876,1570449209475441,1398.89,Chennai,2021-03-06,17:11:50,Visa,Apple Store,Success,no
TX2761278,U3632,8540338969726306,1432.8,Udaipur,2021-04-20,03:23:30,Diners Club,McDonald's,Failed,no
TX8484134,U3587,0607586332463980,160.07,Varanasi,2024-11-17,06:24:53,Visa,Best Buy,Success,yes
TX8314738,U2031,9283075291384456,836.62,Leh,2023-04-28,21:28:35,RuPay,McDonald's,Success,no
TX8875117,U4724,2795878503066243,1163.13,Mysore,2021-07-12,04:27:03,Diners Club,ExxonMobil,Success,yes
TX4165526,U4695,0033590873652990,521.55,Kochi,2020-10-22,23:26:22,Diners Club,Flipkart,Success,yes
TX4771841,U3768,1332114978078962,516.4,Darjeeling,2021-11-19,10:01:16,Visa,Target,Success,no
TX2341599,U9525,8836518484425156,1425.25,Darjeeling,2019-04-06,10:22:03,MasterCard,Flipkart,Success,no
TX6732282,U66,4356198730898251,1563.32,Mysore,2024-06-10,15:05:14,Visa,Flipkart,Success,no
TX8018130,U3934,9241292583854626,108.32,Mandya,2025-03-08,12:34:26,American Express,Shell,Success,no
TX7312391,U3155,4468463062241053,442.7,Kolkata,2021-07-02,10:24:46,American Express,Amazon,Success,no
TX1596708,U141,4078530225783569,1312.67,Bangalore,2022-12-24,04:44:04,Diners Club,Target,Success,yes
TX8825430,U643,7583760220442016,844.52,Udaipur,2019-11-07,08:07:38,Visa,Starbucks,Success,no
TX1220311,U1904,4170603573937113,1616.17,Kochi,2018-07-27,10:45:24,RuPay,Best Buy,Success,no
TX2369096,U9532,4492788656517120,1590.54,Bangalore,2018-05-26,18:19:43,Diners Club,Flipkart,Success,no
TX3698783,U1205,8429779092795553,481.69,Shillong,2022-05-03,08:50:49,Visa,ExxonMobil,Success,no
TX2855369,U2049,3760067437979029,476.67,Hyderabad,2019-10-06,09:45:48,MasterCard,Flipkart,Success,no
TX6584498,U5265,6070614251132320,71.4,Shillong,2021-02-18,18:11:32,Diners Club,ExxonMobil,Success,no
TX8412493,U717,2453456811334696,1452.27,Kochi,2019-03-22,22:42:38,Visa,Target,Success,no
TX1820149,U9936,2771140143545248,1960.43,Kochi,2023-03-23,06:16:59,American Express,Target,Success,no
TX4907134,U528,9605936628164477,1531.81,Delhi,2018-02-21,21:01:02,Diners Club,Shell,Failed,no
TX1544030,U4014,9089267254348843,1867.11,Bangalore,2023-03-21,14:40:10,American Express,Apple Store,Failed,no
TX6405318,U1327,6181154682665943,1522.52,Delhi,2024-05-15,02:24:04,MasterCard,Best Buy,Success,no
TX4308609,U6297,2298847752524831,1450.7,Bangalore,2024-06-19,17:38:58,Diners Club,Flipkart,Success,no
TX1354154,U7431,0451184703468111,1171.1,Darjeeling,2020-12-18,12:07:37,Visa,Apple Store,Success,no
TX5226824,U4508,0913533748451047,720.87,Shillong,2018-12-04,12:29:05,American Express,Best Buy,Success,no
TX5923905,U1816,8782372779830293,905.49,Leh,2025-05-18,09:50:42,Visa,ExxonMobil,Success,no
TX7224953,U4187,5098548750002753,1892.77,Bangalore,2020-04-29,23:57:29,Visa,Flipkart,Success,no
TX6764902,U2198,3641996571507603,195.97,Kochi,2021-12-03,16:56:26,RuPay,Apple Store,Success,yes
TX6918752,U827,6413476987325078,1766.83,Darjeeling,2020-07-27,17:04:25,MasterCard,Shell,Success,no
TX3341147,U2129,7457407163186687,1290.88,Darjeeling,2021-03-31,17:29:39,American Express,Flipkart,Success,no
TX2623037,U8446,6895503750083765,1399.96,Darjeeling,2021-12-07,22:43:48,Visa,Flipkart,Failed,no
TX1784862,U7281,8171177508459417,747.66,Kolkata,2024-05-13,16:47:15,Visa,McDonald's,Success,no
TX3170239,U8464,7722329159098738,451.02,Jaipur,2019-08-16,02:57:23,Diners Club,ExxonMobil,Success,no
TX2188762,U509,0031912932266273,1301.69,Bangalore,2022-12-19,16:29:00,MasterCard,ExxonMobil,Success,yes
TX6549322,U8614,4595701499963608,1244.61,Mumbai,2022-06-02,19:54:48,MasterCard,ExxonMobil,Success,no
TX6344136,U612,6951437024688053,1326.92,Bangalore,2022-01-15,18:39:44,MasterCard,Best Buy,Success,no
TX2487238,U1176,8899608385333038,263.53,Hyderabad,2021-04-08,03:32:50,American Express,Target,Success,no
TX4082513,U6737,7647709200272772,1962,Varanasi,2019-06-11,01:41:35,Diners Club,Starbucks,Success,no
TX5772335,U5330,8510618925070433,171.44,Hyderabad,2023-10-26,21:59:23,Diners Club,Best Buy,Success,no
TX6234556,U5328,8123779001856233,38.63,Udaipur,2024-03-31,16:30:29,American Express,McDonald's,Success,no
TX6943791,U2758,2256896708316377,377.82,Leh,2020-06-19,05:40:27,Diners Club,Shell,Success,yes
TX5177137,U1865,6943418037357118,269.45,Darjeeling,2018-04-03,16:34:15,Visa,Apple Store,Success,no
TX3978557,U8546,0298615856662737,96.24,Kolkata,2023-12-15,03:55:41,American Express,Starbucks,Failed,no
TX1413838,U121,4531944198193135,540.85,Leh,2023-12-24,13:11:47,Diners Club,Best Buy,Success,no
TX8477186,U157,6642255570893968,1464.86,Shillong,2019-12-28,00:08:35,American Express,Best Buy,Success,no
TX1879316,U9321,5224132921414209,1727.38,Udaipur,2025-02-27,11:38:58,RuPay,ExxonMobil,Success,no
TX2482839,U8284,3199688837892218,38.24,Chennai,2018-05-14,13:41:08,MasterCard,McDonald's,Success,no
TX7641777,U9960,7893719184446807,130.51,Delhi,2022-04-18,03:06:42,RuPay,Best Buy,Success,no
TX6709705,U4920,5551005795962973,992.37,Delhi,2023-05-04,11:41:41,Visa,ExxonMobil,Success,no
TX4987220,U7016,5836605701176710,1427.31,Kochi,2020-09-05,12:28:47,MasterCard,Walmart,Success,no
TX5179378,U2549,6176091844080342,1411.43,Shillong,2024-10-12,12:17:49,Diners Club,Amazon,Success,yes
TX5648243,U4192,9866380775123797,1245.86,Kolkata,2024-05-24,12:33:13,MasterCard,Walmart,Success,no
TX3026314,U5935,8547755939638411,1113.96,Delhi,2022-05-28,12:15:05,Visa,Shell,Success,no
TX1862839,U4054,5767073423197962,692.98,Hyderabad,2025-03-04,17:19:20,RuPay,Apple Store,Success,no
TX6108306,U2895,4394495688467872,100.72,Mandya,2021-08-08,11:03:05,RuPay,Starbucks,Success,no
TX4616304,U8336,3480729385664434,1894.64,Mumbai,2018-07-03,08:05:00,Diners Club,Starbucks,Failed,yes
TX2096924,U5534,9888673053944182,1123.59,Darjeeling,2018-02-19,11:42:24,MasterCard,Shell,Success,no
TX4277578,U918,5586475695771879,1668.44,Hyderabad,2023-12-17,20:25:41,Diners Club,Starbucks,Success,no
TX1920947,U7403,9698762411454189,749.5,Mandya,2019-04-09,12:18:47,MasterCard,Amazon,Success,no
TX5054679,U7640,1775496864479071,1362.33,Shillong,2022-11-28,17:12:22,Visa,Flipkart,Success,no
TX4735891,U7607,1751478310978014,1288.7,Mandya,2025-05-10,11:29:16,MasterCard,Target,Success,no
TX5167442,U4828,1826373047225397,1774.12,Darjeeling,2022-10-03,13:02:35,American Express,Amazon,Success,yes
TX4148277,U6447,1844762805777636,1837.98,Udaipur,2022-01-08,14:46:58,MasterCard,Amazon,Success,no
TX2324801,U9294,8355923801199743,1808.87,Goa,2021-03-29,23:11:13,MasterCard,Shell,Success,no
TX5102298,U8861,4489581926995797,1451.83,Bangalore,2018-03-14,18:04:17,RuPay,Starbucks,Success,yes
TX3068242,U5666,4850975476645062,1862.57,Mandya,2023-08-14,13:50:37,RuPay,ExxonMobil,Success,no
TX8289979,U3111,4774104867215637,1221.57,Chennai,2018-02-10,08:10:16,RuPay,Best Buy,Failed,yes
TX9089626,U6110,9311972013163119,1301.41,Leh,2021-09-12,22:59:56,RuPay,Flipkart,Success,no
TX3126475,U2102,6406508057266241,691.49,Bangalore,2018-02-24,20:00:45,American Express,Best Buy,Success,no
TX4530569,U659,8342241714245670,1232.71,Mumbai,2023-01-19,07:27:02,American Express,Apple Store,Success,no
TX6372075,U9949,5567286527772859,542.99,Hyderabad,2024-03-30,02:42:00,MasterCard,McDonald's,Failed,yes
TX7620826,U1367,0159136274827244,88.34,Kolkata,2025-01-02,15:10:38,Diners Club,McDonald's,Success,no
TX1206053,U6754,0660597247134049,662.36,Udaipur,2019-04-28,03:39:38,RuPay,Walmart,Success,no
TX3305684,U6440,3970642357870751,785.05,Shillong,2021-09-14,13:15:35,American Express,Best Buy,Failed,no
TX1109990,U6953,5733400539586908,1950.18,Delhi,2023-01-08,19:30:01,MasterCard,ExxonMobil,Success,no
TX4827512,U3368,8471923851087022,1671.2,Kolkata,2018-02-07,11:48:00,Diners Club,Shell,Success,no
TX9567666,U8849,6853482801828071,1141.61,Darjeeling,2021-01-09,03:48:56,American Express,Starbucks,Success,no
TX4084990,U7771,6475490435765653,868.89,Hyderabad,2018-08-02,06:53:34,American Express,Walmart,Success,no
TX8241053,U5189,7323297484526740,1868.19,Goa,2019-12-09,12:28:32,RuPay,ExxonMobil,Success,no
TX9972105,U9300,0573697458148448,1442.94,Leh,2020-12-26,20:51:57,Diners Club,Starbucks,Success,no
TX4875502,U5632,7425036484334736,742.82,Hyderabad,2020-09-26,07:09:27,Visa,Shell,Success,yes
TX8968030,U479,8530165294444234,1581.86,Bangalore,2025-02-24,16:29:59,American Express,Amazon,Failed,yes
TX8723029,U7453,0274925093810252,1210.58,Jaipur,2021-11-28,16:33:17,MasterCard,Walmart,Success,no
TX5228985,U1620,3079719514479887,1750,Udaipur,2021-02-16,09:21:17,RuPay,ExxonMobil,Success,no
TX1614893,U9183,0185876046072246,989.09,Hyderabad,2020-11-25,23:46:52,American Express,McDonald's,Success,no
TX2101246,U6893,3358629876102236,1416.97,Kolkata,2020-12-13,06:36:34,MasterCard,Flipkart,Success,yes
TX6850417,U9750,5306592260572494,1377.38,Bangalore,2020-03-19,09:25:03,Visa,Target,Success,yes
TX4252900,U6671,5118548113624169,937.36,Delhi,2020-04-11,21:45:20,American Express,Flipkart,Success,no
TX3791642,U4262,2372247015392941,221.51,Jaipur,2020-02-06,21:42:03,MasterCard,Starbucks,Success,no
TX5128955,U4896,6272814744300012,402.88,Udaipur,2021-03-02,13:26:44,American Express,Best Buy,Success,no
TX1174724,U5404,5484236867500255,1378.66,Jaipur,2021-12-09,00:14:35,Diners Club,Apple Store,Success,no
TX4202295,U7547,5362287612471339,1143.63,Darjeeling,2022-07-13,18:04:31,American Express,McDonald's,Success,no
TX1061662,U1004,9996081343617530,474.73,Mandya,2020-04-16,23:37:43,Diners Club,Amazon,Success,no
TX9428349,U9176,0917563148242991,1638.6,Jaipur,2021-02-19,20:32:02,Visa,Best Buy,Success,no
TX1756784,U3895,3534348942512949,647.43,Shillong,2022-08-21,10:43:18,Diners Club,Target,Success,yes
TX8695059,U4234,1291475194271464,591.27,Kochi,2021-06-08,04:33:41,American Express,Starbucks,Success,no
TX7771095,U9198,9235704177929416,1431.92,Kochi,2023-01-23,16:15:31,RuPay,Best Buy,Success,no
TX7683897,U2404,0491612479790427,830.58,Delhi,2018-11-02,03:08:05,MasterCard,Target,Success,no
TX4737748,U7097,1821606692226863,1546.95,Jaipur,2024-02-02,20:25:37,MasterCard,Walmart,Success,no
TX7887635,U1021,0175502786400979,811.78,Udaipur,2020-07-05,08:54:32,American Express,Amazon,Failed,no
TX4016723,U5888,1088786274677818,1282.91,Mandya,2018-08-01,13:58:59,American Express,Apple Store,Success,yes
TX1357932,U258,4691778079922100,1380.65,Kolkata,2021-01-05,20:43:50,Visa,Target,Success,yes
TX3639428,U5740,0202553039428519,442.83,Mysore,2019-08-19,07:13:19,MasterCard,McDonald's,Success,no
TX3021163,U8178,6503597110447652,1944.66,Varanasi,2021-07-17,12:40:25,MasterCard,Target,Success,yes
TX4576044,U597,3527074856198739,521.64,Kochi,2022-03-02,00:42:52,Visa,Best Buy,Success,no
TX1267261,U6122,8958051778918609,333.3,Delhi,2020-07-23,17:32:10,MasterCard,Starbucks,Success,no
TX9414513,U8850,1188515572869546,968.83,Kolkata,2020-09-05,18:45:47,MasterCard,Apple Store,Success,no
TX4494116,U7822,8712912312384952,1108.58,Udaipur,2023-06-11,09:34:31,MasterCard,Walmart,Success,no
TX8454633,U8605,0465604674940019,67.82,Goa,2018-02-04,16:18:13,RuPay,Best Buy,Success,yes
TX5950404,U1424,6627243610140497,1366.56,Jaipur,2023-04-16,19:27:18,American Express,Walmart,Failed,no
TX8252917,U9248,9020890560223369,316.91,Bangalore,2023-01-06,01:32:36,MasterCard,Flipkart,Failed,no
TX9738586,U4870,5951044972191772,374.08,Chennai,2019-06-04,06:26:45,Diners Club,ExxonMobil,Success,no
TX6006347,U2294,2085384435038823,1513.79,Jaipur,2018-07-15,07:33:42,American Express,McDonald's,Success,no
TX5981911,U2939,9644236589942863,1513.96,Shillong,2022-06-13,16:22:53,Visa,McDonald's,Success,no
TX6120849,U5193,0179709896703777,904.04,Shillong,2023-02-03,19:31:39,MasterCard,Walmart,Success,no
TX6997476,U3034,3119866805279269,1349.28,Mandya,2024-01-31,07:52:20,American Express,Flipkart,Success,yes
TX5106083,U4466,8037038563392842,261.67,Mysore,2023-10-10,07:20:47,RuPay,Starbucks,Success,no
TX7737072,U6765,6767601814878423,1431.14,Leh,2025-01-31,03:30:51,MasterCard,Apple Store,Success,no
TX2959201,U314,1438443418243465,992.58,Mysore,2019-01-08,17:04:08,American Express,Target,Success,yes
TX4965943,U5875,2290256913938995,321.09,Darjeeling,2020-08-04,12:54:06,American Express,Walmart,Success,no
TX8623417,U7457,5562090201687253,296.24,Kochi,2023-12-25,14:08:37,Visa,Best Buy,Success,no
TX8470643,U5054,8144736731489726,1245.7,Varanasi,2019-09-26,13:24:25,RuPay,Best Buy,Success,yes
TX8240965,U2742,6024522770098717,949,Varanasi,2024-10-21,07:58:09,RuPay,Walmart,Success,yes
TX6274049,U9941,5266146621303636,387.71,Kochi,2022-02-28,10:21:53,Diners Club,Walmart,Success,yes
TX3648009,U9868,6340013528059016,1069.9,Goa,2024-09-13,11:51:41,MasterCard,Target,Success,no
TX9743841,U9600,1091701898605206,957.36,Leh,2021-07-11,09:52:51,Diners Club,Flipkart,Success,yes
TX1901085,U8415,1224679229272258,1588.92,Darjeeling,2019-07-05,17:59:09,Diners Club,Amazon,Success,no
TX1412532,U2133,0282561534646103,139.34,Darjeeling,2023-04-02,12:09:42,Diners Club,Flipkart,Success,no
TX1160285,U4934,4363612400393353,1708.12,Bangalore,2023-01-24,17:24:12,Visa,Amazon,Success,yes
TX1679234,U4508,4838463797046214,1285.69,Shillong,2024-05-02,09:26:44,RuPay,Apple Store,Success,no
TX8706154,U840,8907937451868892,1076.08,Kolkata,2023-01-19,07:15:03,American Express,Apple Store,Success,no
TX5271275,U5647,0521535259627147,1632.13,Udaipur,2024-05-12,12:06:24,Diners Club,Amazon,Success,no
TX2234874,U6788,2413789121810578,1031.96,Darjeeling,2024-08-23,12:56:54,MasterCard,Best Buy,Success,no
TX1213418,U7565,5911051952312072,1410.42,Varanasi,2018-09-04,15:38:01,RuPay,Flipkart,Success,no
TX3349677,U7768,9790472863728280,290.56,Goa,2022-06-05,13:57:06,American Express,Target,Success,no
TX2257508,U8305,5131928452539082,449.35,Goa,2020-05-26,16:06:05,American Express,Best Buy,Success,no
TX4026088,U8139,1975590175099577,381.69,Varanasi,2020-06-04,01:48:08,Visa,Shell,Success,no
TX8926918,U4422,5919812179900202,603.36,Mandya,2020-01-15,15:00:52,MasterCard,Starbucks,Failed,no
TX2683142,U9599,9188123098244621,1815.35,Varanasi,2018-08-25,10:16:29,Diners Club,Amazon,Success,no
TX2240326,U1527,7680031205449374,763.26,Delhi,2025-05-11,05:18:32,RuPay,Shell,Success,yes
TX1674172,U7125,1485767155117990,654.49,Darjeeling,2020-03-18,09:31:41,Visa,Best Buy,Success,no
TX1549839,U226,8227759668711132,685.9,Kolkata,2022-01-19,11:39:29,RuPay,Starbucks,Success,no
TX5209143,U5932,8867691887801018,568.52,Shillong,2018-08-27,04:27:20,Diners Club,Amazon,Success,no
TX3969233,U567,2759751313126157,1841.45,Hyderabad,2018-06-09,00:07:06,Visa,McDonald's,Success,no
TX8426748,U5363,9892392978326061,881.02,Kolkata,2018-10-27,12:25:22,American Express,Amazon,Failed,no
TX6008955,U2308,9902601402032460,200.72,Hyderabad,2019-12-05,06:02:45,American Express,Walmart,Success,yes
TX8522897,U4802,2395577144155328,1985.35,Goa,2021-08-24,05:36:39,RuPay,Best Buy,Success,no
TX7555149,U3077,4166859594007868,953.15,Kochi,2023-11-29,12:03:16,RuPay,Amazon,Success,no
TX6644081,U5340,1421005386553943,221.2,Hyderabad,2019-03-26,17:58:06,Visa,Starbucks,Success,yes
TX4207787,U3807,5214910794683237,1140.26,Leh,2025-04-28,16:35:27,Visa,Best Buy,Success,no
TX2001541,U8353,5822688274576180,1975.46,Jaipur,2020-11-17,23:34:44,Visa,Shell,Success,no
TX4936912,U9951,6003603275135653,469.21,Mumbai,2021-08-19,20:00:08,MasterCard,ExxonMobil,Success,no
TX1298668,U3129,8959537548791180,1439.27,Bangalore,2023-01-19,14:49:39,Diners Club,Target,Success,no
TX1737984,U6773,7022744217197009,880.74,Hyderabad,2018-12-07,22:59:10,MasterCard,Walmart,Failed,yes
TX3485958,U5890,1013179642307412,1671.67,Udaipur,2019-10-22,23:28:30,MasterCard,Flipkart,Success,no
TX8894745,U1170,3354109622091951,1263.05,Jaipur,2021-07-30,10:28:16,Diners Club,Starbucks,Success,no
TX7311295,U7246,2079465251678081,556.41,Udaipur,2024-06-19,05:49:38,RuPay,Walmart,Success,no
TX1721904,U6845,4775057701440535,1362.09,Kochi,2023-02-17,13:39:46,RuPay,Walmart,Failed,no
TX8700474,U6188,4189886461866952,1446.91,Mandya,2018-03-24,00:58:11,RuPay,Best Buy,Success,no
TX7596001,U514,1924231826556094,885.23,Darjeeling,2019-06-06,20:53:17,RuPay,Walmart,Failed,no
TX1280845,U6408,1436373271311468,763.56,Kochi,2021-06-28,07:03:09,MasterCard,Starbucks,Success,no
TX4329534,U5437,2045384337868695,1173.37,Kolkata,2024-06-04,00:45:53,Visa,Best Buy,Success,yes
TX9649802,U3618,7067237944572500,546.98,Goa,2022-04-19,05:14:17,American Express,Walmart,Failed,no
TX2936410,U7811,5126442623182650,828.95,Hyderabad,2019-06-16,12:46:00,American Express,Target,Failed,no
TX1167773,U5027,2056821448295374,751.22,Udaipur,2025-04-22,15:13:11,MasterCard,Walmart,Success,no
TX3489999,U9226,3076248431676540,1648.1,Leh,2020-02-06,04:33:27,RuPay,Starbucks,Success,no
TX1392922,U4365,6798338623658700,1035.1,Shillong,2020-03-13,20:55:16,Diners Club,Walmart,Success,no
TX6178984,U7652,2092373217664169,50.79,Mandya,2020-12-19,23:11:00,Visa,Best Buy,Success,no
TX7136302,U9659,9326465906589787,248.02,Jaipur,2022-08-19,03:59:10,Visa,Starbucks,Success,no
TX3590364,U2452,3204798197120212,291.64,Shillong,2019-12-31,10:10:16,MasterCard,Flipkart,Success,no
TX6524218,U4988,7737450171203025,1909.38,Darjeeling,2023-10-09,10:33:14,Diners Club,McDonald's,Failed,no
TX8217846,U3796,7740224617160674,1468.41,Jaipur,2020-02-09,05:42:50,American Express,McDonald's,Success,no
TX1613049,U7944,2328882593834853,474.45,Mysore,2025-06-13,01:59:22,American Express,Best Buy,Success,yes
TX2066741,U7763,9522788210742210,819.17,Mysore,2025-02-20,04:40:02,RuPay,Best Buy,Success,no
TX5256314,U8749,2298956929484648,552.69,Kolkata,2021-12-16,01:55:17,Diners Club,Flipkart,Success,no
TX8859587,U3124,0307808189674418,1254.9,Kolkata,2024-08-07,19:08:39,RuPay,Starbucks,Success,no
TX6645262,U7878,3920636055920965,389.3,Kochi,2020-02-28,13:11:10,American Express,Starbucks,Success,no
TX2133041,U8304,4466561874430049,1221.91,Chennai,2019-01-24,01:48:14,Diners Club,Starbucks,Success,no
TX8490707,U1632,8606692377363904,996.15,Shillong,2018-04-03,04:25:29,MasterCard,Best Buy,Success,no
TX3584180,U2926,7660849181584865,899.5,Mysore,2022-07-04,02:45:20,Diners Club,Flipkart,Success,yes
TX8975190,U7848,9240250339717662,89.01,Kolkata,2019-11-28,05:27:53,RuPay,ExxonMobil,Failed,no
TX9245607,U5724,7303303512868912,1264.02,Mandya,2022-08-18,13:04:40,American Express,Starbucks,Success,no
TX3349262,U346,5776202754676873,1091.92,Kolkata,2021-07-01,05:20:33,RuPay,Best Buy,Failed,no
TX9516378,U7520,9935058274886910,82.28,Delhi,2025-06-14,10:28:36,MasterCard,Best Buy,Success,no
TX2011608,U7142,7557062442642968,1906.76,Bangalore,2023-03-25,13:16:04,Visa,Apple Store,Success,no
TX3949249,U8065,2051176153393305,871.44,Hyderabad,2021-07-24,12:41:26,RuPay,Best Buy,Success,no
TX6784446,U8542,8704401901392432,1389.23,Delhi,2019-02-16,14:48:33,Diners Club,Starbucks,Success,yes
TX1941546,U3687,2962504363628743,211.52,Bangalore,2023-06-15,10:51:04,Diners Club,Apple Store,Success,no
TX1442021,U9791,7114189032598967,615.89,Udaipur,2025-05-16,12:21:20,RuPay,Target,Success,no
TX4306614,U2259,0245299092049400,767.71,Varanasi,2018-10-22,00:57:21,Visa,Best Buy,Success,no
TX2720401,U4642,5044300429965004,1556.59,Jaipur,2025-01-27,15:02:34,Diners Club,Amazon,Success,no
TX4221432,U9259,8964400837036433,338.13,Leh,2024-11-13,15:31:35,MasterCard,Apple Store,Failed,no
TX3300708,U6283,9412646111941377,41.87,Bangalore,2022-03-17,11:06:14,Visa,Amazon,Success,no
TX2312544,U3636,9187261361839612,741.29,Bangalore,2018-05-31,01:30:13,Diners Club,Target,Success,yes
TX2762439,U1650,7254915797209979,614.68,Kolkata,2018-10-07,20:00:31,American Express,Best Buy,Success,no
TX1317980,U8943,8823791029514635,87.46,Mumbai,2023-01-03,20:15:24,American Express,ExxonMobil,Failed,no
TX2771040,U8372,0101233303683210,1627.56,Kolkata,2019-09-13,05:23:16,American Express,Walmart,Success,no
TX6822070,U1175,0675539971159416,227.14,Kolkata,2022-02-22,00:02:01,Visa,ExxonMobil,Success,no
TX3337415,U6775,9157645822901054,1186.05,Kochi,2022-01-01,11:56:05,American Express,Amazon,Success,no
TX9394012,U2637,4327982461118454,1148.54,Kochi,2019-05-02,17:41:48,Visa,Walmart,Success,no
TX5920590,U6814,4925481921375955,816.72,Delhi,2018-05-17,19:43:39,Visa,Shell,Success,no
TX8721457,U1114,0029354796223629,1072.85,Varanasi,2018-03-20,20:50:19,American Express,Best Buy,Failed,no
TX9921717,U3318,5021326565869098,1701.15,Darjeeling,2020-03-14,10:24:33,MasterCard,Target,Success,yes
TX8177211,U2065,3814420201228800,1805.92,Jaipur,2025-01-12,03:28:57,Visa,McDonald's,Success,no
TX4724044,U1153,0418610438386875,268.62,Mysore,2021-09-20,12:45:16,Visa,Flipkart,Success,no
TX4050417,U7747,6103833417688878,718.39,Varanasi,2024-01-12,20:25:43,American Express,Walmart,Success,yes
TX2399207,U3522,0566288934093182,1873.42,Kolkata,2021-04-14,06:25:18,Visa,Apple Store,Failed,yes
TX8096624,U2619,7018304790998706,620.33,Hyderabad,2024-10-30,15:47:27,RuPay,Flipkart,Success,no
TX1261632,U3697,9988569839178260,1395.91,Leh,2024-03-05,08:17:37,RuPay,Walmart,Success,no
TX3777374,U6880,7201862858692698,135.28,Udaipur,2021-07-27,14:42:05,MasterCard,Amazon,Success,no
TX1856543,U9322,6069856195975997,1147.49,Mumbai,2019-06-10,07:40:57,RuPay,ExxonMobil,Success,no
TX2310015,U1863,1738480056661097,1414.6,Udaipur,2018-06-11,01:00:18,RuPay,McDonald's,Success,yes
TX8618949,U5104,0120089561919639,552.59,Udaipur,2024-12-31,14:26:44,Visa,Target,Success,no
TX3169532,U9958,3942876420189952,775.61,Shillong,2024-06-03,11:06:06,Diners Club,ExxonMobil,Success,no
TX8461134,U8350,1180239719911638,778.25,Hyderabad,2018-04-11,02:18:37,Diners Club,Best Buy,Failed,no
TX4116003,U7985,0238767587300980,1966.9,Varanasi,2023-03-07,12:32:11,American Express,Apple Store,Success,yes
TX5797337,U7889,0925770826097862,91.84,Mandya,2023-08-01,19:24:20,RuPay,ExxonMobil,Success,no
TX2250241,U9288,2390162372764597,757.06,Mandya,2023-12-12,22:48:47,Diners Club,Best Buy,Success,yes
TX6471971,U7448,8466824851947310,683.44,Darjeeling,2025-05-16,07:46:58,RuPay,Apple Store,Success,no
TX3371706,U1798,3561584723171871,1446.26,Mysore,2021-08-30,14:49:28,Diners Club,Apple Store,Success,no
TX8101325,U2126,2407321427005327,1088.08,Kochi,2018-06-06,08:13:11,American Express,McDonald's,Success,no
TX2933478,U3927,3129919537338015,10.9,Darjeeling,2023-04-22,09:00:10,American Express,Amazon,Failed,no
TX9752903,U1488,2494228757424402,1246.69,Delhi,2023-06-21,20:39:19,Diners Club,Walmart,Success,no
TX2516008,U5325,0698489341856685,839.68,Mysore,2021-04-10,14:49:58,RuPay,Flipkart,Failed,no
TX6057492,U6640,9306856651027348,1680.97,Shillong,2024-01-03,05:13:45,MasterCard,Best Buy,Success,no
TX5109385,U9254,2093564586938140,222.5,Kochi,2020-08-23,22:00:53,Visa,Flipkart,Success,yes
TX8156945,U6745,3961923386331867,1323.51,Delhi,2021-05-20,11:04:42,MasterCard,Target,Success,yes
TX8476876,U9983,1432656318109574,789.9,Jaipur,2021-01-30,01:44:56,American Express,Shell,Success,no
TX4253091,U4280,0991648764197618,1976.46,Chennai,2019-05-10,00:45:15,Diners Club,Target,Failed,yes
TX8578575,U5787,6197544542012721,608.67,Shillong,2024-06-06,15:17:53,Visa,Amazon,Success,no
TX5550678,U6263,0995345751731034,20.21,Kochi,2023-08-27,13:50:22,MasterCard,Target,Success,no
TX2912314,U4509,4309084582704513,1362.75,Jaipur,2022-01-04,14:03:49,RuPay,Starbucks,Success,no
TX5698937,U4808,0923139962571478,1777.39,Udaipur,2022-05-09,17:53:55,MasterCard,Starbucks,Success,no
TX9900932,U4804,3229754339878966,63.21,Chennai,2018-04-08,02:47:05,Diners Club,Target,Failed,no
TX2547997,U5994,0666462899694641,562.94,Udaipur,2023-01-14,04:52:54,MasterCard,McDonald's,Success,no
TX7639530,U7057,7929176609852125,927.38,Jaipur,2020-09-13,18:58:05,RuPay,Amazon,Success,no
TX6546742,U1047,8294482233057148,1548.66,Hyderabad,2020-02-08,00:11:52,RuPay,Walmart,Success,no
TX8652495,U3992,9146335842113599,1454.23,Varanasi,2022-05-08,21:27:50,RuPay,Apple Store,Success,yes
TX4038526,U5003,2551654448307354,618.61,Shillong,2020-09-06,21:42:34,American Express,Target,Success,no
TX6676480,U5804,4957929187597374,1493.42,Mumbai,2023-10-05,23:25:26,MasterCard,Amazon,Failed,no
TX9487547,U8536,7448917719777968,637.93,Shillong,2020-09-24,14:35:14,Diners Club,Apple Store,Success,no
TX9112813,U6696,5381761852364567,1727.92,Jaipur,2021-04-17,09:44:20,American Express,Best Buy,Success,no
TX5218830,U8720,2693820222113310,66.59,Mandya,2021-06-18,18:53:05,MasterCard,Amazon,Success,no
TX6854127,U9428,9666326037431802,950.44,Hyderabad,2023-09-01,13:22:58,MasterCard,Flipkart,Success,no
TX3278677,U705,7042768642036662,926.63,Mysore,2018-07-13,18:39:39,American Express,Shell,Success,no
TX4694958,U1340,1184897010475501,779.79,Kolkata,2023-11-28,08:36:15,Visa,Amazon,Success,no
TX8438913,U1260,2890842063225766,1579.77,Mysore,2020-11-03,10:12:47,RuPay,Best Buy,Success,no
TX1536358,U4297,9653878710581445,385.94,Kochi,2025-06-16,14:32:45,Diners Club,Walmart,Success,yes
TX2962591,U8769,0258572084068066,196.82,Kolkata,2021-06-12,19:59:54,Visa,ExxonMobil,Success,no
TX2373565,U2851,1920199145158734,629.03,Delhi,2020-01-27,22:35:54,American Express,Flipkart,Success,no
TX2093251,U1738,6469510284302824,839.56,Kolkata,2021-02-14,22:24:10,MasterCard,Shell,Success,no
TX3225704,U4837,6758542817352973,1010.52,Goa,2019-02-20,15:28:25,RuPay,Walmart,Success,no
TX5407315,U2148,8202570110704659,709.19,Goa,2024-11-04,09:27:09,Visa,Amazon,Success,no
TX4614442,U3043,6859837121152115,882.32,Mysore,2025-01-09,15:30:24,American Express,Flipkart,Success,yes
TX8826531,U7856,3790977943033824,1170.35,Hyderabad,2023-11-24,11:43:39,MasterCard,McDonald's,Success,no
TX7076107,U1138,7421875297604736,1795.95,Darjeeling,2018-09-05,14:29:57,American Express,Target,Success,no
TX4612422,U2331,3786519474337897,181.92,Mandya,2019-03-23,12:25:19,American Express,Amazon,Success,no
TX6181240,U7176,2050325901401026,1994.83,Shillong,2022-10-04,13:23:08,Diners Club,Walmart,Success,no
TX2417773,U9029,2520299528403068,78.32,Mumbai,2024-06-22,00:30:41,RuPay,Flipkart,Success,no
TX2580218,U8620,5858067807207335,1074.76,Shillong,2022-08-08,20:03:34,American Express,Amazon,Success,no
TX3092510,U8486,5267509721339770,53.67,Chennai,2024-11-17,20:42:04,MasterCard,Amazon,Success,no
TX3348887,U278,8685956012350605,90.28,Chennai,2021-08-31,11:34:18,Visa,McDonald's,Success,yes
TX2250142,U487,1920666657244679,1252.04,Delhi,2025-01-22,17:30:41,Diners Club,Apple Store,Success,no
TX4129482,U8024,2612537687240042,1128.18,Bangalore,2022-09-13,09:20:15,RuPay,Flipkart,Success,no
TX9775408,U7468,5292199242952270,1814.51,Leh,2021-10-04,18:22:47,American Express,Best Buy,Success,no
TX8463674,U8533,4590305557874386,952.42,Goa,2024-01-26,18:47:25,Visa,ExxonMobil,Failed,no
TX6485644,U4143,9476213424333633,1145.92,Goa,2023-12-02,00:56:09,Visa,Starbucks,Success,no
TX1600961,U6182,6673931235530842,1361.64,Udaipur,2021-06-01,21:18:13,Visa,Best Buy,Success,no
TX7388367,U2931,5979711589254111,1141.42,Varanasi,2025-01-14,12:53:12,Visa,Apple Store,Success,no
TX3482934,U7648,1709236998455247,964.04,Bangalore,2021-10-25,16:16:41,Visa,Starbucks,Success,no
TX2574511,U1665,7019607395935707,156.35,Chennai,2023-03-03,05:40:40,RuPay,ExxonMobil,Success,no
TX9103831,U1011,2974811418637285,297.96,Varanasi,2020-08-26,21:02:15,Visa,Walmart,Success,no
TX9132878,U3127,2628073994690439,1641.24,Mandya,2021-06-13,06:19:52,MasterCard,Starbucks,Success,no
TX2181528,U3247,7511181590299195,1096.04,Kolkata,2022-04-18,14:03:22,RuPay,Target,Success,no
TX2058389,U3365,8034490622869617,1868.05,Bangalore,2018-10-17,12:15:02,Visa,Apple Store,Success,no
TX6066843,U4023,8837489379912078,797.46,Goa,2024-03-16,00:56:52,Diners Club,Starbucks,Success,no
TX7551816,U4310,9146383416520950,1243.78,Mysore,2018-10-06,01:21:07,Visa,Best Buy,Success,no
TX7572808,U7261,8489119685867064,843.59,Jaipur,2023-10-16,09:31:35,Diners Club,Flipkart,Success,no
TX4855906,U6524,2418154254781641,965.69,Kochi,2024-10-12,12:47:00,MasterCard,Amazon,Success,yes
TX6608863,U9006,0182314878407715,446.26,Udaipur,2019-05-09,19:47:01,Diners Club,Walmart,Success,no
TX2999925,U7438,7295058045007415,1535.1,Mandya,2024-12-08,11:05:54,Diners Club,Starbucks,Success,no
TX2170094,U9224,5413481637549316,552.54,Darjeeling,2019-08-17,01:58:26,Visa,Shell,Success,no
TX4260436,U5838,9456661121443211,387.07,Leh,2023-08-27,02:36:34,RuPay,Flipkart,Success,no
TX9444890,U2741,3911506483870412,880.91,Shillong,2021-06-17,02:46:37,American Express,Starbucks,Success,no
TX9122736,U2158,1076381793048261,1450.75,Mandya,2023-03-24,23:20:02,Diners Club,Walmart,Success,no
TX8316070,U7774,1780769034201449,1836.93,Mumbai,2021-09-24,07:44:54,RuPay,Shell,Success,no
TX2093673,U8306,1262540580470021,561.48,Mysore,2025-04-29,21:56:43,RuPay,Walmart,Success,no
TX1127872,U8964,2926267358133608,217.29,Jaipur,2020-03-24,00:45:58,Visa,Apple Store,Success,no
TX2679622,U3150,6167345370830501,10.03,Delhi,2019-02-23,16:21:06,Diners Club,Starbucks,Success,yes
TX9911728,U4238,1721733423025931,242.75,Bangalore,2024-01-02,05:46:16,MasterCard,ExxonMobil,Failed,no
TX1981669,U2190,3313775146235965,571.52,Jaipur,2019-08-23,03:34:16,Diners Club,Best Buy,Failed,yes
TX4899130,U2478,1366474809582968,372.1,Darjeeling,2018-05-24,16:46:09,RuPay,Shell,Success,yes
TX5139290,U5306,3875787959313588,1502.45,Mumbai,2020-04-06,22:24:08,Visa,ExxonMobil,Failed,no
TX3807482,U1114,3942630555255024,1229.89,Chennai,2023-07-24,06:12:36,Diners Club,ExxonMobil,Success,no
TX5148120,U4900,6185934963355970,69.48,Chennai,2022-09-06,01:45:33,RuPay,Flipkart,Success,no
TX6979497,U7222,2179037486008679,842.93,Hyderabad,2024-12-20,21:14:50,American Express,Walmart,Success,no
TX4323933,U9678,0580504045609765,1380.33,Darjeeling,2018-03-20,11:40:25,MasterCard,Apple Store,Success,no
TX5155597,U7701,3192701078740500,1615.92,Darjeeling,2018-05-24,03:52:07,MasterCard,Walmart,Failed,no
TX5230487,U1673,2639430766748944,281.96,Leh,2018-06-15,18:43:00,Visa,Starbucks,Success,no
TX9109727,U6113,9506915498524889,341.07,Jaipur,2018-09-10,04:53:51,Diners Club,Apple Store,Success,yes
TX6668467,U1308,3946337572762167,316.54,Goa,2025-01-27,03:53:20,American Express,McDonald's,Success,no
TX5591902,U700,0822417505368336,1153.22,Kolkata,2024-04-18,09:12:35,American Express,Best Buy,Success,no
TX8162530,U6859,7498639134210496,1453.37,Delhi,2023-10-26,04:46:57,Diners Club,Shell,Success,no
TX2469090,U5066,3592666789753375,1762.22,Hyderabad,2023-06-29,04:14:44,MasterCard,Best Buy,Failed,yes
TX4292349,U3323,9519277929471119,1356.46,Chennai,2022-07-04,00:35:56,RuPay,Target,Failed,no
TX5677866,U7502,8134577695723861,1765.1,Udaipur,2018-03-06,21:34:07,Visa,ExxonMobil,Success,no
TX4499602,U6135,9064949891710328,672.44,Udaipur,2019-03-04,06:10:02,MasterCard,ExxonMobil,Success,no
TX3385537,U5330,1233781777368620,246,Shillong,2024-02-20,03:36:18,Visa,Starbucks,Success,no
TX8656401,U7590,0800867719073372,925.42,Bangalore,2021-06-03,04:07:36,RuPay,Flipkart,Failed,no
TX7179076,U9583,2324234826231129,1453.04,Varanasi,2025-04-22,14:31:16,MasterCard,Amazon,Success,no
TX5161466,U3074,3378731576275339,884.87,Hyderabad,2021-04-23,00:15:39,MasterCard,Best Buy,Success,no
TX5692556,U4399,1814202979130000,509.9,Kolkata,2018-09-01,01:00:27,MasterCard,Starbucks,Success,no
TX2347008,U6577,3209087972215187,1583.77,Hyderabad,2023-11-11,04:27:44,American Express,Starbucks,Success,no
TX4513605,U6238,7315950459107057,1299.72,Mysore,2018-06-04,15:28:33,RuPay,Amazon,Success,no
TX4375780,U3271,2484108675657032,1218.41,Darjeeling,2021-08-30,18:33:35,MasterCard,ExxonMobil,Success,no
TX8733721,U4444,0467262815878684,1295.45,Bangalore,2024-04-24,18:40:14,Visa,Best Buy,Success,yes
TX9050735,U4868,1557802354121756,328.81,Goa,2022-09-14,03:58:19,Diners Club,Best Buy,Success,no
TX8441786,U8846,9032864031976669,273.86,Shillong,2022-08-15,23:07:36,RuPay,Amazon,Success,no
TX4303233,U5403,7214779276797790,1964.98,Chennai,2022-06-27,04:35:16,MasterCard,Best Buy,Success,no
TX8456302,U3621,6961893103129495,1977.25,Mandya,2019-12-10,21:43:23,American Express,Apple Store,Success,yes
TX6889232,U3960,3429356439112150,434.21,Delhi,2025-01-24,04:56:13,RuPay,Apple Store,Success,no
TX6426298,U5731,7226437792849004,499.35,Mumbai,2021-09-06,13:59:18,American Express,Amazon,Success,no
TX1999885,U8284,0892993239521760,1322.36,Chennai,2019-08-03,17:15:25,RuPay,Starbucks,Success,no
TX1697151,U5544,1060784862022803,872.42,Bangalore,2019-03-27,22:06:46,American Express,Amazon,Success,no
TX6099671,U8295,8861374661506806,109.41,Udaipur,2020-11-09,20:07:33,Diners Club,Target,Success,no
TX1665885,U3737,6929099219369670,531.66,Udaipur,2018-05-03,01:07:28,American Express,Walmart,Success,no
TX1401610,U4320,1695351997232240,806.95,Chennai,2022-10-07,17:57:47,Visa,Best Buy,Success,no
TX4023152,U6417,5392858556993698,488.69,Kolkata,2021-07-28,02:21:07,Diners Club,ExxonMobil,Success,no
TX6523608,U8925,9144084945362990,1903.09,Bangalore,2025-01-04,09:56:52,MasterCard,McDonald's,Success,no
TX7953910,U9958,9638467358883443,1273.75,Varanasi,2025-04-30,04:05:08,Diners Club,Amazon,Failed,yes
TX3201351,U7170,2516813935895390,356.52,Bangalore,2024-12-26,04:37:11,American Express,Starbucks,Failed,no
TX5911468,U9461,3292340193306158,130.52,Shillong,2021-09-26,16:45:06,Visa,Shell,Success,yes
TX4373608,U5577,8843501462212339,1876.6,Delhi,2022-02-17,10:06:52,MasterCard,McDonald's,Success,no
TX5166923,U8910,6469187185900239,1478.25,Mumbai,2024-05-10,18:21:27,Diners Club,ExxonMobil,Success,no
TX4261775,U4683,8296702235751267,700.6,Kolkata,2023-01-01,08:36:09,Diners Club,ExxonMobil,Success,no
TX3280366,U7154,4239398487190694,324.31,Jaipur,2024-07-10,07:45:49,RuPay,Target,Success,no
TX4480815,U800,2050594132794118,1554.1,Delhi,2023-10-30,18:03:27,RuPay,Starbucks,Success,yes
TX2441176,U4012,1977179709675602,810.37,Mumbai,2018-01-10,13:07:03,MasterCard,Walmart,Failed,no
TX8896652,U8448,7423108957241809,1953.03,Goa,2020-03-15,06:23:46,Diners Club,Best Buy,Success,no
TX2512311,U4187,8238850509780762,1699.33,Kochi,2019-08-26,16:18:45,Visa,Walmart,Failed,yes
TX7061939,U4251,1881669229551801,653.89,Chennai,2024-01-12,06:01:47,Visa,McDonald's,Success,yes
TX4135195,U6780,5360782742777434,206.8,Mandya,2022-01-26,01:04:15,American Express,Flipkart,Success,no
TX3865117,U7563,2861689602779684,141.44,Chennai,2024-08-23,01:59:26,RuPay,Starbucks,Success,no
TX3368967,U2420,0118989455425248,1556.21,Bangalore,2024-01-26,23:32:13,MasterCard,Starbucks,Success,no
TX8618834,U7274,4239285713101818,1045.62,Hyderabad,2020-09-15,10:11:04,Visa,ExxonMobil,Success,no
TX1037193,U2666,5899165403993561,924.62,Kochi,2024-05-06,07:52:17,American Express,Shell,Success,no
TX4279969,U2092,4555349203759493,601.12,Hyderabad,2019-08-27,11:31:11,RuPay,Walmart,Success,no
TX6126740,U860,1672211767873017,60.51,Mumbai,2018-12-23,12:39:12,Visa,Flipkart,Success,no
TX5444727,U3187,6083605666448239,1033.19,Udaipur,2020-12-22,18:34:52,RuPay,Best Buy,Success,no
TX7523813,U3145,7227729308258604,1351.87,Kolkata,2023-10-31,02:33:02,Diners Club,Best Buy,Success,no
TX4220161,U4659,7981859624207578,1921.96,Leh,2023-01-14,11:57:03,American Express,Shell,Success,no
TX6919697,U507,5584371046135399,219.8,Darjeeling,2021-05-28,15:12:59,RuPay,ExxonMobil,Failed,no
TX3872549,U453,9557410813938535,217.02,Chennai,2021-11-12,09:38:21,American Express,ExxonMobil,Failed,no
TX2948170,U936,9436194721742607,1566.38,Mysore,2021-05-22,14:49:44,MasterCard,Starbucks,Success,no
TX7499688,U9421,5127448056720816,715.42,Kolkata,2022-12-07,05:17:30,Diners Club,Shell,Success,no
TX4581700,U2671,6491651867404210,1670.27,Mysore,2019-08-29,15:40:08,Diners Club,McDonald's,Success,yes
TX8661815,U8445,1189794814923924,513.39,Darjeeling,2023-06-24,19:49:25,RuPay,Walmart,Success,no
TX7725828,U7528,6067610548588293,1962.96,Darjeeling,2020-01-19,07:30:55,Diners Club,Flipkart,Success,no
TX2455364,U8494,1514829454878957,1998.9,Jaipur,2021-01-27,09:38:11,Diners Club,McDonald's,Success,no
TX5708361,U7118,7035476599944974,778.02,Darjeeling,2019-04-08,20:49:56,MasterCard,Starbucks,Success,yes
TX1750227,U6127,8337592397144233,1477.32,Kolkata,2018-09-27,04:52:32,Visa,Apple Store,Success,no
TX4893465,U5017,0729464740262836,1124.28,Chennai,2019-03-26,18:55:59,American Express,ExxonMobil,Success,no
TX2294595,U6620,8088777216941927,450.69,Leh,2023-10-03,19:27:12,MasterCard,Walmart,Success,no
TX5159517,U7133,6206887152657577,1904.03,Hyderabad,2021-07-01,19:48:33,Visa,ExxonMobil,Success,yes
TX4672371,U4427,0482161549326889,1661.85,Darjeeling,2025-06-11,19:40:59,Diners Club,Amazon,Success,no
TX6192246,U3364,8867705615544046,206.4,Varanasi,2023-09-04,18:58:32,Diners Club,Starbucks,Success,no
TX9739320,U89,5945730316465870,154.08,Mysore,2022-04-15,01:40:25,RuPay,Shell,Success,no
TX3830160,U1763,7017905397255894,895.83,Kolkata,2021-05-25,08:53:55,Diners Club,Walmart,Failed,no
TX3076159,U6704,7263780795289902,64.59,Chennai,2021-09-03,08:23:02,MasterCard,Best Buy,Success,no
TX6805773,U2314,3514073566692201,165.42,Delhi,2022-05-22,13:12:13,American Express,ExxonMobil,Failed,no
TX7407348,U1241,2263579542099640,180.7,Darjeeling,2024-09-21,00:21:39,American Express,Shell,Success,no
TX2789951,U2288,1779145181877710,297.59,Udaipur,2020-09-20,03:19:53,Visa,Amazon,Success,no
TX8605449,U8141,3912660142252103,1063.16,Mysore,2023-01-27,18:57:44,RuPay,McDonald's,Success,no
TX4447677,U8225,8444525014557606,347.83,Mandya,2018-02-18,12:00:33,Diners Club,ExxonMobil,Success,no
TX5112381,U5334,1470088512728378,1938.36,Mandya,2022-05-27,23:25:42,Visa,Target,Success,no
TX7308067,U6012,0747822351999422,1934.73,Udaipur,2018-03-04,05:28:04,RuPay,Best Buy,Success,no
TX8961230,U2544,0577143002498891,1424.22,Mysore,2023-03-09,03:01:09,Visa,Flipkart,Success,yes
TX2817773,U859,4877069524361096,1888.13,Chennai,2022-02-08,04:13:03,MasterCard,Amazon,Success,yes
TX2486079,U4792,9512337391947017,1893.8,Goa,2020-08-27,19:08:11,RuPay,ExxonMobil,Success,no
TX7725020,U3321,7773002069208986,1486.94,Delhi,2022-07-31,22:14:43,RuPay,Walmart,Success,no
TX1687314,U843,8843659411264346,1106.69,Kolkata,2023-04-01,05:59:26,Diners Club,Flipkart,Success,no
TX2378916,U1372,6474276365174466,658.82,Hyderabad,2019-08-18,17:45:05,MasterCard,Target,Success,yes
TX2163159,U6501,2369555539919290,566.54,Delhi,2024-09-17,15:41:23,RuPay,Flipkart,Success,no
TX3729288,U6456,0158822976400029,225.51,Mumbai,2018-04-05,17:42:24,Diners Club,Amazon,Success,yes
TX8990383,U3236,6390448525925719,343.23,Mysore,2019-04-01,03:37:29,RuPay,Starbucks,Failed,no
TX5407127,U7010,3477028660342678,1254.32,Bangalore,2019-06-07,15:04:08,RuPay,Walmart,Success,no
TX8687975,U3619,2047055174932113,1380.2,Goa,2024-01-04,03:55:23,Diners Club,ExxonMobil,Success,no
TX2530839,U7939,2445165780090302,1043.6,Mandya,2025-06-11,02:27:19,MasterCard,Starbucks,Failed,yes
TX7454092,U1743,4015410886262624,176.54,Mumbai,2024-09-10,00:48:44,Diners Club,Amazon,Failed,yes
TX5392373,U8651,2484219979078395,1132.36,Udaipur,2025-03-14,11:04:43,American Express,Apple Store,Success,yes
TX9785497,U4092,5683401728410638,1494.98,Mandya,2025-05-29,21:18:36,Visa,Amazon,Failed,no
TX7178521,U281,1899163299850177,887.67,Shillong,2024-01-16,03:41:24,RuPay,Best Buy,Success,no
TX4096168,U1991,3557686830332996,1680.2,Kochi,2022-04-12,13:04:12,Visa,McDonald's,Success,no
TX2622437,U1095,7923378042607216,1669.06,Varanasi,2024-07-24,10:49:19,Visa,Target,Success,no
TX4679882,U4159,7728918110360317,784.74,Mumbai,2019-03-24,15:08:01,Visa,McDonald's,Success,no
TX2592353,U6786,4565722791926023,1006.82,Mysore,2021-02-02,12:57:28,MasterCard,Amazon,Success,no
TX3988856,U6732,6624963408259642,407,Mumbai,2018-02-09,11:24:28,MasterCard,Shell,Success,no
TX8662853,U6120,1281219488580234,609.65,Varanasi,2022-03-17,16:39:02,American Express,Apple Store,Success,no
TX7732644,U4056,5849297981008185,508.51,Kochi,2023-05-23,17:30:57,MasterCard,Best Buy,Success,no
TX1504656,U5457,5182444088533148,1461.93,Jaipur,2023-02-27,03:25:28,RuPay,Best Buy,Success,yes
TX6392257,U7162,5890373694120150,495.12,Delhi,2018-11-26,08:48:54,Visa,Apple Store,Success,no
TX2024689,U1386,4700351746767689,66,Chennai,2024-08-19,06:09:55,Diners Club,Best Buy,Success,no
TX4978644,U3956,5873886919314443,459.94,Goa,2019-05-27,05:45:13,RuPay,Best Buy,Success,no
TX3525069,U9684,8927018978516540,1697.67,Darjeeling,2018-05-17,13:12:01,Diners Club,Flipkart,Success,no
TX2991270,U5792,1170215352000817,791.69,Shillong,2021-01-30,07:17:01,Visa,Shell,Success,no
TX4330657,U4011,0364793065310366,1862.94,Hyderabad,2019-08-02,08:38:45,Visa,Starbucks,Success,no
TX9314583,U7240,9346207488759736,1308.67,Darjeeling,2022-09-24,09:21:10,RuPay,Flipkart,Success,no
TX7752750,U6301,1454957600248353,939.34,Mandya,2022-09-02,14:08:37,Diners Club,Shell,Success,yes
TX5856211,U2267,6456297520181090,1481.48,Goa,2019-12-23,13:25:05,RuPay,ExxonMobil,Success,yes
TX6981008,U9329,4587457759278843,1501.16,Mysore,2020-05-15,02:39:25,MasterCard,Starbucks,Success,no
TX8396782,U3009,0333008390463336,259.9,Delhi,2025-05-23,11:32:00,MasterCard,Walmart,Success,no
TX5294163,U4923,8821954999226957,238.73,Mysore,2024-07-25,22:14:14,Visa,Apple Store,Success,no
TX7652522,U614,2601405911424273,1402.67,Hyderabad,2021-07-22,16:30:22,Diners Club,Amazon,Success,no
TX7194087,U2095,2131159223694886,1818.82,Mumbai,2020-01-03,03:58:42,Visa,Best Buy,Success,no
TX1054268,U452,3953916815985816,1449.23,Goa,2019-10-17,18:23:40,MasterCard,McDonald's,Success,no
TX8807046,U2705,4557065323990176,1713.23,Mandya,2022-12-22,22:10:13,RuPay,ExxonMobil,Success,yes
TX1571984,U8847,9736527666329485,1035.16,Mandya,2023-07-06,01:17:57,RuPay,Target,Success,no
TX8210812,U1077,9890194866443248,681.24,Jaipur,2020-10-01,11:16:28,American Express,Apple Store,Success,no
TX4774858,U1470,6405595518413307,115.51,Mumbai,2020-07-28,05:49:59,Visa,Apple Store,Failed,no
TX1024010,U2105,0440101171432804,1697.8,Bangalore,2021-03-06,14:28:07,RuPay,Starbucks,Success,no
TX7098305,U2432,2370905549398763,1618.41,Darjeeling,2023-07-18,03:37:58,Diners Club,Best Buy,Success,no
TX4988801,U6626,2471806515187236,560.2,Varanasi,2020-03-12,08:08:14,Visa,Target,Success,yes
TX4042553,U9715,8950680832050375,1311.95,Mandya,2018-03-05,02:07:10,RuPay,Starbucks,Success,no
TX9129916,U3782,7855791120287965,531.52,Mandya,2018-05-05,16:44:32,American Express,Amazon,Success,yes
TX7013057,U9648,0303634676001342,975.24,Shillong,2019-09-05,05:06:42,Visa,Best Buy,Success,yes
TX7033632,U8939,4979683076392684,498.28,Mandya,2019-01-06,08:24:58,MasterCard,Walmart,Success,yes
TX2788005,U3285,8393340382146303,1857.03,Mandya,2020-09-24,06:16:53,Visa,Amazon,Success,no
TX3765569,U6170,8983149433045855,1824.05,Udaipur,2022-04-09,04:57:51,Diners Club,Walmart,Success,no
TX5430546,U1381,3509552944086284,475.13,Udaipur,2025-06-09,05:24:39,MasterCard,Walmart,Success,no
TX3792079,U1876,8580615245237303,1165.38,Kolkata,2021-12-11,20:58:22,RuPay,Flipkart,Success,no
TX5186282,U8337,5184344215088464,65.86,Udaipur,2022-01-17,00:08:56,MasterCard,Walmart,Failed,no
TX9819293,U2213,1565425733584108,1494.43,Shillong,2019-05-21,02:48:33,MasterCard,Apple Store,Success,no
TX7487654,U2253,9472439582067331,1673.25,Leh,2023-05-29,19:50:56,MasterCard,Shell,Success,yes
TX8824803,U6652,6066178761629303,1011.34,Mandya,2020-04-03,03:48:42,MasterCard,McDonald's,Success,yes
TX9131687,U1161,0999195430373573,564.73,Chennai,2023-09-18,17:56:56,Visa,Amazon,Failed,no
TX7230860,U7325,8084973524155405,1933.09,Mumbai,2023-10-21,16:58:06,American Express,McDonald's,Success,yes
TX5822469,U7896,6238775663025235,1273.81,Chennai,2021-11-14,05:14:29,RuPay,McDonald's,Success,no
TX5450601,U3047,7674073115154949,391.26,Mandya,2018-02-23,12:50:17,MasterCard,Flipkart,Success,no
TX7104665,U2924,5243961751932542,623.25,Darjeeling,2023-12-31,04:04:19,Visa,McDonald's,Success,no
TX8356763,U4150,9541775183827779,783.98,Delhi,2024-09-09,13:47:58,Visa,Walmart,Success,no
TX5434158,U1504,6713547297177286,1999.77,Mysore,2023-03-26,23:37:00,MasterCard,Apple Store,Success,no
TX7063626,U1467,2519827992156666,301.06,Goa,2019-10-22,04:33:09,Diners Club,Shell,Success,no
TX3299364,U4377,3450799106203276,459.81,Delhi,2025-02-03,16:44:22,Diners Club,ExxonMobil,Success,no
TX1683403,U2249,7813511277736203,230.72,Bangalore,2023-04-18,07:21:55,American Express,Best Buy,Success,yes
TX2518890,U2201,9244554610777790,73.01,Darjeeling,2020-03-05,00:10:25,MasterCard,Amazon,Success,no
TX6744956,U7103,5120922347628912,130.22,Jaipur,2021-08-15,14:07:20,Diners Club,Amazon,Success,yes
TX9011554,U9448,6963935551216283,1901.44,Chennai,2021-07-09,22:48:43,Visa,Shell,Success,no
TX2949440,U8641,6539971237575005,1651.13,Goa,2020-06-30,01:37:44,Diners Club,Walmart,Success,no
TX5482184,U7823,2766063270375615,626.05,Darjeeling,2024-09-24,00:03:03,Diners Club,Starbucks,Success,yes
TX3885973,U769,2453854681345521,1104.04,Chennai,2019-08-15,07:32:37,Visa,Amazon,Success,no
TX6058812,U8491,6311884355854227,1032.49,Mysore,2024-08-30,04:17:10,MasterCard,Flipkart,Success,no
TX7783547,U4296,4219936637286258,1195.41,Udaipur,2019-11-18,14:11:32,Diners Club,Amazon,Success,no
TX5359217,U6294,3451200099292706,1643.34,Darjeeling,2024-12-19,06:49:58,American Express,Target,Success,no
TX8703298,U2884,5877806105052173,762.09,Goa,2021-12-24,10:43:39,MasterCard,Flipkart,Success,yes
TX6789978,U4554,1416681853046344,1457.97,Goa,2021-11-12,07:43:03,American Express,Amazon,Success,yes
TX1562474,U2613,6623709129440484,383.16,Udaipur,2021-08-27,20:30:02,RuPay,Target,Success,yes
TX6687877,U9855,9510480487072092,976.14,Mysore,2018-08-14,15:09:08,American Express,Walmart,Success,no
TX7035561,U1731,9385736358405934,680.75,Delhi,2022-12-11,23:26:32,MasterCard,Shell,Success,no
TX9926645,U1095,7386850105362509,1453.73,Bangalore,2019-08-11,19:07:51,Diners Club,Apple Store,Success,no
TX9033006,U6257,9474654358787684,69.34,Shillong,2021-05-31,16:53:14,Diners Club,Target,Success,no
TX6477093,U4962,2934828733856322,1782.63,Mandya,2022-10-25,15:44:47,Visa,Apple Store,Success,no
TX5918061,U2764,9524266669255879,381.88,Darjeeling,2021-12-16,04:42:47,American Express,Shell,Success,no
TX1598900,U6557,1271948309106521,1048.56,Chennai,2023-01-19,14:22:50,Diners Club,ExxonMobil,Failed,no
TX7418011,U4701,1305810684439435,1195.43,Varanasi,2025-07-01,01:27:15,MasterCard,Target,Success,no
TX4025962,U3617,3921375304375831,1608.08,Mandya,2021-03-26,02:17:31,American Express,Flipkart,Success,no
TX1554108,U6957,1776574971103513,963.49,Bangalore,2022-06-04,03:48:24,RuPay,Apple Store,Success,yes
TX5934324,U9346,1731831585660759,1409.35,Udaipur,2025-04-28,10:53:20,Visa,ExxonMobil,Success,no
TX1448818,U7714,7261202406430743,958,Hyderabad,2024-12-02,20:02:42,American Express,Flipkart,Success,no
TX8577796,U8561,7212189497303474,524.21,Udaipur,2019-02-23,22:09:50,MasterCard,McDonald's,Success,yes
TX3834481,U1890,5568904172907317,994.71,Mandya,2018-08-05,15:14:17,MasterCard,Target,Success,yes
TX6800274,U7955,7524276070109706,1511.62,Mandya,2020-09-25,18:55:58,RuPay,Starbucks,Failed,no
TX1226076,U7569,9946707989935578,951.61,Varanasi,2018-02-25,17:58:17,RuPay,McDonald's,Failed,yes
TX5956573,U704,1705830952047108,841.07,Hyderabad,2025-04-13,08:43:26,MasterCard,McDonald's,Success,no
TX4435683,U8668,6083448788113922,791.08,Varanasi,2022-08-06,04:45:38,Visa,Starbucks,Success,yes
TX2843948,U5907,9245350986070583,232.73,Mandya,2019-06-14,21:43:19,Visa,Target,Success,no
TX7750424,U3410,5075387659025324,1140.61,Jaipur,2024-08-28,23:15:34,Visa,Walmart,Success,yes
TX4278779,U4656,5408122019780168,1947.59,Bangalore,2022-08-08,06:16:11,Visa,Best Buy,Success,no
TX4341714,U5584,3001483043987154,1093.08,Jaipur,2021-10-08,14:41:01,Visa,Best Buy,Success,no
TX7177517,U7442,0183479571169051,117.63,Jaipur,2018-12-21,03:34:49,RuPay,Best Buy,Failed,no
TX1315729,U2728,2369052281188853,423.1,Darjeeling,2025-02-24,09:13:01,RuPay,Starbucks,Success,no
TX5175104,U4067,1229897856486581,715.89,Mandya,2024-01-03,19:31:48,MasterCard,ExxonMobil,Success,no
TX6188991,U8976,5875193948345213,1562.84,Mumbai,2021-10-09,04:39:18,American Express,Starbucks,Success,no
TX6544055,U7700,7557102561042694,459.53,Mysore,2018-09-06,08:21:15,American Express,McDonald's,Failed,yes
TX6077421,U2543,8962229540437231,1228.39,Jaipur,2019-10-20,04:48:33,Diners Club,Best Buy,Success,no
TX2844831,U1897,5322279691099849,1799.35,Goa,2021-07-07,09:16:26,Visa,Flipkart,Success,yes
TX7062163,U8447,7085784427409063,11.74,Darjeeling,2022-07-02,22:55:26,RuPay,McDonald's,Failed,yes
TX2029481,U3655,6826835182856490,514.76,Kochi,2023-10-10,16:13:43,Diners Club,ExxonMobil,Success,no
TX4025697,U3180,5435275384001679,883.2,Bangalore,2021-03-22,16:46:12,RuPay,ExxonMobil,Success,yes
TX8583065,U260,7939284419154036,111.7,Jaipur,2020-09-11,15:32:30,Diners Club,Apple Store,Success,yes
TX3039327,U8317,5202662150350093,533.25,Goa,2024-07-02,06:24:23,American Express,ExxonMobil,Success,no
TX5033653,U4759,5583762186714049,1506.31,Leh,2023-08-16,11:06:54,Visa,Flipkart,Success,no
TX4799622,U1304,3538054452566483,1022.72,Udaipur,2024-11-24,08:42:48,Visa,Apple Store,Success,no
TX5530130,U3138,2653026571826800,922.63,Bangalore,2025-03-11,07:17:59,Diners Club,Starbucks,Success,no
TX8248261,U5214,9774607259839470,1923.25,Hyderabad,2025-06-15,14:09:30,Diners Club,ExxonMobil,Success,no
TX1863545,U7863,2813971951791581,233.61,Bangalore,2024-09-23,10:34:51,Visa,Apple Store,Failed,no
TX5516877,U8574,3793444506115294,1032.77,Jaipur,2019-09-15,02:02:00,MasterCard,ExxonMobil,Success,no
TX1484714,U6091,1303809283659505,759.41,Hyderabad,2024-12-18,19:37:22,RuPay,Apple Store,Success,no
TX9057097,U152,3721479204663027,1603.79,Kochi,2024-01-10,23:38:55,RuPay,Flipkart,Success,yes
TX5877956,U6341,3900146336567275,873.19,Kolkata,2018-12-15,11:31:00,American Express,Shell,Success,no
TX4015783,U6132,5854651836425476,1254,Kolkata,2020-01-15,19:26:10,Visa,Walmart,Failed,no
TX4845252,U8482,9100115711149242,1463.97,Goa,2021-04-12,01:16:45,RuPay,Best Buy,Success,yes
TX4451112,U4654,1825978861224168,1031.36,Bangalore,2022-01-02,15:28:52,RuPay,Walmart,Success,no
TX5459210,U436,0134204262004449,696.08,Chennai,2021-02-14,21:02:52,MasterCard,Amazon,Success,yes
TX9200539,U1801,9971578241016255,787.53,Bangalore,2022-06-27,04:24:52,American Express,Flipkart,Failed,no
TX6638963,U643,9742589270373620,327.59,Goa,2022-09-18,12:01:40,Visa,Walmart,Success,no
TX4777125,U5005,2930417159957287,379.71,Shillong,2021-05-06,04:11:38,Visa,Flipkart,Failed,no
TX3777173,U3420,4427554448182491,1856.71,Kochi,2021-02-26,21:48:52,RuPay,Shell,Failed,no
TX9484364,U8548,8649906298042008,40.63,Mandya,2024-05-17,08:16:10,RuPay,Flipkart,Success,no
TX3483402,U7766,6132571397437517,535.98,Delhi,2019-12-12,22:00:48,Visa,Starbucks,Success,no
TX6541720,U7671,2263300579672967,1215.07,Hyderabad,2022-12-17,03:00:33,Diners Club,Apple Store,Success,yes
TX3282714,U7115,8682190002801240,1794.65,Darjeeling,2025-04-08,02:40:52,RuPay,Best Buy,Failed,no
TX5620824,U8798,7360297133983806,297.44,Mysore,2023-01-01,13:55:26,Diners Club,Amazon,Success,no
TX2503902,U4543,9405253774728219,1863.02,Jaipur,2022-04-21,05:06:09,Diners Club,McDonald's,Success,no
TX8154498,U988,6373910188289658,1224.99,Bangalore,2022-03-19,11:40:29,Diners Club,ExxonMobil,Failed,yes
TX7447311,U1725,1572403447848481,397.09,Mumbai,2023-07-04,14:47:58,RuPay,ExxonMobil,Success,no
TX8596490,U6558,3433156826390091,1849.22,Chennai,2024-01-09,13:47:21,Diners Club,Shell,Success,yes
TX9029956,U2574,0627254849802581,1030.18,Kochi,2022-12-06,05:29:16,American Express,Amazon,Failed,yes
TX8964281,U7394,7163003544745271,1636.75,Varanasi,2022-11-08,03:46:52,Visa,Apple Store,Success,yes
TX2198421,U3846,9962126214182126,1296.35,Jaipur,2020-10-26,09:32:37,RuPay,Target,Success,yes
TX5997673,U5449,2569133386650858,544.73,Bangalore,2023-01-22,02:32:58,American Express,Amazon,Success,no
TX1817344,U4272,3167176480198577,323.14,Varanasi,2024-06-25,09:46:15,American Express,Walmart,Failed,no
TX2663260,U5824,8945452052046227,1918.74,Mandya,2024-11-04,10:19:33,MasterCard,Apple Store,Success,no
TX6991598,U6517,3477847931131598,76.21,Kolkata,2025-06-09,18:01:28,MasterCard,Amazon,Success,no
TX1499644,U4747,0691865087997850,1856.85,Varanasi,2018-01-27,08:23:02,Diners Club,Flipkart,Success,no
TX5240153,U2397,6252797806482425,465.67,Mysore,2023-02-26,20:53:24,American Express,Walmart,Success,no
TX4269129,U5013,0743281071355676,669.39,Mysore,2019-07-18,22:14:37,Diners Club,Flipkart,Success,yes
TX9678553,U4619,6139345566602546,1817.48,Jaipur,2021-05-08,02:21:53,Diners Club,ExxonMobil,Success,no
TX4581397,U3139,9829800317106114,1833.5,Mandya,2023-11-07,18:09:33,American Express,Amazon,Success,no
TX3657152,U8028,7156320301029145,1379.21,Kolkata,2020-03-07,10:44:53,Visa,McDonald's,Success,yes
TX8224321,U5317,2893232604662111,1035.2,Kolkata,2020-10-12,06:22:57,Visa,Apple Store,Success,no
TX8852109,U5310,9588356853513386,1593.38,Delhi,2023-10-12,22:28:29,Diners Club,ExxonMobil,Success,yes
TX8025745,U1040,6428935113676700,1131.19,Bangalore,2019-12-30,10:52:18,RuPay,Flipkart,Success,no
TX9760941,U7749,1094196728969977,1647.58,Udaipur,2023-11-02,04:03:02,Visa,Best Buy,Success,yes
TX5510685,U1830,3014949018329237,409.46,Mysore,2019-08-23,05:41:32,MasterCard,McDonald's,Success,no
TX2607508,U5191,0110361661840395,457.42,Goa,2021-08-07,23:55:23,Diners Club,ExxonMobil,Success,no
TX5641898,U847,6412794657244622,1879.92,Delhi,2018-08-10,11:50:36,American Express,Starbucks,Success,yes
TX1453562,U7291,0487685278142549,1776.38,Kochi,2023-07-13,16:47:38,RuPay,Walmart,Success,yes
TX3333414,U1710,5905681140612265,1492.38,Chennai,2020-02-18,12:57:57,MasterCard,Flipkart,Failed,no
TX8441680,U6481,7270578250319565,844.28,Darjeeling,2022-06-19,10:19:07,MasterCard,Starbucks,Success,no
TX7653198,U8483,2590477415678280,1196.66,Chennai,2025-03-11,23:31:19,MasterCard,Amazon,Success,no
TX5090244,U8876,6425134544972497,811.58,Bangalore,2021-01-13,19:39:00,RuPay,ExxonMobil,Success,no
TX1908874,U1938,7115351143830475,393.56,Darjeeling,2020-07-20,08:27:35,Diners Club,ExxonMobil,Failed,no
TX1091469,U7903,8339803074135260,622.64,Mysore,2020-02-07,06:50:58,RuPay,Starbucks,Failed,yes
TX5005205,U3279,6177169623466246,824.69,Chennai,2022-06-13,19:55:22,American Express,Shell,Failed,yes
TX8849227,U2763,6748010203271091,791.07,Kochi,2024-02-26,06:41:45,Visa,Walmart,Success,yes
TX2026375,U4098,8827847413098736,1593.38,Udaipur,2022-07-12,23:29:52,Diners Club,Amazon,Success,yes
TX5799282,U7010,1227030058519541,1579.05,Goa,2025-04-10,04:48:09,American Express,Best Buy,Success,no
TX9049428,U2869,6379933833832858,659.61,Delhi,2024-08-09,22:57:16,Visa,ExxonMobil,Success,no
TX1126936,U6927,8047695841273531,364.18,Chennai,2024-12-23,18:14:03,American Express,Amazon,Success,yes
TX8482836,U5875,5709679523546621,413.44,Chennai,2019-06-16,17:47:07,Diners Club,ExxonMobil,Success,no
TX4306871,U9838,4069515687959826,1329.87,Udaipur,2025-06-16,17:50:52,American Express,Flipkart,Success,yes
TX9734521,U4448,4091486901130563,432.61,Mandya,2024-11-16,12:14:32,RuPay,Apple Store,Success,no
TX2595196,U3985,1975833403756361,830.44,Hyderabad,2020-05-09,16:58:06,Diners Club,Shell,Success,yes
TX6839281,U3405,3752883088518733,183.53,Hyderabad,2022-10-02,18:56:23,MasterCard,McDonald's,Success,no
TX5571266,U889,3756001057576926,1974.9,Mumbai,2019-04-10,00:00:10,Visa,McDonald's,Success,no
TX6455687,U3223,7562498998841239,703.41,Goa,2018-03-05,08:43:40,MasterCard,Apple Store,Success,no
TX6702568,U7973,7366779860688619,236.07,Hyderabad,2022-01-15,10:46:54,RuPay,Walmart,Success,no
TX4555230,U5762,0986092045622333,78.68,Mumbai,2021-07-02,16:13:43,Diners Club,Flipkart,Success,no
TX7551232,U7795,4605393212981501,1828.95,Jaipur,2024-01-14,07:30:26,Visa,Shell,Success,no
TX6200937,U658,7814952385013913,1889.94,Udaipur,2024-09-03,10:53:11,Visa,McDonald's,Failed,no
TX8198577,U1257,8664049753627945,356.64,Udaipur,2018-07-05,16:06:47,Visa,Apple Store,Success,no
TX4411052,U6013,7722168198432685,1423.79,Mandya,2025-06-03,03:48:00,American Express,Amazon,Failed,no
TX7962511,U1328,2249296236048664,1516.94,Kolkata,2022-11-15,07:46:52,Visa,Starbucks,Failed,yes
TX2169277,U9534,6871784417739901,836.1,Hyderabad,2023-07-08,11:15:56,MasterCard,Apple Store,Success,no
TX7583565,U1022,0453145968855437,923.04,Kochi,2019-08-24,08:11:28,American Express,Best Buy,Success,no
TX8701233,U8490,4501359230897872,809.93,Udaipur,2018-08-09,16:51:19,RuPay,Apple Store,Success,no
TX9410699,U2773,3481508383984033,1045.4,Goa,2021-03-24,23:34:51,American Express,McDonald's,Success,no
TX3365046,U3842,8553689509865244,1653.88,Chennai,2024-03-12,02:57:00,Visa,Best Buy,Success,no
TX8537558,U9666,4426362019634979,1861.5,Mandya,2021-09-02,14:02:21,Visa,Best Buy,Success,no
TX8258864,U6285,4860749787870585,1730.25,Udaipur,2023-07-04,15:35:48,American Express,Starbucks,Success,no
TX9067404,U3444,0919317749218992,278,Kolkata,2022-09-10,23:17:49,MasterCard,Apple Store,Failed,no
TX8123640,U312,2449816671937369,606.22,Mandya,2019-01-16,02:06:03,RuPay,Starbucks,Success,no
TX6516112,U5481,4071076907232216,1385.74,Kolkata,2021-08-16,16:09:58,American Express,Shell,Success,no
TX4500216,U1343,7602354673232697,1978.04,Shillong,2021-07-16,10:51:05,American Express,Apple Store,Success,no
TX2888304,U9700,3521052578443062,1991.01,Shillong,2019-10-01,00:51:04,MasterCard,ExxonMobil,Success,no
TX5968850,U4280,2491913105463321,1751.77,Leh,2024-04-13,05:22:23,American Express,Flipkart,Success,no
TX4725544,U6737,5904670490377960,1860.79,Delhi,2024-10-30,07:48:33,American Express,Starbucks,Success,yes
TX6138865,U9770,8010108117088637,445.45,Leh,2023-03-15,21:57:39,Diners Club,Walmart,Success,no
TX2112943,U8135,5325325903582671,807.79,Mandya,2021-07-16,15:36:14,MasterCard,McDonald's,Success,yes
TX8028666,U7306,7979299540977581,354.71,Varanasi,2024-07-24,06:19:11,Diners Club,Target,Success,no
TX2072417,U1646,0239928744479892,327.19,Hyderabad,2024-09-04,11:15:29,RuPay,Apple Store,Success,no
TX9667903,U8438,5644182403704951,528.38,Varanasi,2022-10-08,07:44:19,Visa,Best Buy,Failed,no
TX9405006,U3466,7465358483130649,859.25,Shillong,2019-03-27,01:46:27,RuPay,Shell,Success,no
TX3330078,U1513,8082822527356630,575.87,Mumbai,2024-03-21,19:04:46,American Express,ExxonMobil,Success,no
TX8772908,U2984,3264452526794236,1582.99,Chennai,2024-08-30,13:06:11,MasterCard,Walmart,Failed,no
TX2130052,U6491,8995484661384055,723.4,Goa,2024-09-27,21:21:07,Visa,ExxonMobil,Success,yes
TX8831634,U3770,2144246900945534,444.13,Hyderabad,2023-09-09,01:16:51,RuPay,Best Buy,Success,no
TX1264757,U2788,4971069356590200,413.41,Bangalore,2025-03-25,02:21:20,American Express,Amazon,Failed,no
TX6047091,U8095,7129700140326534,464.74,Mumbai,2023-09-03,05:54:45,MasterCard,McDonald's,Success,yes
TX4269665,U2236,4869076197552097,1033.91,Bangalore,2020-08-05,11:21:15,Diners Club,Flipkart,Success,no
TX3523080,U4418,2526032860102526,1340.15,Leh,2021-04-20,05:25:49,Diners Club,ExxonMobil,Success,no
TX9501517,U9468,7672791894247832,1720.87,Leh,2018-01-22,16:32:02,Diners Club,Target,Failed,no
TX8845934,U2534,7910518490773596,452.53,Kochi,2018-11-04,15:55:12,RuPay,Flipkart,Success,no
TX4328944,U8530,4816303034323051,766.3,Kochi,2024-07-06,13:20:54,MasterCard,Best Buy,Success,yes
TX5896793,U4708,6486427281553869,1778.16,Bangalore,2020-08-25,09:24:52,Visa,Apple Store,Success,no
TX6428327,U322,6136170449053955,234.73,Darjeeling,2021-07-03,20:02:36,RuPay,Target,Failed,no
TX6972033,U6945,3656675672121023,452.36,Bangalore,2018-08-23,12:23:03,Diners Club,Walmart,Success,no
TX6342677,U4597,0671396966633522,1522.9,Shillong,2024-10-19,16:28:58,Diners Club,Apple Store,Success,no
TX2659272,U24,0467212352868728,1329.02,Delhi,2020-06-21,10:01:28,Visa,Walmart,Success,no
TX2744910,U6103,6634595822688471,778.92,Darjeeling,2018-05-09,14:13:14,American Express,Amazon,Success,no
TX3231767,U5733,6524859774941105,133.73,Goa,2020-12-25,20:46:52,MasterCard,Best Buy,Success,yes
TX8739220,U4120,9917182419079794,1896.02,Mysore,2024-07-07,18:08:19,RuPay,Apple Store,Success,no
TX1968247,U1508,3562598040864970,1670.23,Mandya,2019-11-15,11:27:08,Visa,Amazon,Success,no
TX3637515,U6024,2878928170133366,135.24,Shillong,2025-01-31,23:48:48,RuPay,ExxonMobil,Success,no
TX5562339,U3713,2199907244817766,1814.79,Delhi,2024-01-03,12:18:08,American Express,Flipkart,Success,no
TX8990201,U494,2602707881674205,1258.38,Jaipur,2020-09-05,15:47:27,MasterCard,Starbucks,Success,yes
TX8917175,U887,8706328282356967,258.22,Mumbai,2022-08-05,18:40:33,Diners Club,Target,Success,no
TX5703014,U9724,9015539845715287,230.55,Kolkata,2024-09-15,01:36:42,MasterCard,ExxonMobil,Failed,no
TX2176188,U4305,5755849739858487,682.02,Mandya,2019-08-11,11:45:06,MasterCard,Walmart,Success,no
TX6481026,U8375,3731298919173377,789.67,Darjeeling,2023-12-02,14:19:53,RuPay,Flipkart,Success,yes
TX8794320,U4111,4233511442369923,756.6,Kochi,2021-11-04,09:14:56,American Express,Walmart,Success,no
TX3592909,U1124,9880416916611719,733.95,Darjeeling,2019-10-11,03:32:11,RuPay,Shell,Success,no
TX7278431,U2476,3015421923342531,1265.22,Chennai,2025-02-07,03:38:41,Diners Club,Shell,Success,no
TX2804301,U7612,2029632779064189,155.6,Jaipur,2018-05-29,01:58:17,Diners Club,McDonald's,Success,no
TX8279395,U5099,6127708336302567,729.64,Mumbai,2020-11-11,06:20:51,American Express,ExxonMobil,Success,no
TX5082601,U1052,0037285054897090,648.15,Goa,2018-05-07,09:12:38,American Express,Shell,Success,yes
TX6192007,U2979,7896988402959416,953.58,Shillong,2022-12-24,05:57:47,Diners Club,Starbucks,Failed,no
TX8452155,U6258,6423648495735022,1489.96,Leh,2024-04-05,04:01:19,MasterCard,Flipkart,Success,no
TX4617851,U9944,5192571915135532,325.34,Mumbai,2024-03-21,06:07:08,RuPay,ExxonMobil,Success,no
TX1780745,U3334,4525355835229707,678.81,Varanasi,2020-07-18,03:37:21,American Express,Target,Success,no
TX5068805,U6427,9193207446485196,1927.39,Mumbai,2024-12-03,08:00:25,Diners Club,Apple Store,Success,yes
TX1798140,U2156,0652626690593314,235.94,Kolkata,2024-09-26,22:50:23,Diners Club,Walmart,Failed,no
TX8652074,U4415,0440905355369716,194.64,Shillong,2024-08-04,20:53:49,Diners Club,Apple Store,Success,no
TX6642758,U3282,0902832870117141,992.37,Bangalore,2021-06-21,10:29:29,Diners Club,Flipkart,Success,no
TX2493404,U6507,7969932298360629,1992,Mandya,2023-10-07,23:33:08,MasterCard,Shell,Success,yes
TX5574272,U9672,8494495772265440,1853.67,Mumbai,2024-10-05,22:18:36,American Express,Starbucks,Success,no
TX6596010,U5947,6609725193629893,1450.42,Darjeeling,2022-08-08,10:36:41,American Express,Best Buy,Success,no
TX6191704,U572,2635575635697709,924.94,Varanasi,2021-09-14,14:02:48,American Express,McDonald's,Success,no
TX2450249,U4843,3130554385443970,1395.01,Leh,2024-07-16,11:52:56,RuPay,Best Buy,Success,no
TX8215853,U2293,9382662105732127,152.75,Kochi,2018-09-09,00:13:32,Visa,McDonald's,Success,no
TX3987107,U6008,4858995502765004,1585.66,Shillong,2020-11-23,11:20:01,American Express,Shell,Success,no
TX1069891,U9996,5338606251562190,1119.06,Udaipur,2023-12-18,13:41:08,RuPay,Apple Store,Failed,no
TX7349002,U7330,6159128860373447,1263.98,Mandya,2024-10-09,05:42:51,American Express,Walmart,Failed,no
TX1129632,U4592,4119470855968819,694.13,Hyderabad,2020-02-23,21:13:41,MasterCard,ExxonMobil,Success,no
TX2794243,U7972,5192162094844819,674.23,Jaipur,2019-02-24,06:09:22,RuPay,Best Buy,Success,no
TX5952362,U4731,6861723072276677,737.51,Shillong,2025-03-22,03:29:47,Diners Club,ExxonMobil,Success,no
TX2186980,U1345,4615479531924200,1001.3,Jaipur,2023-05-25,23:23:35,Diners Club,Best Buy,Success,no
TX4226059,U9780,9572127341235013,452.01,Darjeeling,2023-06-18,22:58:03,Diners Club,Apple Store,Failed,no
TX2047168,U6897,1683678505397383,1349.13,Kolkata,2019-08-06,00:39:42,American Express,Flipkart,Success,yes
TX5756335,U3063,7021561978847463,946.84,Chennai,2021-04-16,21:27:59,RuPay,Best Buy,Success,yes
TX1094283,U8361,4718937712368597,302.04,Delhi,2025-01-31,08:44:09,RuPay,Apple Store,Success,yes
TX2132015,U151,3077057046645473,529.92,Mumbai,2018-01-08,22:00:44,RuPay,Shell,Success,yes
TX1083433,U599,0875460802097464,695.48,Mandya,2021-02-17,22:01:36,American Express,Target,Success,yes
TX1669671,U7891,3902315279895721,899.83,Chennai,2024-11-27,02:00:17,Diners Club,Starbucks,Success,yes
TX9557123,U3364,6072142845289127,1802.4,Leh,2023-01-12,14:47:22,Diners Club,Best Buy,Success,no
TX5821732,U4473,4696081884240952,1663.59,Jaipur,2022-07-14,20:10:18,RuPay,Starbucks,Success,yes
TX7194210,U9353,2756147947711306,1671.01,Mysore,2021-03-09,23:44:01,American Express,Apple Store,Success,no
TX2059248,U6830,3622300686438766,828.9,Leh,2018-07-02,09:36:40,RuPay,Walmart,Success,no
TX2740179,U9063,9574752607744988,496.48,Udaipur,2023-12-23,12:23:06,RuPay,Target,Success,yes
TX8494939,U2582,7980871322410191,458.44,Mysore,2019-03-11,05:12:36,MasterCard,ExxonMobil,Success,no
TX6917524,U1512,9300247278087097,1925.01,Kolkata,2023-04-13,22:21:50,Diners Club,Flipkart,Success,no
TX2209880,U667,9490313790701225,1810.84,Kolkata,2024-09-27,18:46:55,American Express,Walmart,Success,no
TX7052953,U9995,8484161397700478,848.01,Delhi,2019-07-07,19:53:10,Diners Club,Starbucks,Failed,yes
TX7398037,U6560,8130391274381055,1144.29,Hyderabad,2022-04-01,04:44:08,Diners Club,Starbucks,Failed,no
TX9934073,U8027,6904548453678872,1816.77,Bangalore,2020-04-15,00:23:13,MasterCard,Target,Success,no
TX2408875,U8234,6213824039776561,523.15,Mandya,2023-03-09,00:20:26,Diners Club,Target,Success,no
TX1883069,U6512,4736884355963096,1354.14,Goa,2022-05-02,19:24:21,Diners Club,Amazon,Success,no
TX2452499,U3488,6051096338810155,1567.5,Udaipur,2022-02-14,00:18:45,Diners Club,Flipkart,Success,no
TX8621618,U4947,5079828742688508,889.84,Mandya,2019-03-08,22:46:12,Visa,ExxonMobil,Failed,no
TX8830623,U7600,3839875572184323,992.06,Leh,2022-08-27,22:18:17,MasterCard,Best Buy,Success,no
TX7370390,U1548,3304160368454380,567.07,Jaipur,2020-06-21,08:45:01,Diners Club,Walmart,Success,no
TX7271566,U6409,0415040348031290,1758.91,Shillong,2018-01-14,01:57:33,MasterCard,Walmart,Success,no
TX9056718,U5908,8551293738749944,1492.34,Mumbai,2020-12-25,17:45:05,American Express,Best Buy,Failed,no
TX1069558,U3116,6174922924519217,880.03,Hyderabad,2020-03-06,20:47:44,American Express,Amazon,Success,no
TX2367209,U4692,4674451796196179,210.63,Mumbai,2024-09-28,09:54:09,RuPay,Apple Store,Success,yes
TX9795954,U2899,9706726167329101,809.51,Leh,2019-11-24,10:30:38,MasterCard,McDonald's,Success,no
TX8039995,U4253,6821482952963999,1483.56,Chennai,2020-11-29,14:15:45,MasterCard,Walmart,Failed,no
TX6207231,U558,4764691218233616,531.59,Udaipur,2019-05-25,04:49:08,Diners Club,Best Buy,Success,no
TX7368461,U4914,7508323318949264,1028.21,Kolkata,2018-05-17,16:51:29,American Express,Apple Store,Failed,no
TX5506708,U9765,5672619200070154,1317.34,Delhi,2021-01-28,01:51:51,MasterCard,Walmart,Success,no
TX1634065,U8282,4882322373093956,866.2,Udaipur,2019-10-13,23:39:30,MasterCard,Best Buy,Success,yes
TX6976366,U8192,3997420231080418,163.67,Udaipur,2024-03-27,23:35:35,Visa,Target,Success,yes
TX4940998,U3123,6890359602613869,723.74,Hyderabad,2022-02-26,04:21:36,MasterCard,McDonald's,Success,no
TX1974456,U8981,2445647495419058,1618.32,Bangalore,2024-08-01,20:41:57,RuPay,Flipkart,Success,no
TX4757590,U2858,7940492697707052,1756.07,Leh,2018-07-22,16:56:51,MasterCard,Best Buy,Success,no
TX2143559,U1365,6124790171295101,1532.17,Hyderabad,2022-10-06,18:11:53,Diners Club,Best Buy,Success,no
TX1421213,U9887,3190989778016728,561.1,Goa,2018-02-05,15:13:10,Diners Club,ExxonMobil,Failed,no
TX7000869,U5052,5279476851516435,1288.39,Varanasi,2019-11-16,02:07:05,RuPay,Flipkart,Failed,no
TX5909810,U2055,9961163417781069,1080.86,Chennai,2018-01-20,00:19:09,MasterCard,Target,Success,no
TX7116123,U3210,1843380324569212,1055.85,Shillong,2021-08-22,19:45:48,RuPay,McDonald's,Success,no
TX6099008,U5764,0185441345711206,194.19,Chennai,2021-06-23,07:29:59,MasterCard,Apple Store,Success,no
TX3638779,U8448,7693122573110183,600.35,Mumbai,2020-05-30,21:44:00,American Express,ExxonMobil,Success,no
TX2928714,U699,6689061112250540,1413.6,Mandya,2018-01-31,10:08:36,RuPay,McDonald's,Success,yes
TX4777978,U1098,7688978787303835,512.38,Varanasi,2020-11-13,21:59:42,MasterCard,Apple Store,Success,no
TX1636487,U1279,6488375787395846,546.65,Shillong,2020-06-07,12:51:17,Visa,Walmart,Success,no
TX1057084,U7218,6979900337800536,792.52,Jaipur,2024-04-13,11:16:43,RuPay,Shell,Success,no
TX9058494,U8581,6876710786942492,790.01,Goa,2024-01-06,09:27:39,Diners Club,Flipkart,Success,no
TX5827920,U6359,3234679027968695,1370.6,Bangalore,2021-07-23,01:20:05,RuPay,Apple Store,Success,no
TX2700237,U6684,0050598549440071,350.16,Leh,2025-01-03,23:57:50,Diners Club,Target,Success,yes
TX2437888,U387,9162276545940079,596.05,Varanasi,2024-02-12,23:34:33,MasterCard,Best Buy,Success,no
TX4810107,U779,9549816481043734,630.94,Udaipur,2022-11-08,14:48:43,Diners Club,Best Buy,Success,no
TX3377136,U5263,2595838632445566,1347.25,Darjeeling,2018-11-02,00:36:46,MasterCard,Walmart,Success,no
TX2872157,U5297,4643843451247135,1517.98,Kolkata,2022-07-22,07:27:57,American Express,Walmart,Success,no
TX8765346,U353,8926711252195759,523.63,Leh,2024-12-07,15:33:25,Visa,Target,Success,no
TX1893029,U1162,9773247358773057,16.42,Kochi,2025-06-03,03:31:43,RuPay,Starbucks,Success,no
TX9354951,U6803,7508770029636413,302.57,Bangalore,2022-03-08,20:21:04,American Express,Shell,Success,no
TX4650199,U6064,1451928494248921,1632.87,Udaipur,2024-08-14,12:55:30,American Express,Amazon,Success,no
TX5135866,U4361,2235064587169896,1469.06,Delhi,2018-07-27,14:06:48,Diners Club,Amazon,Success,no
TX2251791,U9458,3342699789600618,40.14,Varanasi,2023-01-29,06:19:57,MasterCard,Starbucks,Success,no
TX6845615,U2099,1221023062104116,1488.31,Varanasi,2025-04-06,07:25:35,RuPay,Best Buy,Success,no
TX5383022,U7348,2016059059727588,1591.38,Kochi,2019-07-04,10:06:09,Diners Club,Flipkart,Success,no
TX8403005,U3534,4544163492382800,298.09,Kolkata,2023-01-07,22:56:10,RuPay,Target,Success,no
TX2723615,U5029,2296844666455968,1201.9,Hyderabad,2021-03-25,00:10:48,Visa,Walmart,Success,no
TX6103285,U1129,5870486086520444,915.17,Bangalore,2020-10-14,02:25:22,American Express,Starbucks,Success,no
TX4979316,U2447,0627163662849992,1047.87,Shillong,2020-11-14,00:53:55,American Express,Walmart,Success,no
TX7867242,U7323,2769566234302697,180.55,Chennai,2022-03-22,05:10:39,American Express,Best Buy,Success,no
TX3282135,U8978,0112390825879937,1491.25,Hyderabad,2020-03-18,09:32:25,Visa,Target,Failed,no
TX6420924,U3085,4606384166392350,403.08,Varanasi,2018-09-04,13:11:44,American Express,Apple Store,Success,yes
TX7467568,U5013,3834535874652498,1919.81,Darjeeling,2020-12-28,11:39:21,RuPay,Shell,Success,yes
TX6920137,U9747,7803342925028727,1423.2,Kochi,2021-11-25,05:57:39,American Express,Shell,Success,no
TX9601145,U9482,1166472814092869,356.23,Bangalore,2018-05-18,06:23:46,American Express,Amazon,Failed,no
TX9815879,U1525,0971479521271589,951.47,Chennai,2022-12-12,08:54:20,Diners Club,Shell,Success,no
TX3431781,U2417,5395167797391415,325.85,Mumbai,2024-07-31,12:14:36,Diners Club,Apple Store,Success,yes
TX4402117,U8825,4189916443521304,1039.15,Mandya,2023-01-07,02:12:19,Visa,Shell,Success,no
TX6791057,U6916,5254159870092998,822.3,Delhi,2018-03-27,20:12:26,RuPay,Target,Success,yes
TX2333202,U1036,9085810850002290,267.06,Delhi,2023-05-26,14:20:07,American Express,Amazon,Failed,no
TX4710041,U968,5428476242769933,1645.65,Kochi,2021-05-12,05:00:59,MasterCard,Apple Store,Success,no
TX4563227,U4066,5320390206653330,1225.7,Jaipur,2023-06-08,03:08:52,MasterCard,Starbucks,Success,no
TX7483645,U8633,3519468498380329,297.5,Kochi,2023-04-29,16:42:29,MasterCard,Shell,Success,yes
TX6413151,U3209,7651184745061113,445.43,Goa,2021-09-14,14:20:24,Diners Club,Walmart,Success,no
TX9901659,U349,1953306590845501,861.35,Bangalore,2020-10-14,02:10:54,American Express,Walmart,Success,no
TX8120353,U4799,2327769971186956,1477.49,Darjeeling,2021-05-10,04:51:49,American Express,Walmart,Success,no
TX2970854,U5587,9496854232917940,911.03,Bangalore,2020-09-18,07:24:21,Visa,Flipkart,Success,no
TX9228657,U439,2190799404173737,622.2,Chennai,2025-02-28,07:27:20,RuPay,Target,Success,no
TX9568723,U2017,3176036575036626,698.83,Udaipur,2019-07-30,11:00:25,American Express,Apple Store,Success,yes
TX4315305,U2986,5063787408985276,500.14,Goa,2019-05-08,15:41:43,Diners Club,Apple Store,Success,no
TX6681125,U8888,8956776279449164,1489.64,Delhi,2020-03-15,05:45:32,Diners Club,Best Buy,Success,no
TX5189741,U5814,9754691755700309,29.96,Hyderabad,2020-02-07,01:25:32,Diners Club,Best Buy,Success,no
TX4581563,U8906,7762212005606608,604.44,Udaipur,2021-12-13,17:21:18,Visa,Starbucks,Success,yes
TX9551881,U1834,4690825683231834,1962.8,Mandya,2021-12-09,15:08:34,American Express,Shell,Success,no
TX5890820,U227,9919942695027711,1959.73,Darjeeling,2022-04-10,11:38:54,Visa,Starbucks,Success,no
TX2734060,U5446,7783973834361812,1691.47,Leh,2022-09-18,19:00:08,Visa,Shell,Success,no
TX3302114,U2725,3516670865839007,1154.67,Mandya,2021-06-01,07:38:14,RuPay,McDonald's,Success,yes
TX4692839,U4276,4286932820901083,753.3,Mandya,2018-07-08,11:04:57,RuPay,Starbucks,Success,no
TX5653398,U4214,2499262918879761,38.05,Bangalore,2018-09-25,23:35:33,RuPay,McDonald's,Success,no
TX8452979,U7000,3961788826740485,1163.81,Leh,2021-01-22,03:55:30,Visa,ExxonMobil,Success,no
TX9499461,U5922,0080184260190384,1059.39,Mandya,2025-02-28,14:54:14,RuPay,Starbucks,Success,no
TX9575154,U8636,2776867678116965,1591.16,Darjeeling,2022-09-10,20:50:16,Diners Club,Best Buy,Success,yes
TX5072942,U2502,1804627116877475,846.32,Hyderabad,2022-05-07,22:54:07,Visa,McDonald's,Success,no
TX9653797,U8355,8148647426287201,1647.42,Mysore,2021-02-08,17:34:06,MasterCard,Amazon,Success,no
TX5471692,U2351,9073564305579706,1798.96,Goa,2023-08-06,03:28:09,American Express,ExxonMobil,Success,no
TX8303259,U7912,1943272744690943,736.2,Kochi,2019-10-28,12:14:48,Diners Club,Flipkart,Success,no
TX6979622,U2648,9844692682932721,130.95,Mandya,2019-10-11,23:12:13,American Express,Apple Store,Failed,no
TX8709182,U1787,7207016181332133,1292.16,Delhi,2019-05-24,10:11:36,MasterCard,Target,Success,no
TX1320986,U6330,5415877422667270,1521.35,Goa,2019-11-05,09:35:56,RuPay,Walmart,Success,no
TX8130863,U2539,4091976846387602,669.24,Mumbai,2021-05-20,18:01:13,Diners Club,ExxonMobil,Success,yes
TX7133709,U5562,9849975284201102,284.42,Hyderabad,2021-12-28,19:50:20,Diners Club,Apple Store,Success,no
TX8353180,U8089,4545964058834027,419.92,Kolkata,2018-05-14,22:14:04,Visa,Target,Success,yes
TX1877698,U2908,4230266898174728,1683.35,Varanasi,2023-02-07,13:43:28,American Express,Starbucks,Success,no
TX9323433,U5043,0391355000889627,490.11,Kochi,2023-11-14,01:41:01,Diners Club,Apple Store,Success,no
TX7773940,U5630,7309166339713329,90.8,Varanasi,2018-09-01,09:39:47,American Express,ExxonMobil,Failed,no
TX3828126,U4007,2410721425092879,1318.14,Darjeeling,2022-03-20,04:11:39,Visa,Shell,Success,no
TX3426425,U3891,5227162774967035,610.66,Leh,2022-12-31,08:24:11,Diners Club,Amazon,Success,yes
TX2473134,U8018,8865202035265430,1055.32,Udaipur,2021-02-13,03:07:25,American Express,Amazon,Success,no
TX6220847,U6728,6257879031311890,871.22,Goa,2019-01-24,17:39:38,American Express,Best Buy,Success,no
TX4349524,U3438,6806445841456764,1590.78,Goa,2022-06-16,02:53:24,RuPay,Amazon,Success,no
TX6987497,U3360,0836737718565619,618.09,Darjeeling,2022-01-13,19:28:40,Diners Club,Flipkart,Failed,yes
TX7916321,U1997,5863861648955155,1305.75,Kochi,2023-07-05,12:15:40,MasterCard,Flipkart,Success,yes
TX4458537,U2524,6487953037508427,508.76,Mandya,2019-10-01,17:47:00,Visa,Starbucks,Success,no
TX2375456,U1409,0368471512317303,930.99,Chennai,2023-09-19,12:00:45,RuPay,Shell,Success,no
TX7465195,U3129,3195217933671862,488.39,Varanasi,2018-09-23,02:13:05,Diners Club,Apple Store,Success,yes
TX1731383,U2690,8755884219390566,1549.57,Goa,2019-08-07,17:15:06,Visa,Starbucks,Success,no
TX7137704,U1256,3442669169732550,1339.82,Chennai,2020-10-22,05:58:59,MasterCard,Apple Store,Success,no
TX3726831,U1796,9428997424791344,74.2,Kolkata,2022-05-09,10:29:30,Diners Club,Starbucks,Success,no
TX1589862,U6853,0795898919002153,792.18,Darjeeling,2020-03-31,15:02:49,MasterCard,Starbucks,Success,no
TX4169758,U9840,0602492507131906,1434.29,Darjeeling,2019-04-10,19:48:10,MasterCard,Shell,Success,no
TX1672900,U5957,4651680162876324,1451.34,Kolkata,2021-06-06,08:55:10,MasterCard,Apple Store,Failed,no
TX6054406,U5743,4113454046935943,1505.61,Kochi,2018-05-28,07:36:42,Visa,Starbucks,Failed,no
TX2957058,U4276,7422271316325713,645.18,Varanasi,2021-08-18,14:03:47,Diners Club,Walmart,Success,no
TX2663008,U2258,8916898586572726,1231.34,Kochi,2021-05-29,17:46:46,American Express,Amazon,Success,yes
TX1181820,U1417,3939583782145327,1232.7,Varanasi,2023-06-27,06:10:51,American Express,Starbucks,Failed,no
TX4078881,U5323,2060030525270446,342.98,Hyderabad,2018-06-05,20:07:03,American Express,Best Buy,Success,yes
TX4867135,U665,6923549037928991,890.76,Bangalore,2019-08-14,07:21:04,Visa,Amazon,Success,no
TX4209068,U5525,0424254671187405,1528.19,Udaipur,2023-11-26,14:33:19,Visa,Best Buy,Success,no
TX6885639,U2883,5547714455671375,1480.62,Jaipur,2019-01-19,22:50:53,MasterCard,Walmart,Success,no
TX6554589,U1607,3248712995220451,296.41,Darjeeling,2024-01-23,16:00:54,Diners Club,Apple Store,Success,yes
TX9315886,U8287,2743258727669461,466.21,Udaipur,2018-06-17,09:44:31,RuPay,Shell,Success,no
TX5068508,U5680,3713717405327300,890.67,Bangalore,2024-05-25,00:46:13,American Express,Walmart,Success,no
TX3891658,U8349,2759151220318296,791.5,Mandya,2018-09-24,06:10:35,RuPay,Target,Success,no
TX9395166,U1715,6057249634718922,184.75,Mandya,2020-02-20,16:07:51,Diners Club,Walmart,Success,no
TX8970792,U9395,9718713254569134,761.82,Chennai,2019-05-17,00:41:58,RuPay,Target,Failed,no
TX7487815,U8859,3199869612840498,1834.19,Leh,2023-06-13,06:14:06,Diners Club,McDonald's,Success,no
TX5011953,U7865,6025680182599411,826.32,Delhi,2025-06-22,19:34:25,American Express,Starbucks,Success,no
TX2068352,U4573,4068903240496176,1210.24,Goa,2018-09-04,05:45:23,Visa,Starbucks,Success,no
TX9250398,U6751,9082385210528778,1753.84,Kolkata,2019-12-24,05:29:53,RuPay,ExxonMobil,Success,no
TX9209539,U6280,7288485889530088,1257.2,Udaipur,2022-12-28,17:17:45,MasterCard,McDonald's,Failed,no
TX9173301,U4573,4253794635290578,1739.52,Leh,2019-05-16,16:54:14,RuPay,Flipkart,Failed,no
TX7550955,U7054,5296893310492745,1762.8,Delhi,2018-11-11,14:31:13,Visa,Starbucks,Success,no
TX2716058,U2374,0215542159193760,1637.95,Udaipur,2022-04-29,13:15:24,American Express,Amazon,Failed,no
TX2500459,U5269,0722122135157511,247.67,Kolkata,2019-06-16,17:26:00,Visa,ExxonMobil,Success,no
TX5943359,U2454,9718485719929263,1780.69,Mysore,2024-03-17,21:23:26,American Express,Flipkart,Success,no
TX7342935,U2132,2153610736909763,125.53,Bangalore,2021-06-15,15:36:42,MasterCard,Walmart,Success,no
TX3700285,U3927,9004041567178383,1456.4,Goa,2022-05-21,02:19:14,American Express,Best Buy,Success,no
TX2530827,U1243,5711857160836500,1103.09,Varanasi,2019-09-04,04:53:02,Diners Club,Apple Store,Success,no
TX3926644,U9506,9871053541871048,1163.67,Hyderabad,2020-02-11,20:27:36,Visa,Starbucks,Success,no
TX6308334,U4864,4402236001241913,128.14,Delhi,2018-12-09,06:13:50,MasterCard,ExxonMobil,Failed,no
TX2663525,U9825,9244186578346190,934.34,Shillong,2020-12-22,09:04:24,MasterCard,ExxonMobil,Success,no
TX4323799,U22,6909016986237036,593.37,Mandya,2019-11-09,06:29:43,RuPay,Apple Store,Success,yes
TX8089690,U4647,6880412844990849,1283.05,Bangalore,2024-04-27,19:25:03,MasterCard,Walmart,Success,no
TX7908552,U1067,3996148885229880,97.44,Bangalore,2024-04-15,18:05:41,RuPay,Walmart,Success,no
TX8694954,U841,8293118372597105,1668.26,Delhi,2023-04-01,00:27:31,MasterCard,Starbucks,Success,no
TX4040361,U4064,8057108808297371,1939.55,Bangalore,2022-09-17,12:08:16,Visa,Best Buy,Success,yes
TX2726141,U3119,4530286118464398,1833.8,Kolkata,2018-05-26,14:43:04,RuPay,Apple Store,Success,no
TX8943498,U3244,3702252090536813,1514.07,Bangalore,2019-08-26,22:51:22,American Express,Walmart,Success,no
TX6973955,U1606,8365792486714110,464.27,Kolkata,2018-01-04,22:17:41,Visa,ExxonMobil,Success,no
TX5632933,U3663,0577797628971748,1930.79,Delhi,2018-05-22,22:31:46,RuPay,Flipkart,Success,no
TX1196199,U1301,6358011380642484,304.12,Chennai,2023-03-27,00:41:14,Diners Club,Amazon,Success,no
TX7300640,U7297,3262863096653695,358.38,Varanasi,2023-05-13,11:07:39,American Express,Amazon,Success,yes
TX8528605,U1930,3500917368971209,1929.37,Kolkata,2019-10-18,07:14:22,RuPay,Target,Success,yes
TX9303058,U1756,7736658177869464,480.45,Varanasi,2024-09-20,20:47:40,American Express,Walmart,Success,no
TX4239843,U4417,9226269092152158,1501.96,Udaipur,2024-12-20,01:03:40,RuPay,ExxonMobil,Success,yes
TX7972199,U1105,9238029610591245,1198.61,Goa,2018-06-30,01:24:37,Visa,Walmart,Success,no
TX6525892,U6633,9607742897237060,815.29,Chennai,2024-04-15,05:00:48,American Express,Apple Store,Success,no
TX1982079,U826,4172896867737817,1423.65,Chennai,2024-08-06,21:13:22,RuPay,Walmart,Success,no
TX3218282,U9992,4379245998210121,662.01,Darjeeling,2020-04-29,18:10:18,MasterCard,ExxonMobil,Success,no
TX3974423,U6006,2331150889792311,673.83,Chennai,2018-07-15,07:31:07,RuPay,McDonald's,Success,no
TX9274718,U889,4533626003307093,453.61,Delhi,2025-02-06,12:12:38,Diners Club,Target,Success,no
TX9580039,U2094,3577644219468748,545.46,Hyderabad,2019-06-11,01:27:21,MasterCard,Target,Failed,no
TX1770068,U3236,4343305578169999,781.49,Bangalore,2025-01-13,02:31:33,RuPay,Walmart,Success,yes
TX3852191,U7852,8547952841881802,1139.86,Jaipur,2023-09-19,13:07:13,RuPay,ExxonMobil,Success,no
TX3876996,U7491,1795332320937609,574.98,Darjeeling,2025-06-14,11:21:42,RuPay,Amazon,Failed,no
TX3430177,U7490,8918609675467545,66.29,Mandya,2021-11-02,03:44:12,American Express,Walmart,Success,yes
TX7196635,U2174,3766335167785403,1004.63,Mysore,2019-09-02,06:55:20,Diners Club,Starbucks,Success,no
TX6636120,U4208,0520703350970597,373.36,Varanasi,2021-02-24,11:45:23,American Express,Shell,Success,no
TX7783084,U6786,6978684379485009,1081.23,Kolkata,2019-08-27,18:49:35,MasterCard,Best Buy,Success,no
TX5115463,U141,9132061587659173,300.77,Mandya,2024-11-10,23:03:10,MasterCard,Amazon,Success,no
TX1509736,U4490,1010549398592141,1741.19,Leh,2022-05-16,14:02:27,American Express,Flipkart,Success,no
TX2845054,U2175,3807289039680331,1653.25,Kochi,2020-06-21,06:14:53,American Express,Shell,Success,no
TX2760909,U7123,9084938216072265,158.49,Jaipur,2018-02-11,10:55:06,RuPay,Best Buy,Success,no
TX1055220,U2732,4966962491355914,1102.59,Leh,2024-02-26,03:24:17,Visa,Target,Failed,no
TX2621035,U5184,7536154726496299,1335.18,Chennai,2022-03-09,03:56:33,Visa,Best Buy,Success,no
TX5847251,U869,3792202930436174,1633.55,Goa,2020-10-18,20:27:15,Diners Club,ExxonMobil,Success,yes
TX4850383,U4477,6219671262664168,1754.31,Chennai,2019-09-14,12:38:45,RuPay,Best Buy,Success,no
TX1727879,U3502,3737020212101663,1510.31,Mumbai,2023-06-13,04:16:59,Visa,Starbucks,Success,no
TX4861201,U482,2621117907626600,1445.26,Bangalore,2018-06-19,20:52:55,American Express,ExxonMobil,Success,no
TX1742264,U5344,4991781903710415,757.46,Goa,2023-04-30,22:53:40,Diners Club,Flipkart,Success,no
TX1675593,U1559,3690514099143757,1537.23,Mumbai,2025-01-08,03:47:48,Diners Club,Shell,Success,no
TX3683456,U177,4907133225388650,277.53,Mumbai,2019-08-20,16:44:02,RuPay,ExxonMobil,Success,no
TX7689866,U8019,6748143823450101,271.81,Chennai,2018-11-25,20:42:26,Diners Club,McDonald's,Success,yes
TX4883685,U8078,4679773265492577,1493.9,Varanasi,2023-12-05,07:17:43,Diners Club,Best Buy,Success,no
TX2498938,U3110,9213100085975662,99.43,Kochi,2018-12-01,15:47:24,American Express,Target,Success,no
TX2102231,U336,6548885798660394,1745.51,Leh,2018-11-18,10:03:34,American Express,Walmart,Success,no
TX3931212,U879,4427204050337932,1740.56,Goa,2019-04-27,05:21:28,American Express,Starbucks,Success,no
TX3972210,U4108,4177154413253247,1120.46,Kolkata,2020-02-04,14:00:13,MasterCard,Flipkart,Success,yes
TX1939828,U3770,5271970998813058,1385,Mumbai,2020-08-18,03:18:21,Visa,ExxonMobil,Failed,no
TX8846894,U1750,2499547643265166,227.51,Leh,2022-04-20,21:17:53,MasterCard,Amazon,Failed,no
TX3021029,U1927,1097329465081879,1568.01,Kochi,2021-04-04,18:26:45,Visa,Flipkart,Success,no
TX8740591,U642,9048123587346399,86.17,Leh,2021-08-15,04:53:12,American Express,Walmart,Success,no
TX9508086,U2078,8293677080682237,436.03,Darjeeling,2021-04-03,13:10:41,Diners Club,Shell,Success,no
TX4441279,U3844,4271956712581160,1373.23,Hyderabad,2021-09-04,06:30:24,American Express,Best Buy,Success,no
TX7341300,U3583,3786789846632054,313.4,Kolkata,2022-09-19,15:12:35,American Express,Shell,Failed,no
TX9042815,U8231,1441608870304277,1608.07,Varanasi,2022-04-08,12:24:53,American Express,McDonald's,Failed,no
TX3252702,U8245,1766314513968312,1188.2,Delhi,2021-08-20,09:45:50,MasterCard,Starbucks,Success,no
TX1443281,U5874,4385173968243453,996.09,Chennai,2019-12-15,01:36:20,American Express,Shell,Success,no
TX1061646,U5599,8393349022609451,1353.64,Darjeeling,2022-05-29,17:54:31,MasterCard,Shell,Success,no
TX6565086,U6120,0646956129491996,196.22,Mandya,2022-06-15,02:56:04,Diners Club,Best Buy,Failed,no
TX2121551,U4740,0811589037662744,1624.98,Delhi,2022-01-13,21:38:13,American Express,Apple Store,Success,no
TX4094251,U8993,7186280975358368,251.31,Bangalore,2019-05-06,13:35:59,American Express,Target,Failed,no
TX7176080,U948,1853361072582032,152.72,Mysore,2019-10-25,22:50:37,RuPay,Target,Success,no
TX8415652,U8544,2056669190792502,393.32,Mandya,2022-06-02,15:35:55,MasterCard,Starbucks,Success,no
TX2255087,U4716,6013042238301729,887.23,Shillong,2022-01-20,19:50:03,Diners Club,ExxonMobil,Failed,no
TX6487778,U4755,7059325070555444,206.22,Shillong,2023-09-22,20:49:58,American Express,Apple Store,Success,no
TX7057595,U8678,6221639406063290,175.9,Mumbai,2019-05-21,20:47:45,RuPay,Target,Failed,no
TX5530747,U5582,1210201050963972,1165.02,Mysore,2023-04-23,15:23:41,Visa,Shell,Success,yes
TX2651837,U8320,3366867757945987,1330.43,Kochi,2021-07-06,14:29:14,Diners Club,ExxonMobil,Failed,yes
TX3705554,U6068,3708247787497900,1122.24,Leh,2019-02-19,13:07:22,Diners Club,Target,Success,yes
TX8766909,U6793,1338383128005657,1836.85,Goa,2023-03-23,03:10:41,RuPay,Walmart,Success,no
TX3788334,U689,6855180209203857,566.18,Kochi,2018-01-01,04:38:06,American Express,Starbucks,Failed,yes
TX3624679,U4803,6504472567431834,1096.71,Chennai,2021-02-14,22:15:32,American Express,ExxonMobil,Success,no
TX4574535,U5472,4983158092260120,1262.28,Bangalore,2023-06-05,19:30:34,Diners Club,Shell,Success,no
TX1678120,U8424,4133935296011220,984.5,Bangalore,2024-07-15,03:44:44,MasterCard,Best Buy,Success,no
TX5491222,U4889,9156373070308636,687.5,Delhi,2022-10-24,01:28:40,American Express,Apple Store,Success,yes
TX6667548,U9656,2324637558300665,408.8,Darjeeling,2020-06-06,23:40:35,American Express,Amazon,Success,no
TX9136398,U4970,1680380721259379,965.54,Shillong,2022-01-18,16:38:35,American Express,ExxonMobil,Failed,no
TX6717986,U4489,7572653036581005,777.72,Bangalore,2022-09-26,05:04:06,Diners Club,Flipkart,Success,yes
TX9731618,U5901,7740243559855651,161.63,Delhi,2021-04-05,10:41:57,RuPay,Flipkart,Success,yes
TX2949991,U7912,0134681028735623,1355.02,Kochi,2020-03-29,00:27:05,American Express,Apple Store,Success,no
TX6398285,U382,6455215704819940,286.22,Mysore,2024-04-19,05:37:27,MasterCard,Target,Success,no
TX5069931,U4298,8279287458218751,1148.35,Goa,2020-09-23,12:37:55,Visa,Apple Store,Success,yes
TX4271621,U4334,8892807146617950,1178.01,Mumbai,2018-07-21,14:50:13,MasterCard,Walmart,Success,no
TX9358418,U1019,5807700803823921,1112.11,Mysore,2020-06-05,19:26:51,MasterCard,Target,Success,no
TX2757750,U1120,2019303922203664,907.91,Bangalore,2021-02-26,01:54:12,Visa,Shell,Success,no
TX7848709,U7322,3364922164865909,788.23,Goa,2023-04-28,20:17:16,American Express,Target,Failed,no
TX3613478,U2708,5525772441764612,1677.97,Delhi,2018-02-15,22:09:16,American Express,Target,Success,yes
TX6559007,U8290,0304753794138616,437.31,Delhi,2022-07-22,03:31:16,Diners Club,Apple Store,Success,yes
TX4257686,U3730,6479637575665930,1520.59,Bangalore,2024-03-26,21:01:43,RuPay,Target,Success,no
TX2715864,U2793,8971761874275372,265.81,Kolkata,2018-08-21,14:27:51,RuPay,McDonald's,Success,yes
TX4675227,U5286,5852037800476545,807.77,Goa,2022-12-15,21:59:46,Diners Club,Walmart,Success,no
TX6774527,U940,5353701638125362,465.06,Chennai,2022-10-29,07:07:34,American Express,Best Buy,Success,no
TX2328395,U9509,4987894379009622,574.02,Bangalore,2021-10-23,04:47:11,American Express,Shell,Success,yes
TX4570333,U5703,5478444067824423,1133.27,Darjeeling,2024-10-19,10:40:46,American Express,Target,Success,no
TX8927887,U4577,3228433122231082,1564.82,Kochi,2022-08-24,04:32:35,Diners Club,ExxonMobil,Success,yes
TX4830632,U1411,4028293649438279,1245.21,Goa,2025-01-02,01:40:26,Visa,ExxonMobil,Success,yes
TX9704123,U6488,8313771470607448,1267.88,Chennai,2019-06-14,17:37:16,Diners Club,Walmart,Success,no
TX7242827,U6228,5690016961283742,12.42,Mysore,2019-03-24,22:25:50,Visa,Amazon,Success,no
TX8852728,U9354,8083746378194467,938.78,Kolkata,2018-10-22,15:51:51,RuPay,Flipkart,Failed,yes
TX8197703,U4291,7127316373962499,1792.02,Bangalore,2019-09-03,21:28:45,MasterCard,McDonald's,Success,no
TX2364287,U951,5855414014226770,1583.41,Mysore,2022-03-25,09:41:08,MasterCard,McDonald's,Success,no
TX5145049,U4620,5960195528028823,1772.58,Jaipur,2018-02-07,17:43:23,RuPay,Target,Success,no
TX2422260,U4923,6825553127860960,1357.03,Goa,2024-04-24,19:27:41,Diners Club,Amazon,Success,no
TX3447515,U8499,4832656699987949,380.79,Mumbai,2022-09-21,13:16:51,MasterCard,ExxonMobil,Success,no
TX3472281,U6039,5511071079020351,251.62,Darjeeling,2019-10-29,02:19:38,MasterCard,Amazon,Success,yes
TX1435571,U4238,8073947813108457,1280.99,Chennai,2021-04-03,09:12:06,RuPay,Target,Success,yes
TX5107612,U8478,7550590000986323,1993.47,Hyderabad,2021-03-15,18:38:00,MasterCard,Target,Failed,no
TX5026572,U7283,0598419232719719,1106.1,Leh,2023-07-12,21:23:45,Diners Club,Amazon,Success,yes
TX5517213,U8778,8249165241299603,1431.9,Leh,2023-02-21,07:51:08,Visa,Amazon,Success,no
TX8188988,U3654,6693525749183567,211.36,Udaipur,2019-03-01,03:14:15,Diners Club,ExxonMobil,Success,yes
TX6197654,U8623,9133150120734979,911.32,Mumbai,2025-03-24,20:42:17,Diners Club,Flipkart,Success,no
TX2465336,U8838,2182612168375399,1414.58,Mysore,2025-04-27,04:20:45,Visa,Shell,Success,no
TX2559605,U8844,7114467143151310,1771.29,Leh,2021-01-03,17:04:14,RuPay,Amazon,Success,yes
TX2813304,U3959,0142299472455283,1312.99,Mandya,2021-03-04,02:56:09,RuPay,Amazon,Success,no
TX5809476,U7817,0725826065544888,705.43,Kolkata,2023-02-25,04:43:03,Diners Club,Target,Success,yes
TX5780451,U5802,2497762154097228,1102.77,Mysore,2019-10-26,16:37:17,Diners Club,Target,Success,no
TX6007841,U1526,2596116905714591,1991.48,Goa,2023-11-13,19:09:59,American Express,Best Buy,Failed,no
TX5452448,U1801,7021249295436266,1813.34,Chennai,2018-09-27,13:41:04,RuPay,Apple Store,Success,yes
TX4940268,U5090,1714292333144567,1428.96,Mandya,2020-07-15,08:52:38,Visa,Amazon,Success,no
TX5079113,U921,6749653320183918,538.19,Mysore,2025-03-14,21:01:25,Diners Club,Flipkart,Success,no
TX7180840,U6725,9275863986841784,76.66,Mumbai,2019-08-22,02:12:24,Visa,McDonald's,Success,no
TX1241837,U3360,0413993575143184,1334.86,Goa,2021-11-23,03:40:03,American Express,Flipkart,Success,yes
TX5019877,U6202,2164457745778827,708.25,Hyderabad,2019-02-08,07:32:24,MasterCard,Starbucks,Success,no
TX1270909,U5132,8170095188764540,252.79,Mysore,2023-10-10,23:43:23,Visa,Flipkart,Success,yes
TX2613547,U6568,8430960071226860,871.73,Hyderabad,2018-10-24,20:11:34,Visa,Best Buy,Success,no
TX6571336,U1343,0191334912997813,1752.44,Darjeeling,2024-06-25,01:46:45,MasterCard,Shell,Success,no
TX2546998,U3533,1921448374967679,523.33,Shillong,2018-10-25,13:44:55,RuPay,Walmart,Success,no
TX8131715,U3830,7641660766982058,1773.09,Delhi,2021-06-10,11:00:04,MasterCard,Starbucks,Success,no
TX4498197,U704,9359885688047570,1682.57,Kochi,2022-09-10,04:25:07,Visa,Walmart,Success,no
TX9981094,U3920,0112622150568304,1915.18,Shillong,2019-07-31,22:06:40,Visa,Walmart,Success,no
TX8167825,U7951,2125510186288161,559.36,Leh,2024-10-27,06:26:26,Visa,Shell,Success,no
TX9541643,U7979,7376851852770314,1288.84,Mandya,2020-12-29,14:16:52,MasterCard,Shell,Success,no
TX7605645,U406,3026528836466249,1291.12,Varanasi,2022-06-06,05:47:28,MasterCard,Target,Success,no
TX5780676,U5482,7913984187490575,608.17,Mumbai,2025-02-09,06:33:59,Diners Club,McDonald's,Failed,no
TX7595568,U8494,2421502401480524,910.24,Udaipur,2022-11-28,22:30:08,MasterCard,McDonald's,Success,no
TX9970879,U6436,1422688084991610,13.05,Jaipur,2025-02-21,15:05:25,American Express,Apple Store,Success,no
TX7502035,U9016,0545971467239826,305.14,Mumbai,2021-01-26,05:00:51,American Express,Best Buy,Failed,no
TX2819583,U4061,5100790349946897,272.82,Bangalore,2022-04-19,01:37:02,Diners Club,Walmart,Success,no
TX7663557,U9013,3354384874496098,821.75,Varanasi,2018-09-07,18:40:34,RuPay,Best Buy,Success,no
TX8917633,U3137,1913145091879731,208.27,Mysore,2023-08-30,05:50:25,Visa,Shell,Success,no
TX5514967,U2305,3244895084951707,70.56,Bangalore,2019-01-26,19:00:45,RuPay,Target,Success,no
TX6340638,U9908,3154618856303971,1410.85,Mumbai,2023-11-10,20:36:45,American Express,ExxonMobil,Success,no
TX8501660,U6214,1460745470474603,53.88,Shillong,2018-10-14,05:01:11,Visa,Starbucks,Success,no
TX8314968,U1784,5760050718230603,1901.96,Delhi,2021-03-08,01:26:01,MasterCard,Apple Store,Success,no
TX8146413,U4116,6421279177644039,885.63,Darjeeling,2024-12-08,12:49:23,RuPay,Target,Success,no
TX9001168,U957,5568340788753559,771.02,Shillong,2023-10-30,03:09:34,MasterCard,McDonald's,Success,yes
TX8625206,U575,7320009542485995,1732.2,Varanasi,2018-11-08,09:36:28,American Express,Best Buy,Success,no
TX2296374,U7003,1401930812264086,1691.76,Jaipur,2020-02-27,15:07:06,MasterCard,Target,Success,no
TX9638553,U4108,8937937520297648,1821.52,Darjeeling,2023-03-19,02:05:09,Visa,Flipkart,Success,no
TX2621858,U4006,8914667316785794,520.56,Mandya,2020-04-14,05:07:56,RuPay,Walmart,Success,no
TX7285953,U3343,3028484674944055,1063.98,Jaipur,2025-05-21,00:25:15,RuPay,ExxonMobil,Success,no
TX1524733,U1104,7573584008669895,1863.7,Darjeeling,2020-09-05,12:45:33,Visa,Starbucks,Success,no
TX8632076,U9344,7103627209954812,1613.08,Hyderabad,2025-03-20,21:11:41,Visa,Amazon,Success,no
TX8353696,U2314,6170845975220166,1093.33,Udaipur,2018-01-16,11:16:05,RuPay,McDonald's,Success,yes
TX9995960,U8544,1930248454646055,861.04,Delhi,2024-03-06,11:22:55,MasterCard,Starbucks,Failed,yes
TX5327299,U5197,0205148732845684,291.91,Udaipur,2019-11-27,01:08:49,Diners Club,Amazon,Success,yes
TX2283786,U6378,0820764051515724,1578.83,Mysore,2022-01-25,19:11:28,American Express,Amazon,Success,no
TX6160828,U6048,0523467167965944,992.83,Goa,2018-01-14,06:34:25,Visa,Best Buy,Failed,no
TX3223511,U912,6873947072196618,298.45,Chennai,2019-06-19,14:13:34,RuPay,Best Buy,Success,no
TX7173939,U1333,1321152400389796,891.31,Jaipur,2022-09-30,23:57:01,Visa,Apple Store,Success,no
TX8148559,U9410,8677341242801092,1931.94,Shillong,2024-11-05,22:44:46,Diners Club,Target,Success,no
TX2180877,U8428,8867631583461673,925.41,Udaipur,2023-03-14,03:37:50,American Express,McDonald's,Success,no
TX7831792,U6262,2256801667407507,1808.76,Goa,2023-06-18,04:22:04,Diners Club,Starbucks,Success,no
TX2609225,U6300,0679551128730097,1401.73,Chennai,2021-04-17,04:49:08,MasterCard,Shell,Success,no
TX5546799,U5341,7097085474367493,1826.24,Mumbai,2022-11-12,06:29:07,MasterCard,ExxonMobil,Success,no
TX2765302,U6739,6539848346139829,1357.21,Mumbai,2018-02-02,19:51:21,MasterCard,Flipkart,Failed,no
TX5025549,U1446,8839614315902533,808.98,Mandya,2019-03-18,01:14:56,MasterCard,Walmart,Failed,no
TX6271786,U6610,3520249289344376,1049.33,Leh,2022-08-08,16:34:04,Visa,McDonald's,Success,no
TX2898236,U270,7684676204427177,1562.18,Udaipur,2022-10-10,16:57:27,MasterCard,Target,Success,no
TX2638861,U5095,4982830803858853,496.53,Mumbai,2021-10-25,03:29:09,RuPay,Target,Success,no
TX4963219,U285,3883748557503707,1026.55,Chennai,2021-03-15,04:11:56,MasterCard,Target,Success,no
TX3470612,U9673,2860000491427257,808.18,Chennai,2020-09-30,08:05:01,RuPay,ExxonMobil,Success,no
TX7331499,U781,7059240400621350,1796.3,Udaipur,2019-08-06,06:59:20,Diners Club,Flipkart,Success,no
TX4520127,U8271,4066320888176614,1542.16,Kolkata,2025-04-12,18:55:05,American Express,ExxonMobil,Success,no
TX5347928,U193,3300604553164339,1305.85,Mumbai,2020-08-13,13:28:44,MasterCard,Amazon,Success,no
TX1410287,U5371,7126122078116165,659.25,Varanasi,2019-05-15,22:18:45,American Express,Flipkart,Success,no
TX6446590,U1550,6153869280097580,766.22,Hyderabad,2021-12-12,19:12:52,MasterCard,ExxonMobil,Success,no
TX1812846,U7035,4626209429197542,960.37,Mandya,2021-05-22,08:27:41,MasterCard,Amazon,Failed,yes
TX8936074,U3866,7098331665854650,1431.3,Darjeeling,2019-04-21,16:37:06,RuPay,Flipkart,Success,no
TX8560761,U8740,5532678085541636,1383.73,Hyderabad,2024-02-14,02:15:16,American Express,Target,Success,no
TX5523712,U5783,8189060334488386,577.13,Darjeeling,2023-03-14,15:43:46,Diners Club,Starbucks,Success,no
TX7111677,U4788,1989028001326923,1588.99,Mysore,2019-07-18,13:29:14,American Express,Flipkart,Success,no
TX7552184,U3753,5216026369657752,1644.9,Leh,2019-07-24,03:10:45,RuPay,ExxonMobil,Success,no
TX1113585,U9183,3352752036905785,1911.22,Mandya,2019-08-01,00:29:17,MasterCard,Flipkart,Success,no
TX6078257,U2519,0966697028353095,1557.88,Delhi,2020-12-04,20:24:20,American Express,Amazon,Success,no
TX5015391,U2307,7558333800729802,1189.38,Darjeeling,2023-12-04,13:19:22,American Express,Amazon,Success,yes
TX9728858,U5598,8088479164647538,1856.94,Darjeeling,2019-10-07,07:20:03,Diners Club,Apple Store,Failed,no
TX8616394,U2031,1312630560638208,609.74,Chennai,2022-09-14,05:49:04,Diners Club,McDonald's,Success,no
TX9409790,U9836,9735492379642235,1561.54,Goa,2025-05-12,17:33:57,Visa,Starbucks,Success,no
TX1814989,U8205,3555316386761448,198.4,Delhi,2021-12-25,21:37:08,Diners Club,Best Buy,Success,no
TX8566967,U1116,6312522767812532,1634.84,Mysore,2018-05-17,07:49:32,Diners Club,McDonald's,Success,no
TX6314372,U9101,1514532253443301,924.54,Leh,2024-04-20,11:52:43,American Express,Starbucks,Success,no
TX8305182,U4637,6284695572218298,1019.04,Darjeeling,2018-07-01,02:56:18,Visa,McDonald's,Failed,no
TX4361093,U6235,3521318739342938,651.69,Mumbai,2021-09-10,06:49:33,MasterCard,McDonald's,Success,yes
TX9381862,U9719,6624866271213960,1995.73,Leh,2021-03-23,17:37:19,MasterCard,McDonald's,Success,yes
TX1335354,U5125,8169561111740495,1300.73,Udaipur,2024-07-05,07:14:13,American Express,Best Buy,Success,yes
TX5105923,U1906,1951699410644609,744.14,Delhi,2020-01-11,18:19:16,MasterCard,Target,Success,no
TX6595775,U5316,9007221931746974,958.92,Udaipur,2023-08-25,14:08:22,RuPay,Flipkart,Success,no
TX5616304,U9502,5581954888957368,834.65,Udaipur,2018-02-11,09:27:16,Diners Club,Shell,Success,no
TX7975831,U5773,3857280346611992,1112.66,Shillong,2019-10-08,14:34:47,Diners Club,Amazon,Success,no
TX2756669,U4880,5571042588700467,1818.04,Darjeeling,2021-07-23,17:23:41,MasterCard,Walmart,Success,no
TX7434508,U7720,6813330090878284,420.18,Varanasi,2018-09-25,19:47:30,RuPay,Shell,Success,yes
TX4813939,U2338,9049492491607803,102.5,Chennai,2019-01-03,09:48:53,Visa,McDonald's,Success,yes
TX4295320,U3211,4981691418501038,1302.61,Delhi,2024-05-01,14:24:44,RuPay,Flipkart,Success,no
TX1848823,U4645,6385466158149028,214.23,Jaipur,2021-08-15,15:00:55,Diners Club,Shell,Failed,yes
TX3570486,U5866,7552951885506974,77.01,Varanasi,2020-06-29,06:19:58,MasterCard,Apple Store,Success,no
TX4311120,U6781,5461872911604064,1872.14,Kolkata,2023-10-29,17:36:41,Visa,ExxonMobil,Success,no
TX3238346,U2107,4923916663515852,186.3,Varanasi,2019-11-30,17:53:51,American Express,Starbucks,Success,no
TX1853706,U6194,3172355731215476,1653.74,Mysore,2018-06-03,17:49:26,Visa,Shell,Success,no
TX2689740,U7007,5975502291053156,1074.54,Mandya,2022-10-25,17:53:26,American Express,Walmart,Success,no
TX5135382,U1677,9308086863082325,216.87,Goa,2020-05-28,09:27:38,RuPay,Starbucks,Success,no
TX6432452,U1384,7861310072628867,1654.5,Leh,2023-09-15,04:00:38,MasterCard,Starbucks,Success,no
TX1680110,U6931,3119224616107504,1976.88,Goa,2023-04-07,07:07:57,MasterCard,Walmart,Success,no
TX2069023,U5337,3140551281179529,548.87,Mandya,2019-11-21,02:47:14,Diners Club,ExxonMobil,Success,no
TX6732766,U3058,7023183234694940,279.58,Mandya,2023-02-13,13:21:23,American Express,ExxonMobil,Failed,no
TX3253942,U2635,3528050846423261,139.07,Mandya,2022-05-14,07:13:37,MasterCard,Walmart,Success,no
TX4706801,U7070,1348499670080400,396.66,Goa,2019-09-28,18:34:24,Diners Club,Walmart,Success,no
TX7496804,U2086,0765900027354632,40.53,Goa,2019-08-26,03:21:16,Visa,Best Buy,Failed,no
TX8989872,U3483,0078645791260128,1376.82,Kolkata,2023-12-27,13:53:45,Diners Club,Apple Store,Success,no
TX7956019,U3571,3412904400655454,1772.85,Delhi,2020-04-15,06:16:38,MasterCard,Target,Failed,no
TX3696009,U1875,4427198186352469,741.79,Kochi,2021-02-19,04:16:15,Visa,Starbucks,Success,no
TX1133609,U1359,2141201652638163,1319.07,Delhi,2022-05-31,03:55:01,Diners Club,Shell,Failed,no
TX8687783,U5896,1094717682209578,1256.46,Delhi,2021-02-22,04:15:06,RuPay,Best Buy,Success,yes
TX9537793,U7451,1244389700276259,1790.13,Mysore,2019-08-05,23:49:24,Visa,Apple Store,Success,yes
TX6966152,U6171,8431662427567427,887.9,Darjeeling,2018-07-13,11:04:02,Visa,Apple Store,Success,no
TX8171811,U8852,4190994947931995,1135.01,Goa,2021-12-23,07:20:32,Diners Club,Shell,Success,no
TX5938796,U3767,4208507534388159,567.9,Chennai,2020-05-31,21:35:50,American Express,Walmart,Success,no
TX3313465,U9354,9344835850300024,881.59,Bangalore,2019-05-24,17:23:01,RuPay,McDonald's,Success,yes
TX2256013,U5796,0947491416464839,1637.19,Darjeeling,2018-07-02,19:24:22,RuPay,Shell,Success,no
TX1202312,U4892,4135359615413325,598.26,Kolkata,2021-06-26,19:24:58,RuPay,McDonald's,Success,no
TX3484343,U6010,4949752012172318,1341.68,Darjeeling,2020-11-14,21:13:46,RuPay,Amazon,Success,no
TX4108965,U89,3169235597807470,1730.88,Mumbai,2023-05-10,18:42:00,Diners Club,Shell,Success,no
TX6483100,U8424,8310952057658096,53.3,Delhi,2023-12-28,18:11:34,RuPay,ExxonMobil,Success,no
TX3720031,U5801,9516963622074296,604.26,Varanasi,2019-05-04,08:01:30,American Express,ExxonMobil,Success,no
TX7799797,U1450,5330769589539677,1385.33,Hyderabad,2022-05-10,07:49:43,Diners Club,Best Buy,Success,yes
TX8836618,U729,3785687812886797,650.76,Bangalore,2020-12-27,20:52:10,RuPay,Target,Success,no
TX2056261,U2172,9797610260310896,822.02,Shillong,2022-12-29,19:58:46,Visa,Shell,Success,no
TX6860848,U5416,5498182209795763,1075.44,Darjeeling,2020-05-20,00:56:40,Diners Club,McDonald's,Success,no
TX8076696,U9611,3786124469420132,41,Varanasi,2019-08-24,13:51:33,American Express,Flipkart,Failed,yes
TX4169037,U8273,6832565422686303,1417.66,Darjeeling,2020-01-08,02:35:21,MasterCard,Best Buy,Success,no
TX2012833,U2684,0724810444534624,1030.31,Kolkata,2024-05-20,16:08:56,MasterCard,ExxonMobil,Success,yes
TX4588294,U260,5044571140866226,1869.54,Bangalore,2021-11-30,12:44:33,Visa,ExxonMobil,Failed,no
TX8416305,U6594,8788123065634544,484.52,Hyderabad,2018-03-04,07:01:03,American Express,McDonald's,Failed,no
TX7976466,U7001,5907675881493346,1397.96,Mumbai,2018-07-22,01:59:59,MasterCard,Starbucks,Success,no
TX4547657,U5128,7822302129432686,687.32,Mandya,2022-03-23,01:45:03,Diners Club,Walmart,Failed,no
TX9124720,U2512,2818285497014063,1719.29,Udaipur,2024-12-26,17:06:18,American Express,ExxonMobil,Success,no
TX4118076,U5016,9934643468011902,207.64,Darjeeling,2021-01-26,13:15:58,Diners Club,Starbucks,Success,no
TX7822370,U9610,4097978373952951,1513.55,Mysore,2024-01-13,15:49:55,Visa,Flipkart,Success,no
TX8193562,U9179,6944665982724809,78.1,Varanasi,2023-02-09,21:39:54,Diners Club,ExxonMobil,Success,yes
TX1170579,U6143,2477985401395980,760.83,Mumbai,2023-08-25,15:21:59,MasterCard,Flipkart,Success,no
TX1437881,U339,3428665536219187,1285.03,Hyderabad,2021-03-10,23:29:58,Visa,Best Buy,Success,no
TX8202271,U8077,4098937137185360,64.21,Bangalore,2025-06-08,00:30:35,American Express,Flipkart,Success,no
TX8735658,U3063,9127826527186343,1105.48,Mysore,2025-06-03,07:23:06,RuPay,Walmart,Success,no
TX2217818,U1827,1469608637200276,1445.25,Mumbai,2024-12-18,05:53:16,Visa,Amazon,Success,no
TX6595434,U5004,2663637400085855,589.55,Delhi,2019-12-27,22:33:10,Diners Club,Walmart,Failed,no
TX3783088,U750,5978652226373899,1184.86,Delhi,2019-04-15,22:00:44,RuPay,Best Buy,Success,yes
TX9244388,U2913,5562505365517632,28.17,Delhi,2025-04-20,19:28:50,MasterCard,Walmart,Success,no
TX1008452,U3578,5986279408367867,1285.12,Hyderabad,2018-08-10,13:17:27,Diners Club,Flipkart,Success,no
TX4985022,U7788,3854547216031088,1730.31,Shillong,2019-02-04,13:10:16,American Express,Amazon,Success,yes
TX6821225,U5920,6453741421761990,930,Delhi,2022-06-28,05:37:58,RuPay,Apple Store,Success,no
TX2332211,U2619,6561380192878630,1422.2,Jaipur,2020-05-03,05:34:32,MasterCard,Best Buy,Success,no
TX7734901,U2452,7908419426595080,538.03,Mumbai,2022-05-14,11:27:21,American Express,Apple Store,Success,yes
TX9239648,U3680,1220524414125151,1524.1,Leh,2018-05-16,05:46:06,Diners Club,Starbucks,Success,no
TX8942908,U1230,3807072157575682,1681.78,Goa,2018-08-21,14:52:55,MasterCard,Shell,Success,no
TX8826179,U7288,6198285275978912,708.96,Udaipur,2022-01-03,04:53:58,RuPay,Target,Failed,no
TX2966631,U8858,3485288185159046,1101.26,Chennai,2022-06-24,15:42:34,Visa,Amazon,Failed,no
TX2347850,U903,7328235242784972,1216.64,Mysore,2022-02-16,03:55:15,MasterCard,Shell,Success,no
TX4118041,U2584,8816096666113607,1982.76,Kochi,2021-06-30,18:47:22,Diners Club,ExxonMobil,Success,no
TX3991316,U8357,3334544886903659,1089.88,Varanasi,2021-08-30,07:37:17,RuPay,ExxonMobil,Success,no
TX4002601,U3328,5332310937297206,1911.61,Mumbai,2021-08-01,20:23:59,Visa,Target,Success,no
TX7365346,U3295,3268854119803448,213.4,Kochi,2024-09-21,16:34:18,Visa,Best Buy,Failed,no
TX6066104,U8024,6865672604273596,1865.2,Hyderabad,2018-02-15,00:15:51,MasterCard,Amazon,Success,yes
TX8460512,U5875,1997873172239747,985.6,Mysore,2018-01-02,15:51:05,RuPay,Starbucks,Success,no
TX8491798,U1700,6639008858113326,1268.22,Mumbai,2021-01-06,02:24:33,Diners Club,Walmart,Success,no
TX8237679,U3403,5120367931787743,54.31,Kochi,2022-07-01,11:04:26,RuPay,Amazon,Failed,no
TX6981141,U8547,9467202191396161,914.15,Kolkata,2019-09-01,23:50:36,MasterCard,Starbucks,Success,no
TX1481814,U9913,6072661422186799,1185.44,Shillong,2022-09-24,23:30:41,Visa,Shell,Success,no
TX7726707,U5737,2716500370246188,511.02,Jaipur,2020-03-01,00:48:48,Diners Club,ExxonMobil,Success,no
TX9649807,U4262,0184601758878010,1154.88,Kolkata,2018-11-06,12:27:06,Visa,Target,Success,no
TX7580260,U7576,2364491281408368,976.34,Varanasi,2022-02-26,19:31:12,Diners Club,Shell,Success,no
TX1825820,U5746,8974787465496597,1712.24,Leh,2020-03-19,16:11:17,RuPay,McDonald's,Success,no
TX7024823,U2329,6780935397664649,1157.14,Shillong,2024-03-15,06:12:29,American Express,Target,Success,yes
TX4340300,U5875,4179584114253761,906.94,Kochi,2019-08-21,14:35:24,American Express,Apple Store,Success,no
TX1093416,U2894,7080744678550436,1119.46,Mandya,2023-09-12,07:43:46,MasterCard,Walmart,Success,no
TX6865947,U9177,2674203819838300,224.23,Bangalore,2024-03-22,15:32:54,American Express,Target,Success,yes
TX9781882,U1560,5090647685431959,838.23,Chennai,2019-01-27,05:25:34,Diners Club,Flipkart,Success,no
TX6783402,U7548,0929997035391708,1983.65,Mysore,2021-04-16,03:25:14,American Express,Best Buy,Success,no
TX4210130,U1134,7073159021454536,1419.63,Mandya,2021-06-06,00:57:49,MasterCard,Target,Success,no
TX7223476,U7244,4809823657896257,322.19,Chennai,2025-02-05,09:26:45,Diners Club,Flipkart,Success,no
TX8603744,U1396,6211375146417312,1689.78,Hyderabad,2020-01-13,09:12:29,RuPay,Shell,Success,no
TX7598182,U4201,9374331933548448,290.21,Mumbai,2024-07-12,04:32:42,MasterCard,Apple Store,Success,no
TX2691494,U7900,9303003758825036,1110.96,Jaipur,2023-07-25,03:25:56,RuPay,Walmart,Success,no
TX5443314,U8966,0563096950778027,1518.04,Delhi,2021-02-09,05:41:25,MasterCard,Amazon,Success,no
TX2643656,U4164,5639289841947488,1428.77,Leh,2021-03-02,19:14:03,RuPay,Apple Store,Success,yes
TX9395808,U6189,6434218888158208,1096.07,Mandya,2019-07-02,20:30:29,RuPay,Starbucks,Success,no
TX4291362,U8227,7251917034708308,293.29,Udaipur,2025-03-18,02:58:58,American Express,Walmart,Success,no
TX1999444,U811,9231168185426201,1806.14,Mandya,2018-06-09,11:08:58,RuPay,Target,Success,no
TX2775200,U1692,1843211165826424,970.02,Darjeeling,2021-01-09,02:44:15,Diners Club,Shell,Success,no
TX8801043,U5916,1450653498370324,543.06,Delhi,2025-02-24,08:03:34,RuPay,Starbucks,Success,no
TX5439923,U8656,4604819051770748,1331.82,Hyderabad,2020-09-13,11:49:49,Diners Club,Amazon,Success,no
TX4202365,U2644,8038745084911126,1836.55,Mumbai,2020-04-25,14:24:07,MasterCard,McDonald's,Success,yes
TX4483777,U6597,3594934758220715,1280.77,Mandya,2024-09-07,09:22:55,Diners Club,Shell,Success,no
TX7325301,U516,3191187255212251,1923.31,Mumbai,2018-12-05,14:03:59,MasterCard,McDonald's,Success,yes
TX9801580,U874,5269284429200933,390.85,Chennai,2020-05-19,17:54:47,Diners Club,Apple Store,Success,no
TX1959128,U3824,2202622241403881,1741.6,Udaipur,2018-10-26,01:34:39,Diners Club,Apple Store,Success,no
TX7917448,U6679,4082651514583024,1234.85,Mandya,2025-05-27,21:30:53,RuPay,Starbucks,Success,no
TX3184680,U8000,1715090309946548,1804.12,Varanasi,2024-12-15,02:43:56,American Express,Best Buy,Success,no
TX7024877,U3610,9372495670745426,1630.28,Hyderabad,2023-03-07,11:20:45,RuPay,Walmart,Success,yes
TX3735939,U442,3598249346830761,1636.91,Darjeeling,2020-08-15,13:08:49,RuPay,Shell,Success,no
TX8491202,U2362,8021181749492721,445.88,Goa,2024-07-26,22:44:10,RuPay,Target,Success,no
TX2334002,U2871,1846126560086131,1691.37,Kochi,2025-03-11,05:46:11,American Express,Walmart,Success,no
TX5632936,U1158,0035158115275490,1263.09,Chennai,2024-04-26,23:32:30,Visa,Apple Store,Success,no
TX4116353,U2049,3715316188575589,1886.73,Mandya,2024-10-01,13:55:53,MasterCard,McDonald's,Failed,no
TX8812166,U6529,4193386105288548,823.74,Goa,2024-02-19,15:37:16,American Express,Flipkart,Success,yes
TX9082947,U2546,8950582104513727,1505.41,Bangalore,2025-03-29,20:08:34,Diners Club,Shell,Success,no
TX9711572,U3434,0224491269401332,1771.01,Chennai,2024-07-26,07:37:13,American Express,Walmart,Success,yes
TX9193051,U2431,5017303432449107,270.84,Chennai,2024-08-25,14:38:45,American Express,Best Buy,Success,yes
TX8122967,U2052,3260784757232344,1845.6,Varanasi,2024-10-04,10:50:37,Diners Club,Starbucks,Success,no
TX1168120,U2918,5618615852525048,331.53,Mysore,2023-08-09,09:18:56,RuPay,McDonald's,Success,yes
TX3558319,U3121,2011477134143209,817.52,Udaipur,2019-04-16,07:05:16,MasterCard,Amazon,Success,no
TX3292198,U2837,8815012850421910,1917.07,Mandya,2020-06-14,18:31:00,Diners Club,Best Buy,Failed,yes
TX1603724,U9746,4948382862320367,933.01,Delhi,2022-04-12,17:45:23,MasterCard,Best Buy,Success,no
TX9667091,U5407,8202629881802546,667.06,Jaipur,2019-04-04,08:23:50,MasterCard,Starbucks,Failed,yes
TX7956160,U5406,0765568221739563,566.91,Shillong,2022-01-31,16:09:50,RuPay,Starbucks,Success,yes
TX1513169,U9078,9593270868486710,1316.14,Shillong,2022-05-19,15:59:16,Visa,ExxonMobil,Failed,no
TX2904975,U710,0771746889665985,1337.87,Delhi,2018-05-26,02:28:34,American Express,Flipkart,Success,no
TX6875925,U7362,8491497613582660,358.49,Goa,2025-01-08,11:30:47,Diners Club,Amazon,Success,no
TX2238667,U5069,2905829005881021,744.55,Kochi,2019-10-13,19:30:11,Visa,Best Buy,Success,no
TX6168714,U2021,8352993235940177,1221.83,Jaipur,2022-07-08,01:06:36,Visa,ExxonMobil,Success,yes
TX6996663,U9033,4243091262485046,1365.8,Mandya,2020-05-06,16:03:34,American Express,ExxonMobil,Failed,no
TX5614257,U243,7343014997493157,1912.6,Leh,2018-04-11,20:12:44,American Express,ExxonMobil,Success,yes
TX1612718,U2656,8693047940206836,142.65,Chennai,2022-02-07,23:19:16,American Express,Target,Success,no
TX1041594,U2050,1936327518911724,1628,Goa,2021-08-02,09:42:01,Diners Club,Amazon,Success,no
TX1175892,U4577,1161977654398840,157.98,Goa,2023-11-07,10:05:31,Visa,Amazon,Success,yes
TX6705895,U956,5274484189229754,1127.13,Darjeeling,2021-09-12,09:00:52,American Express,McDonald's,Success,no
TX3824051,U7948,0532112354617003,681.81,Goa,2020-05-27,03:32:14,Visa,Target,Success,no
TX6735055,U785,6318811131522742,1718.45,Goa,2020-06-13,19:15:27,MasterCard,Starbucks,Failed,no
TX3270181,U875,6931391769139105,1292.43,Shillong,2018-11-27,18:12:07,Diners Club,Starbucks,Failed,no
TX1687848,U7779,2036547565342513,1303.16,Leh,2018-07-31,21:22:27,Visa,Best Buy,Success,no
TX4335626,U226,2940361719475092,1117.16,Mysore,2020-03-06,09:56:04,MasterCard,Target,Success,no
TX5604050,U1796,4122434155288536,814.98,Leh,2023-11-22,04:24:15,Diners Club,Shell,Success,no
TX2519300,U2004,6906856804399481,453.42,Jaipur,2024-06-17,13:57:07,RuPay,Amazon,Failed,no
TX8030924,U6613,6041373483388309,694.72,Jaipur,2025-06-19,21:26:25,Diners Club,McDonald's,Success,no
TX4438645,U6100,7728486663324988,1790.6,Chennai,2024-03-07,01:05:10,American Express,Apple Store,Failed,no
TX7477612,U3748,0252204936378084,1542.61,Delhi,2018-11-02,19:09:59,Visa,Walmart,Success,no
TX1172337,U1586,0685388524214830,1081.95,Darjeeling,2024-04-02,11:28:14,Diners Club,Shell,Failed,no
TX4126867,U9174,4237702788374878,700.05,Varanasi,2018-01-31,22:44:41,American Express,Shell,Failed,no
TX1952044,U275,3518709799455560,1082.43,Bangalore,2025-05-04,22:41:43,American Express,Walmart,Success,no
TX7337282,U8330,0855776366835360,1773.56,Chennai,2019-03-23,03:22:17,MasterCard,McDonald's,Success,no
TX4935155,U2462,7578670690427183,206.98,Udaipur,2023-08-13,02:20:09,MasterCard,Target,Success,no
TX6688905,U6317,6258810812425457,1140.81,Kochi,2025-06-22,19:46:08,MasterCard,Shell,Success,no
TX6491096,U7862,3761292384567601,235.27,Mysore,2018-09-01,12:00:22,American Express,Target,Success,no
TX9082711,U6480,7349427487996770,1550.06,Mysore,2023-11-11,22:13:24,American Express,Target,Success,no
TX8405584,U5304,4992214311928289,980.84,Jaipur,2022-07-15,08:53:49,American Express,Target,Success,yes
TX7407064,U9860,0792603533364124,1774.46,Kochi,2025-06-16,13:01:04,MasterCard,Target,Success,no
TX7788704,U3918,9180771612249405,1581.87,Udaipur,2021-07-11,18:42:02,Visa,Apple Store,Success,no
TX8010833,U9466,9703384401009374,1575.6,Mumbai,2025-06-10,00:15:19,MasterCard,ExxonMobil,Success,yes
TX3432785,U4714,7259574833755570,307.25,Mandya,2021-12-23,23:01:00,RuPay,Flipkart,Success,no
TX1775975,U984,6583348610751329,1115.18,Delhi,2019-10-30,18:55:38,MasterCard,ExxonMobil,Success,no
TX6905014,U5865,6237232292674835,1594.83,Udaipur,2018-11-03,17:45:27,RuPay,Best Buy,Success,no
TX6968348,U8026,0266621817494510,1357.26,Mysore,2024-10-16,23:48:07,RuPay,Best Buy,Success,no
TX3282501,U3377,8058578001877857,466.35,Shillong,2021-07-28,20:16:26,RuPay,Flipkart,Failed,no
TX3768764,U4746,2036566684057885,1468.6,Hyderabad,2024-11-27,16:29:09,Diners Club,Best Buy,Success,no
TX3494798,U72,5374721736409129,1081.71,Leh,2018-10-17,16:12:26,RuPay,Apple Store,Failed,no
TX5657481,U9693,8728223348015284,1632.22,Kochi,2018-11-18,20:54:52,Diners Club,ExxonMobil,Success,no
TX2898881,U7043,0646090379989307,1573.14,Delhi,2021-04-18,04:59:17,MasterCard,ExxonMobil,Success,no
TX5420714,U6775,0866861528976745,716.86,Mandya,2021-01-16,02:07:14,American Express,Walmart,Success,no
TX5352695,U8865,7609292301207276,1890.12,Mandya,2022-07-16,10:55:05,RuPay,Target,Failed,no
TX2275333,U4923,3423569674988091,1342.25,Leh,2020-12-03,01:01:30,Diners Club,Starbucks,Failed,no
TX6569449,U9575,1672387020192411,1781.5,Goa,2019-02-07,05:50:07,Visa,Amazon,Success,no
TX8465404,U346,9074133969060434,181.24,Hyderabad,2020-05-28,15:58:22,Diners Club,Flipkart,Success,no
TX4556924,U1691,1136684221852957,680.66,Varanasi,2021-02-13,01:34:47,RuPay,Shell,Success,no
TX1529755,U5995,0479771117672079,1650.05,Varanasi,2020-02-15,04:33:25,RuPay,Walmart,Success,no
TX6990490,U3204,4828117478657196,1470.59,Shillong,2023-01-21,06:00:33,MasterCard,Shell,Success,no
TX9693006,U7195,8345081144791293,1590.92,Kochi,2022-03-13,06:17:22,Diners Club,Apple Store,Success,no
TX9136100,U2290,7869011539755518,1445.84,Udaipur,2023-06-24,00:26:09,RuPay,Target,Failed,yes
TX8280546,U647,2662350464797138,660.4,Leh,2024-06-17,12:36:48,Diners Club,Target,Success,no
TX7131389,U6609,6143607951648874,446.81,Udaipur,2025-05-18,23:10:58,American Express,Apple Store,Success,no
TX1617314,U1348,3041124576739854,972.15,Kolkata,2021-12-03,21:56:57,Visa,Shell,Success,no
TX3704675,U2178,2648593819184457,1971.97,Varanasi,2021-09-22,14:40:19,American Express,Amazon,Success,no
TX5688501,U7192,8387869065424810,1757.35,Kochi,2020-08-21,21:47:53,American Express,McDonald's,Success,no
TX4026091,U8627,7535446381857097,872.58,Udaipur,2024-01-04,05:39:53,MasterCard,Amazon,Success,no
TX8230567,U9872,3716329470287821,727.35,Udaipur,2021-08-04,00:49:14,MasterCard,ExxonMobil,Success,yes
TX3800207,U480,0502111248983852,300.75,Kolkata,2022-03-23,04:11:05,Visa,Starbucks,Success,yes
TX9844912,U104,8551179567808615,104.71,Mumbai,2024-02-10,16:14:33,MasterCard,Walmart,Success,no
TX9052692,U1009,7517983648060248,1676.83,Delhi,2021-01-18,05:31:20,MasterCard,Apple Store,Success,no
TX7699807,U3895,4732149987697341,275.84,Delhi,2023-01-25,00:24:34,MasterCard,ExxonMobil,Success,yes
TX4823897,U2039,1013960094554350,1846.62,Shillong,2019-08-05,01:29:43,Visa,Starbucks,Success,yes
TX1954615,U9212,8711362754580248,862.96,Hyderabad,2020-09-12,21:22:04,Visa,Shell,Failed,yes
TX2953971,U6691,6694308363794317,1542.36,Udaipur,2018-08-14,01:21:39,MasterCard,Flipkart,Failed,no
TX3706730,U2328,5871161653599323,1811.26,Kolkata,2020-11-05,22:40:24,RuPay,Starbucks,Success,no
TX1099734,U3927,8752074706125086,85.36,Goa,2024-04-08,07:33:51,Visa,Best Buy,Success,yes
TX3294951,U8146,7860879102050831,451.96,Bangalore,2021-07-16,10:02:44,American Express,Flipkart,Success,no
TX6148130,U8232,9549796244469361,574.15,Darjeeling,2025-01-23,03:40:12,Visa,Starbucks,Success,no
TX1982875,U1218,0918373949881227,896.58,Darjeeling,2025-04-26,09:01:55,MasterCard,ExxonMobil,Failed,no
TX4037099,U4921,3125047245682784,1134.75,Chennai,2025-05-05,12:11:29,MasterCard,Target,Success,no
TX1069131,U3504,5198638286266353,1951.64,Mandya,2023-04-19,02:15:39,MasterCard,McDonald's,Success,no
TX8775954,U1542,8577527705958715,294.34,Kolkata,2019-07-08,14:49:06,MasterCard,Shell,Success,yes
TX8136002,U8753,9829691630003143,1491.17,Darjeeling,2019-02-27,14:24:37,Visa,Target,Failed,no
TX3076164,U4847,7137754960903340,1907.6,Mumbai,2025-05-15,23:01:11,RuPay,Shell,Success,no
TX7961708,U3777,6512484714674851,502.39,Delhi,2020-11-29,11:54:16,Visa,Starbucks,Failed,yes
TX3509779,U3069,3728611415534721,22.62,Varanasi,2021-01-21,11:18:50,Visa,Best Buy,Failed,yes
TX9788736,U1676,5030190989938676,377,Varanasi,2022-05-30,11:31:40,RuPay,Walmart,Success,no
TX4138639,U4097,3048102189256587,1864.44,Varanasi,2019-05-13,23:57:20,American Express,Apple Store,Success,no
TX6511359,U1555,6945536065049027,897.88,Mandya,2018-01-03,09:33:20,Diners Club,Apple Store,Success,no
TX9444545,U8149,8893002886733430,213.97,Mumbai,2025-04-23,18:15:05,Visa,Flipkart,Success,no
TX5901024,U4096,6663079934526702,677.62,Leh,2025-02-03,17:11:08,RuPay,Shell,Success,no
TX5503990,U9907,6934955177055605,1501.81,Kolkata,2020-07-08,18:11:08,American Express,Amazon,Success,no
TX9160915,U8307,2827371272110232,1748.41,Jaipur,2020-10-09,05:19:51,RuPay,Flipkart,Success,yes
TX9915925,U9814,7868194995960048,519.25,Leh,2023-09-23,10:57:21,MasterCard,Walmart,Success,no
TX9312417,U1536,4493009879144798,1281.92,Mandya,2023-10-03,19:32:46,RuPay,Walmart,Success,no
TX4043663,U4839,7205998716714723,604.88,Shillong,2020-02-21,06:46:14,Visa,Walmart,Success,no
TX7683933,U8279,2534372960499422,737.16,Delhi,2023-08-10,03:23:27,MasterCard,ExxonMobil,Failed,no
TX6760539,U9660,5393140874315358,929.94,Goa,2020-01-27,06:54:42,American Express,Flipkart,Success,yes
TX9358528,U4561,8517530206683888,233.14,Udaipur,2020-05-04,13:55:30,Diners Club,Best Buy,Success,no
TX6447869,U3134,7814795061164795,1791.74,Bangalore,2020-08-26,02:43:08,MasterCard,Amazon,Failed,no
TX4703792,U1516,7215807850967138,630.38,Darjeeling,2021-03-11,15:38:38,MasterCard,Best Buy,Failed,no
TX3124727,U8394,2449582829109378,302.34,Bangalore,2024-08-03,21:47:52,MasterCard,Flipkart,Success,yes
TX8881913,U8278,7556229638008519,1028.82,Kochi,2019-03-29,18:44:34,American Express,ExxonMobil,Success,no
TX6962894,U8274,0508612329080993,1380.55,Bangalore,2019-05-09,06:15:51,Visa,Amazon,Success,no
TX3043245,U1430,5304201966496966,1085.45,Mysore,2019-09-25,11:14:28,RuPay,Best Buy,Success,no
TX6207160,U4226,3018136303985160,256.24,Shillong,2023-10-27,18:09:07,Diners Club,Walmart,Success,no
TX7516878,U1213,1103130426168006,1477.04,Chennai,2021-12-24,07:20:41,Visa,Best Buy,Success,no
TX5430974,U9755,5388388473324904,1837.07,Kochi,2024-03-21,19:49:38,Visa,Starbucks,Success,no
TX6195485,U6842,0441535617819000,826.03,Goa,2020-03-14,08:46:51,Diners Club,Flipkart,Success,no
TX5296540,U7578,0254376259418889,1729.74,Mandya,2019-09-22,08:22:21,MasterCard,McDonald's,Success,no
TX2302228,U6922,8630338174180304,456.47,Mandya,2024-11-04,08:27:54,American Express,Best Buy,Success,no
TX4099610,U2766,8344419433068943,1944.62,Kolkata,2019-09-29,11:22:47,American Express,Apple Store,Success,no
TX1357576,U7173,7759701194568821,199.48,Kochi,2018-07-14,10:46:12,RuPay,Apple Store,Failed,no
TX3051888,U1278,0205643307665009,345.98,Udaipur,2019-01-16,14:21:02,Visa,Walmart,Success,yes
TX4025077,U6906,1240392557657376,854.2,Bangalore,2024-10-02,12:25:39,American Express,Flipkart,Success,no
TX6737764,U9873,3387036084550268,261.48,Kochi,2024-07-03,19:15:26,MasterCard,ExxonMobil,Success,no
TX1797419,U5859,9117670111725636,1261.08,Kolkata,2022-11-12,08:57:58,RuPay,Flipkart,Success,no
TX1698199,U3270,8390185183568292,998.62,Darjeeling,2024-02-06,09:24:56,MasterCard,Shell,Success,yes
TX3001237,U2431,4993329278724831,1574.25,Kolkata,2020-02-29,08:54:41,RuPay,Walmart,Success,no
TX2189455,U420,1086892108668280,1611.68,Leh,2019-08-16,01:14:25,MasterCard,ExxonMobil,Success,no
TX7692019,U6824,1734580853177283,947.21,Chennai,2024-01-27,02:00:32,Diners Club,McDonald's,Success,yes
TX1272643,U1685,2733143344657601,445.87,Hyderabad,2023-05-04,15:07:37,American Express,Walmart,Success,no
TX3813201,U1281,6837378331161345,553.87,Kochi,2021-05-24,12:02:06,Visa,Best Buy,Success,no
TX8324641,U4402,0330996671115962,303.65,Jaipur,2022-02-07,04:35:02,RuPay,Starbucks,Success,no
TX7057919,U578,6460638887114054,815.54,Jaipur,2023-01-12,14:11:02,Diners Club,Shell,Success,yes
TX4630171,U6028,5293596450342173,1681.62,Chennai,2022-02-01,10:10:20,MasterCard,Flipkart,Failed,no
TX3554345,U1640,0306906997499327,1972.37,Bangalore,2023-08-06,21:22:11,MasterCard,Target,Success,no
TX7957490,U9486,9635897365456912,980.76,Leh,2024-12-13,06:52:53,Visa,Amazon,Success,yes
TX8560647,U901,0909383237564911,275.81,Darjeeling,2018-09-08,12:42:53,MasterCard,Flipkart,Success,no
TX4195318,U2947,3412534337618887,1343.63,Bangalore,2021-12-12,21:19:49,American Express,Shell,Success,no
TX3726801,U146,5808467468267961,1581.68,Leh,2020-10-16,16:37:01,MasterCard,Best Buy,Failed,no
TX8488824,U1641,2901346568027567,1777.73,Chennai,2025-03-09,22:31:30,Diners Club,Target,Success,no
TX9169808,U1235,7946983613270025,1590.6,Leh,2018-08-21,17:54:52,Diners Club,McDonald's,Failed,no
TX2243279,U7365,7424423764643153,1736.49,Shillong,2025-06-28,21:02:35,MasterCard,Flipkart,Success,no
TX7854401,U3596,6345221782878749,1279.52,Darjeeling,2018-06-03,17:31:46,RuPay,ExxonMobil,Success,no
TX3626670,U5892,4844867296379996,732.57,Varanasi,2023-09-14,14:54:33,MasterCard,McDonald's,Failed,no
TX4105733,U1709,5714413223223074,1646.97,Kochi,2021-12-07,04:26:07,RuPay,Apple Store,Success,no
TX7495645,U3729,3886703065095390,1853.27,Kolkata,2022-05-05,16:38:47,RuPay,Amazon,Success,no
TX4322365,U6898,2466829280103372,957.19,Varanasi,2019-12-07,14:20:15,MasterCard,ExxonMobil,Success,no
TX5037714,U2471,4010131497392015,1303.72,Shillong,2020-07-28,06:51:27,Diners Club,Best Buy,Success,yes
TX6195547,U9778,8338963991518796,1920.42,Mysore,2022-01-31,11:30:29,Visa,Flipkart,Success,no
TX4886958,U8509,5727605089893473,1151.37,Hyderabad,2024-12-02,23:20:56,Visa,Apple Store,Success,no
TX3166305,U8789,3390885437167478,1769.06,Kolkata,2018-06-03,21:16:27,Diners Club,Target,Success,no
TX8582298,U8985,5921257760656525,1586.66,Delhi,2022-10-24,22:38:25,MasterCard,Best Buy,Success,yes
TX3387220,U2706,6098785218888711,631.92,Kolkata,2024-04-14,06:06:53,MasterCard,Best Buy,Success,yes
TX3890035,U3722,2342814640310108,409.21,Darjeeling,2022-06-07,17:30:03,American Express,Best Buy,Failed,no
TX9049913,U1326,7437018612955690,785.01,Delhi,2019-06-07,02:57:56,Diners Club,McDonald's,Success,no
TX9646154,U3889,1438724340113535,645.57,Jaipur,2022-09-05,00:03:27,American Express,Apple Store,Success,yes
TX6451452,U3459,3062407003727460,566.23,Mumbai,2021-10-23,06:09:19,RuPay,Target,Success,no
TX5898263,U2199,4199703797686948,1271.31,Udaipur,2023-09-24,04:34:01,RuPay,Walmart,Success,no
TX9603141,U1808,0009287472242701,679.65,Udaipur,2023-12-28,02:11:20,MasterCard,ExxonMobil,Failed,no
TX7264897,U8553,6484436033966767,1085.31,Kolkata,2025-06-24,09:33:12,Visa,Shell,Success,no
TX4118980,U175,9665689069728453,1810.09,Varanasi,2020-07-13,21:51:58,RuPay,Best Buy,Success,no
TX2597090,U9708,1398423842752824,956.82,Mumbai,2020-07-01,14:42:50,American Express,ExxonMobil,Success,no
TX8248738,U377,5218244718439693,1738.71,Delhi,2020-01-18,17:33:12,Visa,Amazon,Success,yes
TX9687911,U6791,6835733122228904,628.31,Shillong,2020-04-09,10:54:39,Visa,McDonald's,Success,no
TX9934460,U7128,9671730016613094,1356.55,Bangalore,2022-09-01,20:19:47,American Express,ExxonMobil,Success,no
TX8056188,U6082,0259827544479274,1581.42,Mandya,2019-06-17,04:23:34,RuPay,ExxonMobil,Success,yes
TX2075251,U2579,9488456138281337,470.81,Mumbai,2020-09-24,19:01:47,RuPay,Best Buy,Success,no
TX2743992,U3235,1092979153341869,1483.45,Hyderabad,2023-05-15,08:33:02,American Express,Amazon,Failed,no
TX4793432,U6873,6608581950100631,940.68,Leh,2018-06-20,12:18:40,Visa,ExxonMobil,Failed,no
TX1400770,U2623,2035888890556967,1214.29,Darjeeling,2022-08-23,16:13:11,MasterCard,McDonald's,Success,yes
TX1495969,U8689,8454583940058523,140.55,Mandya,2020-02-12,15:13:55,RuPay,Walmart,Success,no
TX2573772,U9756,0251202352735326,1416.65,Shillong,2020-08-31,08:22:33,Visa,Best Buy,Success,no
TX8477961,U1617,0837242060758493,1802.7,Udaipur,2024-12-26,00:30:47,RuPay,McDonald's,Success,yes
TX5889620,U8839,6927787979282850,196.03,Kochi,2025-03-29,20:53:37,American Express,Amazon,Success,no
TX2954208,U211,2227495449678060,1207.73,Hyderabad,2024-11-19,11:59:58,Visa,ExxonMobil,Success,no
TX4855952,U6628,0733463158505867,195.87,Kolkata,2020-08-06,23:53:41,Diners Club,McDonald's,Success,no
TX1049276,U1722,4758118276926941,911.57,Leh,2022-11-06,17:22:51,Visa,McDonald's,Success,no
TX6511948,U8141,5059193520816956,1682.1,Leh,2020-07-18,08:09:49,Diners Club,Apple Store,Success,no
TX5401243,U4167,9679190255794384,402.96,Delhi,2019-09-17,18:17:07,Visa,Starbucks,Success,no
TX9457498,U7961,2967592624122118,1881.57,Chennai,2021-03-17,23:46:26,MasterCard,Apple Store,Success,no
TX5299494,U6056,7168514524103424,1206.9,Leh,2019-01-04,22:17:36,American Express,ExxonMobil,Success,no
TX8951535,U4692,5794410206571382,1523.49,Shillong,2021-12-02,20:53:40,American Express,Flipkart,Success,no
TX9953617,U8163,6630933377263963,1103.04,Shillong,2020-03-26,02:29:41,RuPay,Shell,Failed,yes
TX8606713,U9583,8212624718867214,1310.56,Delhi,2019-04-26,12:25:44,American Express,Walmart,Success,yes
TX7462056,U7553,2387861137469312,1621.9,Kolkata,2025-06-21,00:00:50,RuPay,Target,Success,yes
TX8362565,U2511,5234255620867288,1263.58,Varanasi,2021-11-28,01:36:28,Visa,Flipkart,Success,no
TX4569320,U3447,1720241752568810,1893.21,Mandya,2022-12-13,00:03:47,Visa,Target,Failed,no
TX7859690,U2400,4637048741943577,664.03,Mandya,2023-03-11,01:51:02,Visa,ExxonMobil,Success,no
TX3991099,U5597,8056107987102849,368.72,Mumbai,2024-02-01,21:48:11,Visa,Amazon,Success,yes
TX4261304,U4524,5316566440689225,487.48,Chennai,2022-07-14,06:46:55,Visa,Flipkart,Success,no
TX2019314,U2884,0037970553805390,583.37,Udaipur,2020-07-07,02:31:20,Visa,ExxonMobil,Success,yes
TX5005226,U125,3860024900570089,585.6,Jaipur,2019-01-02,14:29:23,Diners Club,Walmart,Success,no
TX1361199,U1621,3017299742714272,1029.52,Chennai,2019-05-29,21:49:22,Visa,Walmart,Success,no
TX5888715,U3462,0985608151370638,371.19,Kolkata,2024-01-29,11:24:40,Visa,Amazon,Success,no
TX9852932,U5670,2026730959699357,103.15,Varanasi,2020-04-01,02:40:20,MasterCard,McDonald's,Failed,no
TX7811293,U9366,1405045403319673,1331.25,Jaipur,2019-11-02,07:47:39,Diners Club,Shell,Success,no
TX4946526,U3989,6419487903659046,933.42,Shillong,2023-06-01,20:59:39,Visa,Apple Store,Success,no
TX7177044,U9602,4524476924322259,71.57,Mysore,2025-01-02,12:16:51,Visa,Apple Store,Success,no
TX6500936,U86,6625630645110507,1484.8,Mumbai,2021-09-17,20:04:54,Visa,Walmart,Failed,no
TX7780070,U1125,8929328863999970,1414.56,Leh,2024-10-07,15:26:10,Diners Club,Apple Store,Failed,no
TX4098737,U6951,1525132558365431,1418.93,Mandya,2021-06-29,14:05:29,MasterCard,Flipkart,Success,no
TX6234278,U4566,4688085757664977,1659.25,Goa,2022-10-13,21:02:58,Diners Club,Target,Success,no
TX4354318,U7258,8444472049959799,166.94,Mysore,2024-04-01,09:43:47,American Express,Target,Success,no
TX3158090,U2188,5030252435627977,1674.06,Varanasi,2018-06-13,02:23:52,American Express,Target,Failed,yes
TX6382044,U4995,5925663243612844,1982.62,Hyderabad,2020-08-11,02:21:38,Visa,Flipkart,Success,no
TX3449312,U1298,6240327454186589,601.32,Jaipur,2023-03-25,11:16:49,Diners Club,Best Buy,Success,no
TX2788175,U637,3939642030261350,548.38,Bangalore,2018-03-18,08:17:16,American Express,Target,Success,no
TX1872768,U2841,8630798603243772,309.6,Mandya,2022-12-07,23:42:18,Visa,Amazon,Success,no
TX9408852,U4623,6258240116748152,1858.18,Shillong,2020-02-09,15:25:56,American Express,Shell,Success,no
TX6408423,U4359,2966297998399908,1160.97,Mandya,2021-01-02,14:09:35,Visa,Walmart,Success,no
TX5619383,U6950,4794070543105833,392.78,Kochi,2019-12-04,00:31:33,Visa,McDonald's,Success,no
TX9321928,U4452,6593506993480168,412.9,Darjeeling,2024-10-11,12:10:29,American Express,Walmart,Success,yes
TX9726005,U5923,8662898065463190,1312.97,Bangalore,2018-03-25,10:03:32,RuPay,ExxonMobil,Success,no
TX2772700,U7429,4796970375223575,1268.91,Kochi,2019-06-10,13:36:56,Diners Club,Apple Store,Success,no
TX4523464,U6712,2677503337771164,794,Kolkata,2023-05-24,01:33:16,American Express,Shell,Success,no
TX4696120,U7867,1496140341056310,826.69,Mandya,2021-05-11,05:09:04,Diners Club,Shell,Success,no
TX1613049,U2922,1759552374317101,1285.45,Hyderabad,2022-10-21,23:25:58,Visa,ExxonMobil,Success,no
TX3100575,U1735,3059672549171903,416.02,Shillong,2024-01-10,15:41:52,Diners Club,Shell,Success,no
TX1260366,U2449,4423397431939312,469.9,Shillong,2023-02-06,11:08:01,RuPay,Best Buy,Success,yes
TX3944811,U922,0799130232940905,1182.23,Jaipur,2024-01-13,18:50:24,MasterCard,Starbucks,Success,no
TX8296605,U6236,0857180265985561,792.94,Kochi,2020-12-29,14:46:47,Diners Club,ExxonMobil,Success,no
TX9523125,U7178,3937244506370494,1856.45,Delhi,2018-05-17,17:19:35,American Express,Flipkart,Success,no
TX1976998,U2613,4323157451350418,30.04,Darjeeling,2023-05-04,03:01:26,RuPay,Target,Success,no
TX4187199,U8698,0293033555614518,1077.02,Udaipur,2021-08-27,14:04:34,RuPay,Walmart,Success,no
TX2731466,U4040,5056654129784723,895.89,Delhi,2022-11-11,10:12:08,MasterCard,Flipkart,Failed,no
TX8047986,U9014,2164463613507508,48.41,Mandya,2024-09-29,01:30:23,Visa,Best Buy,Failed,no
TX5803712,U4194,7136306071682284,1842.28,Jaipur,2020-11-18,06:00:07,Visa,Target,Success,yes
TX8106770,U1037,4668314855609682,922.86,Udaipur,2024-02-20,11:44:54,American Express,Starbucks,Success,yes
TX8115420,U220,2205624848193041,1703.53,Jaipur,2018-03-01,04:53:34,American Express,Target,Success,no
TX9990150,U990,2789724155634956,887.53,Bangalore,2020-07-14,01:04:39,Diners Club,McDonald's,Success,no
TX7125146,U8222,3480825568246566,1103.91,Kolkata,2022-08-07,15:45:53,Visa,Best Buy,Success,no
TX6891085,U5780,6525060999849670,1498.26,Jaipur,2018-12-08,07:04:30,Diners Club,Target,Success,no
TX4367764,U1544,3978700033628597,929.62,Udaipur,2024-08-05,11:13:57,MasterCard,Shell,Success,yes
TX4455750,U1170,0400326120762458,1195.72,Jaipur,2025-05-18,13:30:16,Diners Club,Starbucks,Success,no
TX9620577,U9536,6842301926204359,570.14,Leh,2022-07-04,15:47:51,American Express,Flipkart,Success,no
TX5860965,U5509,8210004765575727,1844.49,Leh,2025-02-07,03:16:47,Visa,Apple Store,Success,no
TX5193410,U2630,9887802254816677,1719.33,Leh,2024-02-02,11:04:14,Visa,Shell,Success,no
TX1832409,U9758,7862251003988389,1731.32,Mumbai,2022-08-01,09:37:26,RuPay,Apple Store,Failed,yes
TX8043838,U190,7410004326761712,1835.89,Chennai,2024-03-12,17:27:25,MasterCard,Starbucks,Success,no
TX1333781,U261,6247839161866576,1458.23,Darjeeling,2021-03-03,22:17:15,RuPay,Starbucks,Failed,no
TX2788913,U1310,0686359597418624,187.2,Udaipur,2025-04-05,14:06:49,Diners Club,Amazon,Success,no
TX9932227,U5643,8707011081097528,288.67,Varanasi,2022-03-07,12:24:35,RuPay,Apple Store,Success,no
TX8371505,U5014,9345393992348577,1642.07,Varanasi,2022-12-17,18:19:02,Diners Club,Best Buy,Success,no
TX3664163,U5059,9173664250420419,100.4,Hyderabad,2020-06-10,14:17:26,RuPay,Starbucks,Success,yes
TX4755520,U8855,5921221392226323,1852.58,Mumbai,2022-04-15,11:40:12,American Express,Flipkart,Success,no
TX2376853,U7846,8149562918136633,1813.94,Goa,2020-09-22,13:32:48,Diners Club,Starbucks,Success,no
TX5271713,U164,7480578750356526,1780.76,Hyderabad,2018-03-28,01:14:07,American Express,Walmart,Success,no
TX9408866,U9163,1299692714968614,1096.84,Mumbai,2021-08-11,16:47:14,Visa,McDonald's,Success,no
TX1568533,U5441,1996021067795550,323.09,Mandya,2018-10-25,00:21:00,MasterCard,Shell,Success,no
TX1900788,U6191,5018780828801920,1538.21,Chennai,2024-05-07,00:59:02,American Express,Apple Store,Success,no
TX9011110,U5919,1131613702042135,1519.42,Mumbai,2023-04-05,20:18:43,RuPay,McDonald's,Success,no
TX4150654,U8912,3577235120014463,570.96,Udaipur,2022-08-17,23:29:17,Visa,McDonald's,Failed,yes
TX8365463,U7698,1906784870594566,608.52,Shillong,2019-12-18,22:45:39,Diners Club,Flipkart,Success,no
TX9672408,U7918,0109714221641986,969.12,Kochi,2020-12-12,21:31:01,Visa,Target,Success,no
TX7280045,U9633,8618418479089132,836.74,Delhi,2018-03-11,21:48:09,Diners Club,Flipkart,Success,no
TX2947720,U7358,8596110522141675,287.52,Mandya,2019-10-05,19:10:50,Visa,Starbucks,Success,no
TX5713848,U6538,7310888665990849,1251.47,Bangalore,2022-02-13,09:26:03,RuPay,Shell,Success,yes
TX6627832,U9777,8725314612611334,1795.26,Udaipur,2020-07-13,23:08:32,RuPay,Starbucks,Success,no
TX9966233,U4493,7139487223767999,1785.22,Kolkata,2023-01-22,07:43:45,MasterCard,Apple Store,Success,no
TX9311974,U2964,3046683139680758,1165.72,Mandya,2018-08-22,16:52:53,American Express,Shell,Success,no
TX5308432,U4683,5379164161747529,382.16,Jaipur,2021-10-08,04:22:52,RuPay,Flipkart,Success,no
TX6925994,U7324,5311094931257888,1305.38,Kochi,2019-10-12,15:36:30,American Express,Amazon,Success,no
TX6217055,U4649,9297080215772324,743.32,Goa,2024-09-09,07:31:13,American Express,McDonald's,Success,no
TX5513209,U9905,9946928125882258,312.22,Mumbai,2024-08-16,09:06:31,Visa,Best Buy,Success,no
TX4592705,U7226,4540147506689454,478.1,Mandya,2019-02-06,16:26:45,American Express,Apple Store,Success,no
TX3397867,U3184,7762334606041171,627.92,Shillong,2019-12-08,01:29:57,Visa,Walmart,Success,yes
TX9598643,U2925,4282949506032426,741,Hyderabad,2025-04-12,12:18:53,MasterCard,Shell,Success,no
TX9117584,U3176,5005464583962377,547.9,Chennai,2019-07-07,21:09:46,American Express,Shell,Failed,no
TX1508868,U8984,3227354358660471,1795.6,Kochi,2021-05-22,18:45:29,Diners Club,Best Buy,Success,no
TX9195921,U4064,4932090455042423,339.67,Leh,2019-01-06,13:40:17,American Express,Best Buy,Success,yes
TX2825465,U7927,4359141735506875,1175.02,Mumbai,2019-02-05,15:54:11,American Express,McDonald's,Success,no
TX3062287,U8611,6962902493369334,1339.46,Udaipur,2019-06-03,07:29:55,Visa,Walmart,Success,no
TX3637024,U9186,9827017643174075,1927.32,Varanasi,2023-01-13,23:32:19,Visa,Amazon,Success,no
TX1388812,U2381,3298040663044141,226.58,Chennai,2021-07-28,11:25:59,RuPay,Shell,Success,no
TX7324149,U4826,9123735710672551,55.59,Udaipur,2021-02-01,19:12:57,MasterCard,Walmart,Success,no
TX6727983,U3799,7280982890529474,1544.1,Mandya,2024-02-02,00:02:05,MasterCard,Target,Failed,no
TX1619965,U2521,0841865213351371,1819.79,Varanasi,2018-03-04,21:39:52,MasterCard,Starbucks,Success,yes
TX1105354,U458,0783706648320125,1631.6,Delhi,2019-03-04,10:02:06,American Express,Flipkart,Success,no
TX9820327,U4408,5371274037991793,1979.17,Mandya,2022-08-22,11:31:31,American Express,Flipkart,Success,no
TX1083772,U2980,3066491857859600,555.14,Jaipur,2020-03-02,09:42:33,Diners Club,Best Buy,Success,yes
TX5299289,U6841,7292519997797685,24.72,Mumbai,2020-06-13,15:31:37,MasterCard,ExxonMobil,Success,no
TX6760480,U1358,5752669001648136,245.17,Delhi,2023-08-08,19:40:25,American Express,ExxonMobil,Success,no
TX6133225,U9384,8402447764774066,982.51,Kolkata,2022-07-29,03:08:02,RuPay,Best Buy,Success,yes
TX1856910,U1498,6472764637117641,1131.03,Bangalore,2023-04-20,14:23:44,MasterCard,Walmart,Success,yes
TX2470522,U8888,8114207634476465,1464.92,Kochi,2022-05-25,05:52:26,MasterCard,ExxonMobil,Success,no
TX2362288,U2640,5602170405018601,697.61,Darjeeling,2020-06-21,22:48:52,Diners Club,McDonald's,Success,no
TX4628601,U1141,4309304922425107,429.91,Udaipur,2022-07-28,21:32:36,American Express,McDonald's,Success,no
TX4449147,U8460,1716294374026939,1177.05,Varanasi,2023-03-26,02:21:47,RuPay,Amazon,Success,no
TX4752160,U8982,8735941053240661,921.86,Udaipur,2024-06-30,03:14:35,MasterCard,Starbucks,Success,no
TX1363913,U3306,8469853037298213,1270.38,Hyderabad,2025-04-28,02:45:27,MasterCard,Apple Store,Success,no
TX2760277,U1520,6517501723210886,85.47,Goa,2025-01-25,10:24:01,Diners Club,Starbucks,Success,no
TX6601210,U1823,7978965642804229,445.32,Darjeeling,2023-08-12,23:25:11,American Express,Amazon,Success,yes
TX4033153,U3860,4117962516327513,1141.34,Hyderabad,2021-07-24,07:01:41,American Express,Apple Store,Success,no
TX5535004,U6623,4920085922578656,404.44,Kolkata,2018-03-20,10:28:26,Visa,Target,Success,yes
TX6291929,U2268,8240150885351852,1352.4,Jaipur,2024-08-30,10:41:55,Diners Club,Shell,Success,yes
TX9065685,U4651,6715590547964904,608.92,Mumbai,2019-05-10,01:14:30,Visa,Walmart,Success,no
TX8938247,U5461,6192194766698360,800.18,Hyderabad,2019-12-15,08:02:48,Diners Club,Best Buy,Success,no
TX7351786,U584,7236615697626445,153.73,Bangalore,2021-12-19,12:32:35,RuPay,Apple Store,Failed,no
TX9701597,U2298,1369039866114036,621.1,Darjeeling,2020-04-13,17:03:13,Diners Club,Apple Store,Success,no
TX4491745,U5114,6232265904805259,725.09,Kolkata,2021-10-03,06:42:21,RuPay,Starbucks,Success,no
TX5082519,U6769,6912591520045450,829.41,Chennai,2020-03-11,12:41:34,MasterCard,Target,Failed,no
TX1518926,U3606,4732411538068952,1655.05,Bangalore,2022-09-11,06:47:55,MasterCard,Apple Store,Success,no
TX3834831,U3585,5532379426445593,1806.94,Darjeeling,2023-06-04,17:52:16,Diners Club,Shell,Success,no
TX8524116,U1310,1874540521885678,1585.98,Shillong,2022-03-12,00:00:29,Visa,Target,Failed,no
TX5037412,U4529,1522613061449984,1758.43,Kochi,2025-01-18,01:45:57,Visa,Walmart,Success,no
TX7364238,U440,0463260098657818,682.72,Chennai,2024-12-19,16:54:13,Visa,Target,Success,no
TX8707036,U2779,2991531015146225,1194.2,Jaipur,2020-03-30,15:34:53,RuPay,Amazon,Success,no
TX8888810,U9049,6839516338118232,348.77,Mandya,2020-08-13,19:35:27,MasterCard,McDonald's,Success,no
TX5020342,U2557,1849347357360286,675.43,Goa,2018-03-15,14:18:02,Visa,Best Buy,Success,no
TX2611084,U3404,0001757893817467,1899.96,Darjeeling,2018-03-17,01:36:22,MasterCard,Shell,Success,no
TX7112817,U3624,2070673748185074,1351.84,Shillong,2018-12-13,09:59:50,American Express,Apple Store,Success,no
TX7968042,U9839,2316551907203652,1259.25,Kolkata,2020-04-04,08:43:17,Diners Club,Best Buy,Success,no
TX7109224,U716,3080823831218419,642.7,Shillong,2024-08-23,10:59:29,MasterCard,Best Buy,Success,no
TX5742869,U6871,4104085541556544,1264.83,Mysore,2021-11-08,04:49:56,American Express,ExxonMobil,Success,no
TX2670559,U4598,6154518291794564,516.39,Varanasi,2024-10-11,17:39:18,Visa,McDonald's,Success,no
TX5961167,U1632,4033979951621293,104.33,Kochi,2018-01-26,09:34:04,RuPay,Target,Success,no
TX3589086,U2869,2905540131026953,1904.52,Mumbai,2024-11-24,08:56:04,Diners Club,Starbucks,Success,no
TX8776215,U5779,5092767272197717,776.69,Kolkata,2018-05-31,15:01:11,RuPay,ExxonMobil,Success,no
TX7620905,U3679,2913973767836720,296.93,Mandya,2025-06-28,08:35:49,American Express,Flipkart,Success,yes
TX4811604,U7208,7188449599454229,1948.37,Udaipur,2020-01-02,05:21:10,American Express,Shell,Success,no
TX4134140,U1758,6782296149623938,1948.43,Goa,2022-07-13,01:24:07,American Express,ExxonMobil,Success,no
TX8251163,U4992,2984209773016990,539.56,Hyderabad,2024-02-12,09:00:09,Visa,Apple Store,Success,no
TX2088830,U3062,2567436587448792,1902.79,Mysore,2024-07-17,13:35:24,Diners Club,Apple Store,Success,yes
TX1578310,U4181,3087109898937334,1703.3,Chennai,2024-05-19,03:03:43,Visa,Shell,Success,yes
TX8224550,U2875,1605382769089305,1276.67,Kolkata,2020-11-10,07:58:02,Diners Club,Flipkart,Success,no
TX9741188,U1811,8845108090417184,674.98,Hyderabad,2021-07-13,17:32:06,Visa,Best Buy,Success,no
TX1428428,U8431,4014668732351926,177.45,Kochi,2020-06-15,10:02:26,American Express,ExxonMobil,Success,no
TX3691125,U9928,3203825677966344,1055.62,Kochi,2020-04-19,21:00:01,Diners Club,Apple Store,Success,no
TX8788538,U5324,4259747342389591,1042.7,Kolkata,2019-05-26,01:36:42,American Express,Best Buy,Success,no
TX6606594,U4042,5611617227468440,1424.92,Kochi,2019-10-07,17:02:28,RuPay,Starbucks,Success,no
TX5632860,U4530,5132214935611963,1741.05,Chennai,2018-10-06,00:31:37,Visa,Apple Store,Success,no
TX1010428,U4403,3983134185845827,1162.98,Udaipur,2024-10-02,01:00:14,RuPay,Starbucks,Success,no
TX3357991,U9509,4363945693978555,944.55,Jaipur,2022-09-19,23:43:12,Visa,Starbucks,Success,no
TX8698993,U4630,5867142463014556,1821.13,Mysore,2020-09-05,15:47:20,Visa,Starbucks,Success,no
TX8603017,U9133,9944574738526567,1990.43,Kolkata,2024-10-13,17:17:09,American Express,Amazon,Failed,no
